global_id,species,source_individual_id,projection_file,n_frames,n_projection_dims,n_projection_rows,n_embedded_rows,fixed_stride_sample_rows,kmeans_sample_rows
Mus_caroli__subject__CAROLI-F-2L-741,Mus_caroli,CAROLI-F-2L-741,/Users/meganbishop/slowmodeevo/outputs/multispecies_slow_modes/global_clustering_modes/global_outputs/XY_EvenSampled_SlowModes/projections/Mus_caroli__subject__CAROLI-F-2L-741_proj.npy,432016,100,432016,432007,21601,7032
Mus_caroli__subject__CAROLI-F-L-737,Mus_caroli,CAROLI-F-L-737,/Users/meganbishop/slowmodeevo/outputs/multispecies_slow_modes/global_clustering_modes/global_outputs/XY_EvenSampled_SlowModes/projections/Mus_caroli__subject__CAROLI-F-L-737_proj.npy,648024,100,648024,648015,32401,10549
Mus_caroli__subject__CAROLI-F-L-741,Mus_caroli,CAROLI-F-L-741,/Users/meganbishop/slowmodeevo/outputs/multispecies_slow_modes/global_clustering_modes/global_outputs/XY_EvenSampled_SlowModes/projections/Mus_caroli__subject__CAROLI-F-L-741_proj.npy,648024,100,648024,648015,32401,10549
Mus_caroli__subject__CAROLI-F-LR-741,Mus_caroli,CAROLI-F-LR-741,/Users/meganbishop/slowmodeevo/outputs/multispecies_slow_modes/global_clustering_modes/global_outputs/XY_EvenSampled_SlowModes/projections/Mus_caroli__subject__CAROLI-F-LR-741_proj.npy,648024,100,648024,648015,32401,10549
Mus_caroli__subject__CAROLI-F-N-740,Mus_caroli,CAROLI-F-N-740,/Users/meganbishop/slowmodeevo/outputs/multispecies_slow_modes/global_clustering_modes/global_outputs/XY_EvenSampled_SlowModes/projections/Mus_caroli__subject__CAROLI-F-N-740_proj.npy,648024,100,648024,648015,32401,10549
Mus_caroli__subject__CAROLI-F-N-741,Mus_caroli,CAROLI-F-N-741,/Users/meganbishop/slowmodeevo/outputs/multispecies_slow_modes/global_clustering_modes/global_outputs/XY_EvenSampled_SlowModes/projections/Mus_caroli__subject__CAROLI-F-N-741_proj.npy,648024,100,648024,648015,32401,10549
Mus_caroli__subject__CAROLI-F-R-737,Mus_caroli,CAROLI-F-R-737,/Users/meganbishop/slowmodeevo/outputs/multispecies_slow_modes/global_clustering_modes/global_outputs/XY_EvenSampled_SlowModes/projections/Mus_caroli__subject__CAROLI-F-R-737_proj.npy,648024,100,648024,648015,32401,10549
Mus_caroli__subject__CAROLI-F-R-741,Mus_caroli,CAROLI-F-R-741,/Users/meganbishop/slowmodeevo/outputs/multispecies_slow_modes/global_clustering_modes/global_outputs/XY_EvenSampled_SlowModes/projections/Mus_caroli__subject__CAROLI-F-R-741_proj.npy,648024,100,648024,648015,32401,10549
Mus_caroli__subject__CAROLI-M-L-734,Mus_caroli,CAROLI-M-L-734,/Users/meganbishop/slowmodeevo/outputs/multispecies_slow_modes/global_clustering_modes/global_outputs/XY_EvenSampled_SlowModes/projections/Mus_caroli__subject__CAROLI-M-L-734_proj.npy,648024,100,648024,648015,32401,10549
Mus_caroli__subject__CAROLI-M-L-735,Mus_caroli,CAROLI-M-L-735,/Users/meganbishop/slowmodeevo/outputs/multispecies_slow_modes/global_clustering_modes/global_outputs/XY_EvenSampled_SlowModes/projections/Mus_caroli__subject__CAROLI-M-L-735_proj.npy,648024,100,648024,648015,32401,10549
Mus_caroli__subject__CAROLI-M-L-738,Mus_caroli,CAROLI-M-L-738,/Users/meganbishop/slowmodeevo/outputs/multispecies_slow_modes/global_clustering_modes/global_outputs/XY_EvenSampled_SlowModes/projections/Mus_caroli__subject__CAROLI-M-L-738_proj.npy,648024,100,648024,648015,32401,10549
Mus_caroli__subject__CAROLI-M-LR-734,Mus_caroli,CAROLI-M-LR-734,/Users/meganbishop/slowmodeevo/outputs/multispecies_slow_modes/global_clustering_modes/global_outputs/XY_EvenSampled_SlowModes/projections/Mus_caroli__subject__CAROLI-M-LR-734_proj.npy,432016,100,432016,432007,21601,7032
Mus_caroli__subject__CAROLI-M-N-739,Mus_caroli,CAROLI-M-N-739,/Users/meganbishop/slowmodeevo/outputs/multispecies_slow_modes/global_clustering_modes/global_outputs/XY_EvenSampled_SlowModes/projections/Mus_caroli__subject__CAROLI-M-N-739_proj.npy,648024,100,648024,648015,32401,10549
Mus_caroli__subject__CAROLI-M-R-734,Mus_caroli,CAROLI-M-R-734,/Users/meganbishop/slowmodeevo/outputs/multispecies_slow_modes/global_clustering_modes/global_outputs/XY_EvenSampled_SlowModes/projections/Mus_caroli__subject__CAROLI-M-R-734_proj.npy,648024,100,648024,648015,32401,10549
Mus_caroli__subject__CAROLI-M-R-738,Mus_caroli,CAROLI-M-R-738,/Users/meganbishop/slowmodeevo/outputs/multispecies_slow_modes/global_clustering_modes/global_outputs/XY_EvenSampled_SlowModes/projections/Mus_caroli__subject__CAROLI-M-R-738_proj.npy,648024,100,648024,648015,32401,10548
Mus_musculus__subject__40256.0,Mus_musculus,40256.0,/Users/meganbishop/slowmodeevo/outputs/multispecies_slow_modes/global_clustering_modes/global_outputs/XY_EvenSampled_SlowModes/projections/Mus_musculus__subject__40256.0_proj.npy,647985,100,647985,647976,32399,1142
Mus_musculus__subject__40257.0,Mus_musculus,40257.0,/Users/meganbishop/slowmodeevo/outputs/multispecies_slow_modes/global_clustering_modes/global_outputs/XY_EvenSampled_SlowModes/projections/Mus_musculus__subject__40257.0_proj.npy,647985,100,647985,647976,32399,1142
Mus_musculus__subject__40258.0,Mus_musculus,40258.0,/Users/meganbishop/slowmodeevo/outputs/multispecies_slow_modes/global_clustering_modes/global_outputs/XY_EvenSampled_SlowModes/projections/Mus_musculus__subject__40258.0_proj.npy,431990,100,431990,431981,21600,762
Mus_musculus__subject__40259.0,Mus_musculus,40259.0,/Users/meganbishop/slowmodeevo/outputs/multispecies_slow_modes/global_clustering_modes/global_outputs/XY_EvenSampled_SlowModes/projections/Mus_musculus__subject__40259.0_proj.npy,431990,100,431990,431981,21600,762
Mus_musculus__subject__40260.0,Mus_musculus,40260.0,/Users/meganbishop/slowmodeevo/outputs/multispecies_slow_modes/global_clustering_modes/global_outputs/XY_EvenSampled_SlowModes/projections/Mus_musculus__subject__40260.0_proj.npy,431990,100,431990,431981,21600,762
Mus_musculus__subject__40261.0,Mus_musculus,40261.0,/Users/meganbishop/slowmodeevo/outputs/multispecies_slow_modes/global_clustering_modes/global_outputs/XY_EvenSampled_SlowModes/projections/Mus_musculus__subject__40261.0_proj.npy,647985,100,647985,647976,32399,1142
Mus_musculus__subject__40262.0,Mus_musculus,40262.0,/Users/meganbishop/slowmodeevo/outputs/multispecies_slow_modes/global_clustering_modes/global_outputs/XY_EvenSampled_SlowModes/projections/Mus_musculus__subject__40262.0_proj.npy,647985,100,647985,647976,32399,1142
Mus_musculus__subject__40263.0,Mus_musculus,40263.0,/Users/meganbishop/slowmodeevo/outputs/multispecies_slow_modes/global_clustering_modes/global_outputs/XY_EvenSampled_SlowModes/projections/Mus_musculus__subject__40263.0_proj.npy,431990,100,431990,431981,21600,762
Mus_musculus__subject__40264.0,Mus_musculus,40264.0,/Users/meganbishop/slowmodeevo/outputs/multispecies_slow_modes/global_clustering_modes/global_outputs/XY_EvenSampled_SlowModes/projections/Mus_musculus__subject__40264.0_proj.npy,647985,100,647985,647976,32399,1142
Mus_musculus__subject__40265.0,Mus_musculus,40265.0,/Users/meganbishop/slowmodeevo/outputs/multispecies_slow_modes/global_clustering_modes/global_outputs/XY_EvenSampled_SlowModes/projections/Mus_musculus__subject__40265.0_proj.npy,215995,100,215995,215986,10800,381
Mus_musculus__subject__40266.0,Mus_musculus,40266.0,/Users/meganbishop/slowmodeevo/outputs/multispecies_slow_modes/global_clustering_modes/global_outputs/XY_EvenSampled_SlowModes/projections/Mus_musculus__subject__40266.0_proj.npy,647985,100,647985,647976,32399,1142
Mus_musculus__subject__40267.0,Mus_musculus,40267.0,/Users/meganbishop/slowmodeevo/outputs/multispecies_slow_modes/global_clustering_modes/global_outputs/XY_EvenSampled_SlowModes/projections/Mus_musculus__subject__40267.0_proj.npy,647985,100,647985,647976,32399,1142
Mus_musculus__subject__40268.0,Mus_musculus,40268.0,/Users/meganbishop/slowmodeevo/outputs/multispecies_slow_modes/global_clustering_modes/global_outputs/XY_EvenSampled_SlowModes/projections/Mus_musculus__subject__40268.0_proj.npy,647985,100,647985,647976,32399,1142
Mus_musculus__subject__40269.0,Mus_musculus,40269.0,/Users/meganbishop/slowmodeevo/outputs/multispecies_slow_modes/global_clustering_modes/global_outputs/XY_EvenSampled_SlowModes/projections/Mus_musculus__subject__40269.0_proj.npy,647985,100,647985,647976,32399,1142
Mus_musculus__subject__40270.0,Mus_musculus,40270.0,/Users/meganbishop/slowmodeevo/outputs/multispecies_slow_modes/global_clustering_modes/global_outputs/XY_EvenSampled_SlowModes/projections/Mus_musculus__subject__40270.0_proj.npy,431990,100,431990,431981,21600,762
Mus_musculus__subject__40271.0,Mus_musculus,40271.0,/Users/meganbishop/slowmodeevo/outputs/multispecies_slow_modes/global_clustering_modes/global_outputs/XY_EvenSampled_SlowModes/projections/Mus_musculus__subject__40271.0_proj.npy,647985,100,647985,647976,32399,1142
Mus_musculus__subject__CAST-F-L-CM1,Mus_musculus,CAST-F-L-CM1,/Users/meganbishop/slowmodeevo/outputs/multispecies_slow_modes/global_clustering_modes/global_outputs/XY_EvenSampled_SlowModes/projections/Mus_musculus__subject__CAST-F-L-CM1_proj.npy,1512056,100,1512056,1512047,75603,2666
Mus_musculus__subject__CAST-F-L-CM2,Mus_musculus,CAST-F-L-CM2,/Users/meganbishop/slowmodeevo/outputs/multispecies_slow_modes/global_clustering_modes/global_outputs/XY_EvenSampled_SlowModes/projections/Mus_musculus__subject__CAST-F-L-CM2_proj.npy,1512056,100,1512056,1512047,75603,2666
Mus_musculus__subject__CAST-F-LR-CM1,Mus_musculus,CAST-F-LR-CM1,/Users/meganbishop/slowmodeevo/outputs/multispecies_slow_modes/global_clustering_modes/global_outputs/XY_EvenSampled_SlowModes/projections/Mus_musculus__subject__CAST-F-LR-CM1_proj.npy,1728064,100,1728064,1728055,86403,3047
Mus_musculus__subject__CAST-F-LR-CM2,Mus_musculus,CAST-F-LR-CM2,/Users/meganbishop/slowmodeevo/outputs/multispecies_slow_modes/global_clustering_modes/global_outputs/XY_EvenSampled_SlowModes/projections/Mus_musculus__subject__CAST-F-LR-CM2_proj.npy,1728064,100,1728064,1728055,86403,3047
Mus_musculus__subject__CAST-F-N-CM1,Mus_musculus,CAST-F-N-CM1,/Users/meganbishop/slowmodeevo/outputs/multispecies_slow_modes/global_clustering_modes/global_outputs/XY_EvenSampled_SlowModes/projections/Mus_musculus__subject__CAST-F-N-CM1_proj.npy,1728064,100,1728064,1728055,86403,3047
Mus_musculus__subject__CAST-F-N-CM2,Mus_musculus,CAST-F-N-CM2,/Users/meganbishop/slowmodeevo/outputs/multispecies_slow_modes/global_clustering_modes/global_outputs/XY_EvenSampled_SlowModes/projections/Mus_musculus__subject__CAST-F-N-CM2_proj.npy,1512056,100,1512056,1512047,75603,2666
Mus_musculus__subject__CAST-F-R-CM1,Mus_musculus,CAST-F-R-CM1,/Users/meganbishop/slowmodeevo/outputs/multispecies_slow_modes/global_clustering_modes/global_outputs/XY_EvenSampled_SlowModes/projections/Mus_musculus__subject__CAST-F-R-CM1_proj.npy,1728064,100,1728064,1728055,86403,3047
Mus_musculus__subject__CAST-F-R-CM2,Mus_musculus,CAST-F-R-CM2,/Users/meganbishop/slowmodeevo/outputs/multispecies_slow_modes/global_clustering_modes/global_outputs/XY_EvenSampled_SlowModes/projections/Mus_musculus__subject__CAST-F-R-CM2_proj.npy,1728064,100,1728064,1728055,86403,3047
Mus_musculus__subject__CAST-M-L-CM3,Mus_musculus,CAST-M-L-CM3,/Users/meganbishop/slowmodeevo/outputs/multispecies_slow_modes/global_clustering_modes/global_outputs/XY_EvenSampled_SlowModes/projections/Mus_musculus__subject__CAST-M-L-CM3_proj.npy,1728064,100,1728064,1728055,86403,3047
Mus_musculus__subject__CAST-M-L-CM4,Mus_musculus,CAST-M-L-CM4,/Users/meganbishop/slowmodeevo/outputs/multispecies_slow_modes/global_clustering_modes/global_outputs/XY_EvenSampled_SlowModes/projections/Mus_musculus__subject__CAST-M-L-CM4_proj.npy,1080040,100,1080040,1080031,54002,1904
Mus_musculus__subject__CAST-M-LR-CM3,Mus_musculus,CAST-M-LR-CM3,/Users/meganbishop/slowmodeevo/outputs/multispecies_slow_modes/global_clustering_modes/global_outputs/XY_EvenSampled_SlowModes/projections/Mus_musculus__subject__CAST-M-LR-CM3_proj.npy,1728064,100,1728064,1728055,86403,3047
Mus_musculus__subject__CAST-M-LR-CM4,Mus_musculus,CAST-M-LR-CM4,/Users/meganbishop/slowmodeevo/outputs/multispecies_slow_modes/global_clustering_modes/global_outputs/XY_EvenSampled_SlowModes/projections/Mus_musculus__subject__CAST-M-LR-CM4_proj.npy,1512056,100,1512056,1512047,75603,2666
Mus_musculus__subject__CAST-M-N-CM3,Mus_musculus,CAST-M-N-CM3,/Users/meganbishop/slowmodeevo/outputs/multispecies_slow_modes/global_clustering_modes/global_outputs/XY_EvenSampled_SlowModes/projections/Mus_musculus__subject__CAST-M-N-CM3_proj.npy,1728064,100,1728064,1728055,86403,3047
Mus_musculus__subject__CAST-M-N-CM4,Mus_musculus,CAST-M-N-CM4,/Users/meganbishop/slowmodeevo/outputs/multispecies_slow_modes/global_clustering_modes/global_outputs/XY_EvenSampled_SlowModes/projections/Mus_musculus__subject__CAST-M-N-CM4_proj.npy,1512056,100,1512056,1512047,75603,2666
Mus_musculus__subject__CAST-M-R-CM3,Mus_musculus,CAST-M-R-CM3,/Users/meganbishop/slowmodeevo/outputs/multispecies_slow_modes/global_clustering_modes/global_outputs/XY_EvenSampled_SlowModes/projections/Mus_musculus__subject__CAST-M-R-CM3_proj.npy,1512056,100,1512056,1512047,75603,2666
Mus_musculus__subject__CAST-M-R-CM4,Mus_musculus,CAST-M-R-CM4,/Users/meganbishop/slowmodeevo/outputs/multispecies_slow_modes/global_clustering_modes/global_outputs/XY_EvenSampled_SlowModes/projections/Mus_musculus__subject__CAST-M-R-CM4_proj.npy,1512056,100,1512056,1512047,75603,2666
Mus_musculus__subject__DO-F-L-143,Mus_musculus,DO-F-L-143,/Users/meganbishop/slowmodeevo/outputs/multispecies_slow_modes/global_clustering_modes/global_outputs/XY_EvenSampled_SlowModes/projections/Mus_musculus__subject__DO-F-L-143_proj.npy,648024,100,648024,648015,32401,1143
Mus_musculus__subject__DO-F-L-144,Mus_musculus,DO-F-L-144,/Users/meganbishop/slowmodeevo/outputs/multispecies_slow_modes/global_clustering_modes/global_outputs/XY_EvenSampled_SlowModes/projections/Mus_musculus__subject__DO-F-L-144_proj.npy,648024,100,648024,648015,32401,1143
Mus_musculus__subject__DO-F-LR-143,Mus_musculus,DO-F-LR-143,/Users/meganbishop/slowmodeevo/outputs/multispecies_slow_modes/global_clustering_modes/global_outputs/XY_EvenSampled_SlowModes/projections/Mus_musculus__subject__DO-F-LR-143_proj.npy,648024,100,648024,648015,32401,1143
Mus_musculus__subject__DO-F-LR-144,Mus_musculus,DO-F-LR-144,/Users/meganbishop/slowmodeevo/outputs/multispecies_slow_modes/global_clustering_modes/global_outputs/XY_EvenSampled_SlowModes/projections/Mus_musculus__subject__DO-F-LR-144_proj.npy,648024,100,648024,648015,32401,1143
Mus_musculus__subject__DO-F-N-143,Mus_musculus,DO-F-N-143,/Users/meganbishop/slowmodeevo/outputs/multispecies_slow_modes/global_clustering_modes/global_outputs/XY_EvenSampled_SlowModes/projections/Mus_musculus__subject__DO-F-N-143_proj.npy,648024,100,648024,648015,32401,1143
Mus_musculus__subject__DO-F-N-144,Mus_musculus,DO-F-N-144,/Users/meganbishop/slowmodeevo/outputs/multispecies_slow_modes/global_clustering_modes/global_outputs/XY_EvenSampled_SlowModes/projections/Mus_musculus__subject__DO-F-N-144_proj.npy,648024,100,648024,648015,32401,1143
Mus_musculus__subject__DO-F-R-143,Mus_musculus,DO-F-R-143,/Users/meganbishop/slowmodeevo/outputs/multispecies_slow_modes/global_clustering_modes/global_outputs/XY_EvenSampled_SlowModes/projections/Mus_musculus__subject__DO-F-R-143_proj.npy,648024,100,648024,648015,32401,1143
Mus_musculus__subject__DO-F-R-144,Mus_musculus,DO-F-R-144,/Users/meganbishop/slowmodeevo/outputs/multispecies_slow_modes/global_clustering_modes/global_outputs/XY_EvenSampled_SlowModes/projections/Mus_musculus__subject__DO-F-R-144_proj.npy,648024,100,648024,648015,32401,1143
Mus_musculus__subject__DO-M-2L-142,Mus_musculus,DO-M-2L-142,/Users/meganbishop/slowmodeevo/outputs/multispecies_slow_modes/global_clustering_modes/global_outputs/XY_EvenSampled_SlowModes/projections/Mus_musculus__subject__DO-M-2L-142_proj.npy,648024,100,648024,648015,32401,1143
Mus_musculus__subject__DO-M-2R-142,Mus_musculus,DO-M-2R-142,/Users/meganbishop/slowmodeevo/outputs/multispecies_slow_modes/global_clustering_modes/global_outputs/XY_EvenSampled_SlowModes/projections/Mus_musculus__subject__DO-M-2R-142_proj.npy,648024,100,648024,648015,32401,1143
Mus_musculus__subject__DO-M-L-141,Mus_musculus,DO-M-L-141,/Users/meganbishop/slowmodeevo/outputs/multispecies_slow_modes/global_clustering_modes/global_outputs/XY_EvenSampled_SlowModes/projections/Mus_musculus__subject__DO-M-L-141_proj.npy,648024,100,648024,648015,32401,1142
Mus_musculus__subject__DO-M-L-142,Mus_musculus,DO-M-L-142,/Users/meganbishop/slowmodeevo/outputs/multispecies_slow_modes/global_clustering_modes/global_outputs/XY_EvenSampled_SlowModes/projections/Mus_musculus__subject__DO-M-L-142_proj.npy,648024,100,648024,648015,32401,1142
Mus_musculus__subject__DO-M-LR-141,Mus_musculus,DO-M-LR-141,/Users/meganbishop/slowmodeevo/outputs/multispecies_slow_modes/global_clustering_modes/global_outputs/XY_EvenSampled_SlowModes/projections/Mus_musculus__subject__DO-M-LR-141_proj.npy,648024,100,648024,648015,32401,1142
Mus_musculus__subject__DO-M-R-141,Mus_musculus,DO-M-R-141,/Users/meganbishop/slowmodeevo/outputs/multispecies_slow_modes/global_clustering_modes/global_outputs/XY_EvenSampled_SlowModes/projections/Mus_musculus__subject__DO-M-R-141_proj.npy,432016,100,432016,432007,21601,762
Mus_musculus__subject__DO-M-R-142,Mus_musculus,DO-M-R-142,/Users/meganbishop/slowmodeevo/outputs/multispecies_slow_modes/global_clustering_modes/global_outputs/XY_EvenSampled_SlowModes/projections/Mus_musculus__subject__DO-M-R-142_proj.npy,648024,100,648024,648015,32401,1142
Mus_musculus__subject__F1-F-L-159,Mus_musculus,F1-F-L-159,/Users/meganbishop/slowmodeevo/outputs/multispecies_slow_modes/global_clustering_modes/global_outputs/XY_EvenSampled_SlowModes/projections/Mus_musculus__subject__F1-F-L-159_proj.npy,432016,100,432016,432007,21601,762
Mus_musculus__subject__F1-F-R-159,Mus_musculus,F1-F-R-159,/Users/meganbishop/slowmodeevo/outputs/multispecies_slow_modes/global_clustering_modes/global_outputs/XY_EvenSampled_SlowModes/projections/Mus_musculus__subject__F1-F-R-159_proj.npy,648024,100,648024,648015,32401,1142
Mus_musculus__subject__F1-M-L-166,Mus_musculus,F1-M-L-166,/Users/meganbishop/slowmodeevo/outputs/multispecies_slow_modes/global_clustering_modes/global_outputs/XY_EvenSampled_SlowModes/projections/Mus_musculus__subject__F1-M-L-166_proj.npy,432016,100,432016,432007,21601,762
Mus_musculus__subject__F1-M-R-166,Mus_musculus,F1-M-R-166,/Users/meganbishop/slowmodeevo/outputs/multispecies_slow_modes/global_clustering_modes/global_outputs/XY_EvenSampled_SlowModes/projections/Mus_musculus__subject__F1-M-R-166_proj.npy,432016,100,432016,432007,21601,762
Mus_musculus__subject__MOLF-F-2L-133,Mus_musculus,MOLF-F-2L-133,/Users/meganbishop/slowmodeevo/outputs/multispecies_slow_modes/global_clustering_modes/global_outputs/XY_EvenSampled_SlowModes/projections/Mus_musculus__subject__MOLF-F-2L-133_proj.npy,1296048,100,1296048,1296039,64802,2285
Mus_musculus__subject__MOLF-F-L-131,Mus_musculus,MOLF-F-L-131,/Users/meganbishop/slowmodeevo/outputs/multispecies_slow_modes/global_clustering_modes/global_outputs/XY_EvenSampled_SlowModes/projections/Mus_musculus__subject__MOLF-F-L-131_proj.npy,1080040,100,1080040,1080031,54002,1904
Mus_musculus__subject__MOLF-F-L-133,Mus_musculus,MOLF-F-L-133,/Users/meganbishop/slowmodeevo/outputs/multispecies_slow_modes/global_clustering_modes/global_outputs/XY_EvenSampled_SlowModes/projections/Mus_musculus__subject__MOLF-F-L-133_proj.npy,1296048,100,1296048,1296039,64802,2285
Mus_musculus__subject__MOLF-F-LR-133,Mus_musculus,MOLF-F-LR-133,/Users/meganbishop/slowmodeevo/outputs/multispecies_slow_modes/global_clustering_modes/global_outputs/XY_EvenSampled_SlowModes/projections/Mus_musculus__subject__MOLF-F-LR-133_proj.npy,1728064,100,1728064,1728055,86403,3047
Mus_musculus__subject__MOLF-F-N-133,Mus_musculus,MOLF-F-N-133,/Users/meganbishop/slowmodeevo/outputs/multispecies_slow_modes/global_clustering_modes/global_outputs/XY_EvenSampled_SlowModes/projections/Mus_musculus__subject__MOLF-F-N-133_proj.npy,1296048,100,1296048,1296039,64802,2285
Mus_musculus__subject__MOLF-F-R-131,Mus_musculus,MOLF-F-R-131,/Users/meganbishop/slowmodeevo/outputs/multispecies_slow_modes/global_clustering_modes/global_outputs/XY_EvenSampled_SlowModes/projections/Mus_musculus__subject__MOLF-F-R-131_proj.npy,1296048,100,1296048,1296039,64802,2285
Mus_musculus__subject__MOLF-F-R-133,Mus_musculus,MOLF-F-R-133,/Users/meganbishop/slowmodeevo/outputs/multispecies_slow_modes/global_clustering_modes/global_outputs/XY_EvenSampled_SlowModes/projections/Mus_musculus__subject__MOLF-F-R-133_proj.npy,1296048,100,1296048,1296039,64802,2285
Mus_musculus__subject__MOLF-M-L-132,Mus_musculus,MOLF-M-L-132,/Users/meganbishop/slowmodeevo/outputs/multispecies_slow_modes/global_clustering_modes/global_outputs/XY_EvenSampled_SlowModes/projections/Mus_musculus__subject__MOLF-M-L-132_proj.npy,1512056,100,1512056,1512047,75603,2666
Mus_musculus__subject__MOLF-M-LR-132,Mus_musculus,MOLF-M-LR-132,/Users/meganbishop/slowmodeevo/outputs/multispecies_slow_modes/global_clustering_modes/global_outputs/XY_EvenSampled_SlowModes/projections/Mus_musculus__subject__MOLF-M-LR-132_proj.npy,216008,100,216008,215999,10800,381
Mus_musculus__subject__MOLF-M-N-132,Mus_musculus,MOLF-M-N-132,/Users/meganbishop/slowmodeevo/outputs/multispecies_slow_modes/global_clustering_modes/global_outputs/XY_EvenSampled_SlowModes/projections/Mus_musculus__subject__MOLF-M-N-132_proj.npy,1728064,100,1728064,1728055,86403,3047
Mus_musculus__subject__MOLF-M-R-132,Mus_musculus,MOLF-M-R-132,/Users/meganbishop/slowmodeevo/outputs/multispecies_slow_modes/global_clustering_modes/global_outputs/XY_EvenSampled_SlowModes/projections/Mus_musculus__subject__MOLF-M-R-132_proj.npy,1512056,100,1512056,1512047,75603,2666
Mus_musculus__subject__PWK-F-L-833,Mus_musculus,PWK-F-L-833,/Users/meganbishop/slowmodeevo/outputs/multispecies_slow_modes/global_clustering_modes/global_outputs/XY_EvenSampled_SlowModes/projections/Mus_musculus__subject__PWK-F-L-833_proj.npy,1296048,100,1296048,1296039,64802,2285
Mus_musculus__subject__PWK-F-L-834,Mus_musculus,PWK-F-L-834,/Users/meganbishop/slowmodeevo/outputs/multispecies_slow_modes/global_clustering_modes/global_outputs/XY_EvenSampled_SlowModes/projections/Mus_musculus__subject__PWK-F-L-834_proj.npy,1296048,100,1296048,1296039,64802,2285
Mus_musculus__subject__PWK-F-LR-833,Mus_musculus,PWK-F-LR-833,/Users/meganbishop/slowmodeevo/outputs/multispecies_slow_modes/global_clustering_modes/global_outputs/XY_EvenSampled_SlowModes/projections/Mus_musculus__subject__PWK-F-LR-833_proj.npy,1296048,100,1296048,1296039,64802,2285
Mus_musculus__subject__PWK-F-LR-834,Mus_musculus,PWK-F-LR-834,/Users/meganbishop/slowmodeevo/outputs/multispecies_slow_modes/global_clustering_modes/global_outputs/XY_EvenSampled_SlowModes/projections/Mus_musculus__subject__PWK-F-LR-834_proj.npy,1296048,100,1296048,1296039,64802,2285
Mus_musculus__subject__PWK-F-N-833,Mus_musculus,PWK-F-N-833,/Users/meganbishop/slowmodeevo/outputs/multispecies_slow_modes/global_clustering_modes/global_outputs/XY_EvenSampled_SlowModes/projections/Mus_musculus__subject__PWK-F-N-833_proj.npy,1296048,100,1296048,1296039,64802,2285
Mus_musculus__subject__PWK-F-N-834,Mus_musculus,PWK-F-N-834,/Users/meganbishop/slowmodeevo/outputs/multispecies_slow_modes/global_clustering_modes/global_outputs/XY_EvenSampled_SlowModes/projections/Mus_musculus__subject__PWK-F-N-834_proj.npy,1296048,100,1296048,1296039,64802,2285
Mus_musculus__subject__PWK-F-R-833,Mus_musculus,PWK-F-R-833,/Users/meganbishop/slowmodeevo/outputs/multispecies_slow_modes/global_clustering_modes/global_outputs/XY_EvenSampled_SlowModes/projections/Mus_musculus__subject__PWK-F-R-833_proj.npy,1080040,100,1080040,1080031,54002,1904
Mus_musculus__subject__PWK-F-R-834,Mus_musculus,PWK-F-R-834,/Users/meganbishop/slowmodeevo/outputs/multispecies_slow_modes/global_clustering_modes/global_outputs/XY_EvenSampled_SlowModes/projections/Mus_musculus__subject__PWK-F-R-834_proj.npy,1296048,100,1296048,1296039,64802,2285
Mus_musculus__subject__PWK-M-L-831,Mus_musculus,PWK-M-L-831,/Users/meganbishop/slowmodeevo/outputs/multispecies_slow_modes/global_clustering_modes/global_outputs/XY_EvenSampled_SlowModes/projections/Mus_musculus__subject__PWK-M-L-831_proj.npy,1296048,100,1296048,1296039,64802,2285
Mus_musculus__subject__PWK-M-L-832,Mus_musculus,PWK-M-L-832,/Users/meganbishop/slowmodeevo/outputs/multispecies_slow_modes/global_clustering_modes/global_outputs/XY_EvenSampled_SlowModes/projections/Mus_musculus__subject__PWK-M-L-832_proj.npy,1296048,100,1296048,1296039,64802,2285
Mus_musculus__subject__PWK-M-LR-831,Mus_musculus,PWK-M-LR-831,/Users/meganbishop/slowmodeevo/outputs/multispecies_slow_modes/global_clustering_modes/global_outputs/XY_EvenSampled_SlowModes/projections/Mus_musculus__subject__PWK-M-LR-831_proj.npy,1296048,100,1296048,1296039,64802,2285
Mus_musculus__subject__PWK-M-LR-832,Mus_musculus,PWK-M-LR-832,/Users/meganbishop/slowmodeevo/outputs/multispecies_slow_modes/global_clustering_modes/global_outputs/XY_EvenSampled_SlowModes/projections/Mus_musculus__subject__PWK-M-LR-832_proj.npy,864032,100,864032,864023,43202,1523
Mus_musculus__subject__PWK-M-N-831,Mus_musculus,PWK-M-N-831,/Users/meganbishop/slowmodeevo/outputs/multispecies_slow_modes/global_clustering_modes/global_outputs/XY_EvenSampled_SlowModes/projections/Mus_musculus__subject__PWK-M-N-831_proj.npy,1296048,100,1296048,1296039,64802,2285
Mus_musculus__subject__PWK-M-N-832,Mus_musculus,PWK-M-N-832,/Users/meganbishop/slowmodeevo/outputs/multispecies_slow_modes/global_clustering_modes/global_outputs/XY_EvenSampled_SlowModes/projections/Mus_musculus__subject__PWK-M-N-832_proj.npy,1296048,100,1296048,1296039,64802,2285
Mus_musculus__subject__PWK-M-R-831,Mus_musculus,PWK-M-R-831,/Users/meganbishop/slowmodeevo/outputs/multispecies_slow_modes/global_clustering_modes/global_outputs/XY_EvenSampled_SlowModes/projections/Mus_musculus__subject__PWK-M-R-831_proj.npy,1296048,100,1296048,1296039,64802,2285
Mus_musculus__subject__PWK-M-R-832,Mus_musculus,PWK-M-R-832,/Users/meganbishop/slowmodeevo/outputs/multispecies_slow_modes/global_clustering_modes/global_outputs/XY_EvenSampled_SlowModes/projections/Mus_musculus__subject__PWK-M-R-832_proj.npy,1296048,100,1296048,1296039,64802,2285
Mus_musculus__subject__WSB-F-L-235,Mus_musculus,WSB-F-L-235,/Users/meganbishop/slowmodeevo/outputs/multispecies_slow_modes/global_clustering_modes/global_outputs/XY_EvenSampled_SlowModes/projections/Mus_musculus__subject__WSB-F-L-235_proj.npy,216008,100,216008,215999,10800,381
Mus_musculus__subject__WSB-F-L-236,Mus_musculus,WSB-F-L-236,/Users/meganbishop/slowmodeevo/outputs/multispecies_slow_modes/global_clustering_modes/global_outputs/XY_EvenSampled_SlowModes/projections/Mus_musculus__subject__WSB-F-L-236_proj.npy,216008,100,216008,215999,10800,381
Mus_musculus__subject__WSB-F-LR-235,Mus_musculus,WSB-F-LR-235,/Users/meganbishop/slowmodeevo/outputs/multispecies_slow_modes/global_clustering_modes/global_outputs/XY_EvenSampled_SlowModes/projections/Mus_musculus__subject__WSB-F-LR-235_proj.npy,432016,100,432016,432007,21601,762
Mus_musculus__subject__WSB-F-LR-236,Mus_musculus,WSB-F-LR-236,/Users/meganbishop/slowmodeevo/outputs/multispecies_slow_modes/global_clustering_modes/global_outputs/XY_EvenSampled_SlowModes/projections/Mus_musculus__subject__WSB-F-LR-236_proj.npy,432016,100,432016,432007,21601,762
Mus_musculus__subject__WSB-F-N-235,Mus_musculus,WSB-F-N-235,/Users/meganbishop/slowmodeevo/outputs/multispecies_slow_modes/global_clustering_modes/global_outputs/XY_EvenSampled_SlowModes/projections/Mus_musculus__subject__WSB-F-N-235_proj.npy,432016,100,432016,432007,21601,762
Mus_musculus__subject__WSB-F-R-235,Mus_musculus,WSB-F-R-235,/Users/meganbishop/slowmodeevo/outputs/multispecies_slow_modes/global_clustering_modes/global_outputs/XY_EvenSampled_SlowModes/projections/Mus_musculus__subject__WSB-F-R-235_proj.npy,216008,100,216008,215999,10800,381
Mus_musculus__subject__WSB-F-R-236,Mus_musculus,WSB-F-R-236,/Users/meganbishop/slowmodeevo/outputs/multispecies_slow_modes/global_clustering_modes/global_outputs/XY_EvenSampled_SlowModes/projections/Mus_musculus__subject__WSB-F-R-236_proj.npy,216008,100,216008,215999,10800,381
Mus_musculus__subject__WSB-M-2L-234,Mus_musculus,WSB-M-2L-234,/Users/meganbishop/slowmodeevo/outputs/multispecies_slow_modes/global_clustering_modes/global_outputs/XY_EvenSampled_SlowModes/projections/Mus_musculus__subject__WSB-M-2L-234_proj.npy,432016,100,432016,432007,21601,762
Mus_musculus__subject__WSB-M-L-233,Mus_musculus,WSB-M-L-233,/Users/meganbishop/slowmodeevo/outputs/multispecies_slow_modes/global_clustering_modes/global_outputs/XY_EvenSampled_SlowModes/projections/Mus_musculus__subject__WSB-M-L-233_proj.npy,432016,100,432016,432007,21601,762
Mus_musculus__subject__WSB-M-L-234,Mus_musculus,WSB-M-L-234,/Users/meganbishop/slowmodeevo/outputs/multispecies_slow_modes/global_clustering_modes/global_outputs/XY_EvenSampled_SlowModes/projections/Mus_musculus__subject__WSB-M-L-234_proj.npy,432016,100,432016,432007,21601,762
Mus_musculus__subject__WSB-M-LR-233,Mus_musculus,WSB-M-LR-233,/Users/meganbishop/slowmodeevo/outputs/multispecies_slow_modes/global_clustering_modes/global_outputs/XY_EvenSampled_SlowModes/projections/Mus_musculus__subject__WSB-M-LR-233_proj.npy,432016,100,432016,432007,21601,762
Mus_musculus__subject__WSB-M-LR-234,Mus_musculus,WSB-M-LR-234,/Users/meganbishop/slowmodeevo/outputs/multispecies_slow_modes/global_clustering_modes/global_outputs/XY_EvenSampled_SlowModes/projections/Mus_musculus__subject__WSB-M-LR-234_proj.npy,432016,100,432016,432007,21601,762
Mus_musculus__subject__WSB-M-N-234,Mus_musculus,WSB-M-N-234,/Users/meganbishop/slowmodeevo/outputs/multispecies_slow_modes/global_clustering_modes/global_outputs/XY_EvenSampled_SlowModes/projections/Mus_musculus__subject__WSB-M-N-234_proj.npy,432016,100,432016,432007,21601,762
Mus_musculus__subject__WSB-M-R-233,Mus_musculus,WSB-M-R-233,/Users/meganbishop/slowmodeevo/outputs/multispecies_slow_modes/global_clustering_modes/global_outputs/XY_EvenSampled_SlowModes/projections/Mus_musculus__subject__WSB-M-R-233_proj.npy,432016,100,432016,432007,21601,762
Mus_musculus__subject__WSB-M-R-234,Mus_musculus,WSB-M-R-234,/Users/meganbishop/slowmodeevo/outputs/multispecies_slow_modes/global_clustering_modes/global_outputs/XY_EvenSampled_SlowModes/projections/Mus_musculus__subject__WSB-M-R-234_proj.npy,432016,100,432016,432007,21601,762
Mus_spretus__subject__SPRET-F-L-730,Mus_spretus,SPRET-F-L-730,/Users/meganbishop/slowmodeevo/outputs/multispecies_slow_modes/global_clustering_modes/global_outputs/XY_EvenSampled_SlowModes/projections/Mus_spretus__subject__SPRET-F-L-730_proj.npy,648024,100,648024,648015,32401,10080
Mus_spretus__subject__SPRET-F-L-732,Mus_spretus,SPRET-F-L-732,/Users/meganbishop/slowmodeevo/outputs/multispecies_slow_modes/global_clustering_modes/global_outputs/XY_EvenSampled_SlowModes/projections/Mus_spretus__subject__SPRET-F-L-732_proj.npy,648024,100,648024,648015,32401,10080
Mus_spretus__subject__SPRET-F-L-742,Mus_spretus,SPRET-F-L-742,/Users/meganbishop/slowmodeevo/outputs/multispecies_slow_modes/global_clustering_modes/global_outputs/XY_EvenSampled_SlowModes/projections/Mus_spretus__subject__SPRET-F-L-742_proj.npy,648024,100,648024,648015,32401,10080
Mus_spretus__subject__SPRET-F-LR-730,Mus_spretus,SPRET-F-LR-730,/Users/meganbishop/slowmodeevo/outputs/multispecies_slow_modes/global_clustering_modes/global_outputs/XY_EvenSampled_SlowModes/projections/Mus_spretus__subject__SPRET-F-LR-730_proj.npy,648024,100,648024,648015,32401,10080
Mus_spretus__subject__SPRET-F-N-731,Mus_spretus,SPRET-F-N-731,/Users/meganbishop/slowmodeevo/outputs/multispecies_slow_modes/global_clustering_modes/global_outputs/XY_EvenSampled_SlowModes/projections/Mus_spretus__subject__SPRET-F-N-731_proj.npy,432016,100,432016,432007,21601,6720
Mus_spretus__subject__SPRET-F-N-744,Mus_spretus,SPRET-F-N-744,/Users/meganbishop/slowmodeevo/outputs/multispecies_slow_modes/global_clustering_modes/global_outputs/XY_EvenSampled_SlowModes/projections/Mus_spretus__subject__SPRET-F-N-744_proj.npy,648024,100,648024,648015,32401,10080
Mus_spretus__subject__SPRET-F-N-745,Mus_spretus,SPRET-F-N-745,/Users/meganbishop/slowmodeevo/outputs/multispecies_slow_modes/global_clustering_modes/global_outputs/XY_EvenSampled_SlowModes/projections/Mus_spretus__subject__SPRET-F-N-745_proj.npy,648024,100,648024,648015,32401,10080
Mus_spretus__subject__SPRET-F-R-730,Mus_spretus,SPRET-F-R-730,/Users/meganbishop/slowmodeevo/outputs/multispecies_slow_modes/global_clustering_modes/global_outputs/XY_EvenSampled_SlowModes/projections/Mus_spretus__subject__SPRET-F-R-730_proj.npy,648024,100,648024,648015,32401,10080
Mus_spretus__subject__SPRET-F-R-732,Mus_spretus,SPRET-F-R-732,/Users/meganbishop/slowmodeevo/outputs/multispecies_slow_modes/global_clustering_modes/global_outputs/XY_EvenSampled_SlowModes/projections/Mus_spretus__subject__SPRET-F-R-732_proj.npy,648024,100,648024,648015,32401,10080
Mus_spretus__subject__SPRET-F-R-742,Mus_spretus,SPRET-F-R-742,/Users/meganbishop/slowmodeevo/outputs/multispecies_slow_modes/global_clustering_modes/global_outputs/XY_EvenSampled_SlowModes/projections/Mus_spretus__subject__SPRET-F-R-742_proj.npy,432016,100,432016,432007,21601,6720
Mus_spretus__subject__SPRET-F-R-743,Mus_spretus,SPRET-F-R-743,/Users/meganbishop/slowmodeevo/outputs/multispecies_slow_modes/global_clustering_modes/global_outputs/XY_EvenSampled_SlowModes/projections/Mus_spretus__subject__SPRET-F-R-743_proj.npy,432016,100,432016,432007,21601,6720
Mus_spretus__subject__SPRET-M-L-728,Mus_spretus,SPRET-M-L-728,/Users/meganbishop/slowmodeevo/outputs/multispecies_slow_modes/global_clustering_modes/global_outputs/XY_EvenSampled_SlowModes/projections/Mus_spretus__subject__SPRET-M-L-728_proj.npy,648024,100,648024,648015,32401,10080
Mus_spretus__subject__SPRET-M-L-729,Mus_spretus,SPRET-M-L-729,/Users/meganbishop/slowmodeevo/outputs/multispecies_slow_modes/global_clustering_modes/global_outputs/XY_EvenSampled_SlowModes/projections/Mus_spretus__subject__SPRET-M-L-729_proj.npy,648024,100,648024,648015,32401,10080
Mus_spretus__subject__SPRET-M-L-733,Mus_spretus,SPRET-M-L-733,/Users/meganbishop/slowmodeevo/outputs/multispecies_slow_modes/global_clustering_modes/global_outputs/XY_EvenSampled_SlowModes/projections/Mus_spretus__subject__SPRET-M-L-733_proj.npy,648024,100,648024,648015,32401,10080
Mus_spretus__subject__SPRET-M-R-729,Mus_spretus,SPRET-M-R-729,/Users/meganbishop/slowmodeevo/outputs/multispecies_slow_modes/global_clustering_modes/global_outputs/XY_EvenSampled_SlowModes/projections/Mus_spretus__subject__SPRET-M-R-729_proj.npy,648024,100,648024,648015,32401,10080
Mus_spretus__subject__SPRET-M-R-733,Mus_spretus,SPRET-M-R-733,/Users/meganbishop/slowmodeevo/outputs/multispecies_slow_modes/global_clustering_modes/global_outputs/XY_EvenSampled_SlowModes/projections/Mus_spretus__subject__SPRET-M-R-733_proj.npy,648024,100,648024,648015,32401,10080
Peromyscus_californicus__subject__38824.0,Peromyscus_californicus,38824.0,/Users/meganbishop/slowmodeevo/outputs/multispecies_slow_modes/global_clustering_modes/global_outputs/XY_EvenSampled_SlowModes/projections/Peromyscus_californicus__subject__38824.0_proj.npy,215995,100,215995,215986,10800,6300
Peromyscus_californicus__subject__38825.0,Peromyscus_californicus,38825.0,/Users/meganbishop/slowmodeevo/outputs/multispecies_slow_modes/global_clustering_modes/global_outputs/XY_EvenSampled_SlowModes/projections/Peromyscus_californicus__subject__38825.0_proj.npy,215995,100,215995,215986,10800,6300
Peromyscus_californicus__subject__38826.0,Peromyscus_californicus,38826.0,/Users/meganbishop/slowmodeevo/outputs/multispecies_slow_modes/global_clustering_modes/global_outputs/XY_EvenSampled_SlowModes/projections/Peromyscus_californicus__subject__38826.0_proj.npy,431990,100,431990,431981,21600,12600
Peromyscus_californicus__subject__38827.0,Peromyscus_californicus,38827.0,/Users/meganbishop/slowmodeevo/outputs/multispecies_slow_modes/global_clustering_modes/global_outputs/XY_EvenSampled_SlowModes/projections/Peromyscus_californicus__subject__38827.0_proj.npy,215995,100,215995,215986,10800,6300
Peromyscus_californicus__subject__39356.0,Peromyscus_californicus,39356.0,/Users/meganbishop/slowmodeevo/outputs/multispecies_slow_modes/global_clustering_modes/global_outputs/XY_EvenSampled_SlowModes/projections/Peromyscus_californicus__subject__39356.0_proj.npy,215995,100,215995,215986,10800,6300
Peromyscus_californicus__subject__39357.0,Peromyscus_californicus,39357.0,/Users/meganbishop/slowmodeevo/outputs/multispecies_slow_modes/global_clustering_modes/global_outputs/XY_EvenSampled_SlowModes/projections/Peromyscus_californicus__subject__39357.0_proj.npy,215995,100,215995,215986,10800,6300
Peromyscus_californicus__subject__39358.0,Peromyscus_californicus,39358.0,/Users/meganbishop/slowmodeevo/outputs/multispecies_slow_modes/global_clustering_modes/global_outputs/XY_EvenSampled_SlowModes/projections/Peromyscus_californicus__subject__39358.0_proj.npy,215995,100,215995,215986,10800,6300
Peromyscus_californicus__subject__39359.0,Peromyscus_californicus,39359.0,/Users/meganbishop/slowmodeevo/outputs/multispecies_slow_modes/global_clustering_modes/global_outputs/XY_EvenSampled_SlowModes/projections/Peromyscus_californicus__subject__39359.0_proj.npy,215995,100,215995,215986,10800,6300
Peromyscus_californicus__subject__39360.0,Peromyscus_californicus,39360.0,/Users/meganbishop/slowmodeevo/outputs/multispecies_slow_modes/global_clustering_modes/global_outputs/XY_EvenSampled_SlowModes/projections/Peromyscus_californicus__subject__39360.0_proj.npy,215995,100,215995,215986,10800,6300
Peromyscus_californicus__subject__40227.0,Peromyscus_californicus,40227.0,/Users/meganbishop/slowmodeevo/outputs/multispecies_slow_modes/global_clustering_modes/global_outputs/XY_EvenSampled_SlowModes/projections/Peromyscus_californicus__subject__40227.0_proj.npy,215995,100,215995,215986,10800,6300
Peromyscus_californicus__subject__40407.0,Peromyscus_californicus,40407.0,/Users/meganbishop/slowmodeevo/outputs/multispecies_slow_modes/global_clustering_modes/global_outputs/XY_EvenSampled_SlowModes/projections/Peromyscus_californicus__subject__40407.0_proj.npy,215995,100,215995,215986,10800,6300
Peromyscus_californicus__subject__40447.0,Peromyscus_californicus,40447.0,/Users/meganbishop/slowmodeevo/outputs/multispecies_slow_modes/global_clustering_modes/global_outputs/XY_EvenSampled_SlowModes/projections/Peromyscus_californicus__subject__40447.0_proj.npy,215995,100,215995,215986,10800,6300
Peromyscus_californicus__subject__40594.0,Peromyscus_californicus,40594.0,/Users/meganbishop/slowmodeevo/outputs/multispecies_slow_modes/global_clustering_modes/global_outputs/XY_EvenSampled_SlowModes/projections/Peromyscus_californicus__subject__40594.0_proj.npy,215995,100,215995,215986,10800,6300
Peromyscus_californicus__subject__40595.0,Peromyscus_californicus,40595.0,/Users/meganbishop/slowmodeevo/outputs/multispecies_slow_modes/global_clustering_modes/global_outputs/XY_EvenSampled_SlowModes/projections/Peromyscus_californicus__subject__40595.0_proj.npy,215995,100,215995,215986,10800,6300
Peromyscus_californicus__subject__40663.0,Peromyscus_californicus,40663.0,/Users/meganbishop/slowmodeevo/outputs/multispecies_slow_modes/global_clustering_modes/global_outputs/XY_EvenSampled_SlowModes/projections/Peromyscus_californicus__subject__40663.0_proj.npy,215995,100,215995,215986,10800,6300
Peromyscus_californicus__subject__40664.0,Peromyscus_californicus,40664.0,/Users/meganbishop/slowmodeevo/outputs/multispecies_slow_modes/global_clustering_modes/global_outputs/XY_EvenSampled_SlowModes/projections/Peromyscus_californicus__subject__40664.0_proj.npy,215995,100,215995,215986,10800,6300
Peromyscus_californicus__subject__40774.0,Peromyscus_californicus,40774.0,/Users/meganbishop/slowmodeevo/outputs/multispecies_slow_modes/global_clustering_modes/global_outputs/XY_EvenSampled_SlowModes/projections/Peromyscus_californicus__subject__40774.0_proj.npy,215995,100,215995,215986,10800,6300
Peromyscus_californicus__subject__40775.0,Peromyscus_californicus,40775.0,/Users/meganbishop/slowmodeevo/outputs/multispecies_slow_modes/global_clustering_modes/global_outputs/XY_EvenSampled_SlowModes/projections/Peromyscus_californicus__subject__40775.0_proj.npy,215995,100,215995,215986,10800,6300
Peromyscus_californicus__subject__40880.0,Peromyscus_californicus,40880.0,/Users/meganbishop/slowmodeevo/outputs/multispecies_slow_modes/global_clustering_modes/global_outputs/XY_EvenSampled_SlowModes/projections/Peromyscus_californicus__subject__40880.0_proj.npy,215995,100,215995,215986,10800,6300
Peromyscus_californicus__subject__40881.0,Peromyscus_californicus,40881.0,/Users/meganbishop/slowmodeevo/outputs/multispecies_slow_modes/global_clustering_modes/global_outputs/XY_EvenSampled_SlowModes/projections/Peromyscus_californicus__subject__40881.0_proj.npy,215995,100,215995,215986,10800,6300
Peromyscus_californicus__subject__40882.0,Peromyscus_californicus,40882.0,/Users/meganbishop/slowmodeevo/outputs/multispecies_slow_modes/global_clustering_modes/global_outputs/XY_EvenSampled_SlowModes/projections/Peromyscus_californicus__subject__40882.0_proj.npy,215995,100,215995,215986,10800,6300
Peromyscus_californicus__subject__41042.0,Peromyscus_californicus,41042.0,/Users/meganbishop/slowmodeevo/outputs/multispecies_slow_modes/global_clustering_modes/global_outputs/XY_EvenSampled_SlowModes/projections/Peromyscus_californicus__subject__41042.0_proj.npy,215995,100,215995,215986,10800,6300
Peromyscus_californicus__subject__41043.0,Peromyscus_californicus,41043.0,/Users/meganbishop/slowmodeevo/outputs/multispecies_slow_modes/global_clustering_modes/global_outputs/XY_EvenSampled_SlowModes/projections/Peromyscus_californicus__subject__41043.0_proj.npy,215995,100,215995,215986,10800,6300
Peromyscus_gossypinus__subject__37988.0,Peromyscus_gossypinus,37988.0,/Users/meganbishop/slowmodeevo/outputs/multispecies_slow_modes/global_clustering_modes/global_outputs/XY_EvenSampled_SlowModes/projections/Peromyscus_gossypinus__subject__37988.0_proj.npy,215995,100,215995,215986,10800,7560
Peromyscus_gossypinus__subject__37989.0,Peromyscus_gossypinus,37989.0,/Users/meganbishop/slowmodeevo/outputs/multispecies_slow_modes/global_clustering_modes/global_outputs/XY_EvenSampled_SlowModes/projections/Peromyscus_gossypinus__subject__37989.0_proj.npy,215995,100,215995,215986,10800,7560
Peromyscus_gossypinus__subject__37990.0,Peromyscus_gossypinus,37990.0,/Users/meganbishop/slowmodeevo/outputs/multispecies_slow_modes/global_clustering_modes/global_outputs/XY_EvenSampled_SlowModes/projections/Peromyscus_gossypinus__subject__37990.0_proj.npy,215995,100,215995,215986,10800,7560
Peromyscus_gossypinus__subject__38033.0,Peromyscus_gossypinus,38033.0,/Users/meganbishop/slowmodeevo/outputs/multispecies_slow_modes/global_clustering_modes/global_outputs/XY_EvenSampled_SlowModes/projections/Peromyscus_gossypinus__subject__38033.0_proj.npy,215995,100,215995,215986,10800,7560
Peromyscus_gossypinus__subject__38291.0,Peromyscus_gossypinus,38291.0,/Users/meganbishop/slowmodeevo/outputs/multispecies_slow_modes/global_clustering_modes/global_outputs/XY_EvenSampled_SlowModes/projections/Peromyscus_gossypinus__subject__38291.0_proj.npy,215995,100,215995,215986,10800,7560
Peromyscus_gossypinus__subject__38305.0,Peromyscus_gossypinus,38305.0,/Users/meganbishop/slowmodeevo/outputs/multispecies_slow_modes/global_clustering_modes/global_outputs/XY_EvenSampled_SlowModes/projections/Peromyscus_gossypinus__subject__38305.0_proj.npy,215995,100,215995,215986,10800,7560
Peromyscus_gossypinus__subject__38983.0,Peromyscus_gossypinus,38983.0,/Users/meganbishop/slowmodeevo/outputs/multispecies_slow_modes/global_clustering_modes/global_outputs/XY_EvenSampled_SlowModes/projections/Peromyscus_gossypinus__subject__38983.0_proj.npy,215995,100,215995,215986,10800,7560
Peromyscus_gossypinus__subject__38984.0,Peromyscus_gossypinus,38984.0,/Users/meganbishop/slowmodeevo/outputs/multispecies_slow_modes/global_clustering_modes/global_outputs/XY_EvenSampled_SlowModes/projections/Peromyscus_gossypinus__subject__38984.0_proj.npy,215995,100,215995,215986,10800,7560
Peromyscus_gossypinus__subject__38985.0,Peromyscus_gossypinus,38985.0,/Users/meganbishop/slowmodeevo/outputs/multispecies_slow_modes/global_clustering_modes/global_outputs/XY_EvenSampled_SlowModes/projections/Peromyscus_gossypinus__subject__38985.0_proj.npy,215995,100,215995,215986,10800,7560
Peromyscus_gossypinus__subject__38989.0,Peromyscus_gossypinus,38989.0,/Users/meganbishop/slowmodeevo/outputs/multispecies_slow_modes/global_clustering_modes/global_outputs/XY_EvenSampled_SlowModes/projections/Peromyscus_gossypinus__subject__38989.0_proj.npy,215995,100,215995,215986,10800,7560
Peromyscus_gossypinus__subject__38990.0,Peromyscus_gossypinus,38990.0,/Users/meganbishop/slowmodeevo/outputs/multispecies_slow_modes/global_clustering_modes/global_outputs/XY_EvenSampled_SlowModes/projections/Peromyscus_gossypinus__subject__38990.0_proj.npy,215995,100,215995,215986,10800,7560
Peromyscus_gossypinus__subject__38991.0,Peromyscus_gossypinus,38991.0,/Users/meganbishop/slowmodeevo/outputs/multispecies_slow_modes/global_clustering_modes/global_outputs/XY_EvenSampled_SlowModes/projections/Peromyscus_gossypinus__subject__38991.0_proj.npy,215995,100,215995,215986,10800,7560
Peromyscus_gossypinus__subject__38992.0,Peromyscus_gossypinus,38992.0,/Users/meganbishop/slowmodeevo/outputs/multispecies_slow_modes/global_clustering_modes/global_outputs/XY_EvenSampled_SlowModes/projections/Peromyscus_gossypinus__subject__38992.0_proj.npy,215995,100,215995,215986,10800,7560
Peromyscus_gossypinus__subject__38993.0,Peromyscus_gossypinus,38993.0,/Users/meganbishop/slowmodeevo/outputs/multispecies_slow_modes/global_clustering_modes/global_outputs/XY_EvenSampled_SlowModes/projections/Peromyscus_gossypinus__subject__38993.0_proj.npy,215995,100,215995,215986,10800,7560
Peromyscus_gossypinus__subject__39060.0,Peromyscus_gossypinus,39060.0,/Users/meganbishop/slowmodeevo/outputs/multispecies_slow_modes/global_clustering_modes/global_outputs/XY_EvenSampled_SlowModes/projections/Peromyscus_gossypinus__subject__39060.0_proj.npy,215995,100,215995,215986,10800,7560
Peromyscus_gossypinus__subject__39231.0,Peromyscus_gossypinus,39231.0,/Users/meganbishop/slowmodeevo/outputs/multispecies_slow_modes/global_clustering_modes/global_outputs/XY_EvenSampled_SlowModes/projections/Peromyscus_gossypinus__subject__39231.0_proj.npy,215995,100,215995,215986,10800,7560
Peromyscus_gossypinus__subject__39232.0,Peromyscus_gossypinus,39232.0,/Users/meganbishop/slowmodeevo/outputs/multispecies_slow_modes/global_clustering_modes/global_outputs/XY_EvenSampled_SlowModes/projections/Peromyscus_gossypinus__subject__39232.0_proj.npy,215995,100,215995,215986,10800,7560
Peromyscus_gossypinus__subject__39233.0,Peromyscus_gossypinus,39233.0,/Users/meganbishop/slowmodeevo/outputs/multispecies_slow_modes/global_clustering_modes/global_outputs/XY_EvenSampled_SlowModes/projections/Peromyscus_gossypinus__subject__39233.0_proj.npy,215995,100,215995,215986,10800,7560
Peromyscus_gossypinus__subject__39265.0,Peromyscus_gossypinus,39265.0,/Users/meganbishop/slowmodeevo/outputs/multispecies_slow_modes/global_clustering_modes/global_outputs/XY_EvenSampled_SlowModes/projections/Peromyscus_gossypinus__subject__39265.0_proj.npy,215995,100,215995,215986,10800,7560
Peromyscus_gossypinus__subject__39266.0,Peromyscus_gossypinus,39266.0,/Users/meganbishop/slowmodeevo/outputs/multispecies_slow_modes/global_clustering_modes/global_outputs/XY_EvenSampled_SlowModes/projections/Peromyscus_gossypinus__subject__39266.0_proj.npy,215995,100,215995,215986,10800,7560
Peromyscus_leucopus__subject__37991.0,Peromyscus_leucopus,37991.0,/Users/meganbishop/slowmodeevo/outputs/multispecies_slow_modes/global_clustering_modes/global_outputs/XY_EvenSampled_SlowModes/projections/Peromyscus_leucopus__subject__37991.0_proj.npy,215995,100,215995,215986,10800,10800
Peromyscus_leucopus__subject__37992.0,Peromyscus_leucopus,37992.0,/Users/meganbishop/slowmodeevo/outputs/multispecies_slow_modes/global_clustering_modes/global_outputs/XY_EvenSampled_SlowModes/projections/Peromyscus_leucopus__subject__37992.0_proj.npy,215995,100,215995,215986,10800,10800
Peromyscus_leucopus__subject__38207.0,Peromyscus_leucopus,38207.0,/Users/meganbishop/slowmodeevo/outputs/multispecies_slow_modes/global_clustering_modes/global_outputs/XY_EvenSampled_SlowModes/projections/Peromyscus_leucopus__subject__38207.0_proj.npy,215995,100,215995,215986,10800,10800
Peromyscus_leucopus__subject__38296.0,Peromyscus_leucopus,38296.0,/Users/meganbishop/slowmodeevo/outputs/multispecies_slow_modes/global_clustering_modes/global_outputs/XY_EvenSampled_SlowModes/projections/Peromyscus_leucopus__subject__38296.0_proj.npy,215995,100,215995,215986,10800,10800
Peromyscus_leucopus__subject__38297.0,Peromyscus_leucopus,38297.0,/Users/meganbishop/slowmodeevo/outputs/multispecies_slow_modes/global_clustering_modes/global_outputs/XY_EvenSampled_SlowModes/projections/Peromyscus_leucopus__subject__38297.0_proj.npy,215995,100,215995,215986,10800,10800
Peromyscus_leucopus__subject__39026.0,Peromyscus_leucopus,39026.0,/Users/meganbishop/slowmodeevo/outputs/multispecies_slow_modes/global_clustering_modes/global_outputs/XY_EvenSampled_SlowModes/projections/Peromyscus_leucopus__subject__39026.0_proj.npy,215995,100,215995,215986,10800,10800
Peromyscus_leucopus__subject__39787.0,Peromyscus_leucopus,39787.0,/Users/meganbishop/slowmodeevo/outputs/multispecies_slow_modes/global_clustering_modes/global_outputs/XY_EvenSampled_SlowModes/projections/Peromyscus_leucopus__subject__39787.0_proj.npy,215995,100,215995,215986,10800,10800
Peromyscus_leucopus__subject__39788.0,Peromyscus_leucopus,39788.0,/Users/meganbishop/slowmodeevo/outputs/multispecies_slow_modes/global_clustering_modes/global_outputs/XY_EvenSampled_SlowModes/projections/Peromyscus_leucopus__subject__39788.0_proj.npy,215995,100,215995,215986,10800,10800
Peromyscus_leucopus__subject__39811.0,Peromyscus_leucopus,39811.0,/Users/meganbishop/slowmodeevo/outputs/multispecies_slow_modes/global_clustering_modes/global_outputs/XY_EvenSampled_SlowModes/projections/Peromyscus_leucopus__subject__39811.0_proj.npy,215995,100,215995,215986,10800,10800
Peromyscus_leucopus__subject__39812.0,Peromyscus_leucopus,39812.0,/Users/meganbishop/slowmodeevo/outputs/multispecies_slow_modes/global_clustering_modes/global_outputs/XY_EvenSampled_SlowModes/projections/Peromyscus_leucopus__subject__39812.0_proj.npy,215995,100,215995,215986,10800,10800
Peromyscus_leucopus__subject__39883.0,Peromyscus_leucopus,39883.0,/Users/meganbishop/slowmodeevo/outputs/multispecies_slow_modes/global_clustering_modes/global_outputs/XY_EvenSampled_SlowModes/projections/Peromyscus_leucopus__subject__39883.0_proj.npy,215995,100,215995,215986,10800,10800
Peromyscus_leucopus__subject__40923.0,Peromyscus_leucopus,40923.0,/Users/meganbishop/slowmodeevo/outputs/multispecies_slow_modes/global_clustering_modes/global_outputs/XY_EvenSampled_SlowModes/projections/Peromyscus_leucopus__subject__40923.0_proj.npy,215995,100,215995,215986,10800,10800
Peromyscus_leucopus__subject__40926.0,Peromyscus_leucopus,40926.0,/Users/meganbishop/slowmodeevo/outputs/multispecies_slow_modes/global_clustering_modes/global_outputs/XY_EvenSampled_SlowModes/projections/Peromyscus_leucopus__subject__40926.0_proj.npy,215995,100,215995,215986,10800,10800
Peromyscus_leucopus__subject__40927.0,Peromyscus_leucopus,40927.0,/Users/meganbishop/slowmodeevo/outputs/multispecies_slow_modes/global_clustering_modes/global_outputs/XY_EvenSampled_SlowModes/projections/Peromyscus_leucopus__subject__40927.0_proj.npy,215995,100,215995,215986,10800,10800
Peromyscus_maniculatus__subject__28247.0,Peromyscus_maniculatus,28247.0,/Users/meganbishop/slowmodeevo/outputs/multispecies_slow_modes/global_clustering_modes/global_outputs/XY_EvenSampled_SlowModes/projections/Peromyscus_maniculatus__subject__28247.0_proj.npy,215995,100,215995,215986,10800,1029
Peromyscus_maniculatus__subject__28529.0,Peromyscus_maniculatus,28529.0,/Users/meganbishop/slowmodeevo/outputs/multispecies_slow_modes/global_clustering_modes/global_outputs/XY_EvenSampled_SlowModes/projections/Peromyscus_maniculatus__subject__28529.0_proj.npy,215995,100,215995,215986,10800,1029
Peromyscus_maniculatus__subject__34456.0,Peromyscus_maniculatus,34456.0,/Users/meganbishop/slowmodeevo/outputs/multispecies_slow_modes/global_clustering_modes/global_outputs/XY_EvenSampled_SlowModes/projections/Peromyscus_maniculatus__subject__34456.0_proj.npy,215995,100,215995,215986,10800,1029
Peromyscus_maniculatus__subject__34457.0,Peromyscus_maniculatus,34457.0,/Users/meganbishop/slowmodeevo/outputs/multispecies_slow_modes/global_clustering_modes/global_outputs/XY_EvenSampled_SlowModes/projections/Peromyscus_maniculatus__subject__34457.0_proj.npy,215995,100,215995,215986,10800,1029
Peromyscus_maniculatus__subject__34459.0,Peromyscus_maniculatus,34459.0,/Users/meganbishop/slowmodeevo/outputs/multispecies_slow_modes/global_clustering_modes/global_outputs/XY_EvenSampled_SlowModes/projections/Peromyscus_maniculatus__subject__34459.0_proj.npy,215995,100,215995,215986,10800,1029
Peromyscus_maniculatus__subject__37837.0,Peromyscus_maniculatus,37837.0,/Users/meganbishop/slowmodeevo/outputs/multispecies_slow_modes/global_clustering_modes/global_outputs/XY_EvenSampled_SlowModes/projections/Peromyscus_maniculatus__subject__37837.0_proj.npy,215995,100,215995,215986,10800,1029
Peromyscus_maniculatus__subject__37838.0,Peromyscus_maniculatus,37838.0,/Users/meganbishop/slowmodeevo/outputs/multispecies_slow_modes/global_clustering_modes/global_outputs/XY_EvenSampled_SlowModes/projections/Peromyscus_maniculatus__subject__37838.0_proj.npy,215995,100,215995,215986,10800,1029
Peromyscus_maniculatus__subject__37839.0,Peromyscus_maniculatus,37839.0,/Users/meganbishop/slowmodeevo/outputs/multispecies_slow_modes/global_clustering_modes/global_outputs/XY_EvenSampled_SlowModes/projections/Peromyscus_maniculatus__subject__37839.0_proj.npy,215995,100,215995,215986,10800,1029
Peromyscus_maniculatus__subject__37950.0,Peromyscus_maniculatus,37950.0,/Users/meganbishop/slowmodeevo/outputs/multispecies_slow_modes/global_clustering_modes/global_outputs/XY_EvenSampled_SlowModes/projections/Peromyscus_maniculatus__subject__37950.0_proj.npy,215995,100,215995,215986,10800,1029
Peromyscus_maniculatus__subject__37951.0,Peromyscus_maniculatus,37951.0,/Users/meganbishop/slowmodeevo/outputs/multispecies_slow_modes/global_clustering_modes/global_outputs/XY_EvenSampled_SlowModes/projections/Peromyscus_maniculatus__subject__37951.0_proj.npy,215995,100,215995,215986,10800,1029
Peromyscus_maniculatus__subject__37953.0,Peromyscus_maniculatus,37953.0,/Users/meganbishop/slowmodeevo/outputs/multispecies_slow_modes/global_clustering_modes/global_outputs/XY_EvenSampled_SlowModes/projections/Peromyscus_maniculatus__subject__37953.0_proj.npy,215995,100,215995,215986,10800,1029
Peromyscus_maniculatus__subject__37954.0,Peromyscus_maniculatus,37954.0,/Users/meganbishop/slowmodeevo/outputs/multispecies_slow_modes/global_clustering_modes/global_outputs/XY_EvenSampled_SlowModes/projections/Peromyscus_maniculatus__subject__37954.0_proj.npy,215995,100,215995,215986,10800,1029
Peromyscus_maniculatus__subject__37955.0,Peromyscus_maniculatus,37955.0,/Users/meganbishop/slowmodeevo/outputs/multispecies_slow_modes/global_clustering_modes/global_outputs/XY_EvenSampled_SlowModes/projections/Peromyscus_maniculatus__subject__37955.0_proj.npy,215995,100,215995,215986,10800,1029
Peromyscus_maniculatus__subject__37956.0,Peromyscus_maniculatus,37956.0,/Users/meganbishop/slowmodeevo/outputs/multispecies_slow_modes/global_clustering_modes/global_outputs/XY_EvenSampled_SlowModes/projections/Peromyscus_maniculatus__subject__37956.0_proj.npy,215995,100,215995,215986,10800,1029
Peromyscus_maniculatus__subject__38027.0,Peromyscus_maniculatus,38027.0,/Users/meganbishop/slowmodeevo/outputs/multispecies_slow_modes/global_clustering_modes/global_outputs/XY_EvenSampled_SlowModes/projections/Peromyscus_maniculatus__subject__38027.0_proj.npy,215995,100,215995,215986,10800,1029
Peromyscus_maniculatus__subject__38028.0,Peromyscus_maniculatus,38028.0,/Users/meganbishop/slowmodeevo/outputs/multispecies_slow_modes/global_clustering_modes/global_outputs/XY_EvenSampled_SlowModes/projections/Peromyscus_maniculatus__subject__38028.0_proj.npy,215995,100,215995,215986,10800,1029
Peromyscus_maniculatus__subject__38029.0,Peromyscus_maniculatus,38029.0,/Users/meganbishop/slowmodeevo/outputs/multispecies_slow_modes/global_clustering_modes/global_outputs/XY_EvenSampled_SlowModes/projections/Peromyscus_maniculatus__subject__38029.0_proj.npy,215995,100,215995,215986,10800,1029
Peromyscus_maniculatus__subject__38069.0,Peromyscus_maniculatus,38069.0,/Users/meganbishop/slowmodeevo/outputs/multispecies_slow_modes/global_clustering_modes/global_outputs/XY_EvenSampled_SlowModes/projections/Peromyscus_maniculatus__subject__38069.0_proj.npy,215995,100,215995,215986,10800,1029
Peromyscus_maniculatus__subject__38070.0,Peromyscus_maniculatus,38070.0,/Users/meganbishop/slowmodeevo/outputs/multispecies_slow_modes/global_clustering_modes/global_outputs/XY_EvenSampled_SlowModes/projections/Peromyscus_maniculatus__subject__38070.0_proj.npy,215995,100,215995,215986,10800,1029
Peromyscus_maniculatus__subject__38102.0,Peromyscus_maniculatus,38102.0,/Users/meganbishop/slowmodeevo/outputs/multispecies_slow_modes/global_clustering_modes/global_outputs/XY_EvenSampled_SlowModes/projections/Peromyscus_maniculatus__subject__38102.0_proj.npy,431990,100,431990,431981,21600,2057
Peromyscus_maniculatus__subject__38103.0,Peromyscus_maniculatus,38103.0,/Users/meganbishop/slowmodeevo/outputs/multispecies_slow_modes/global_clustering_modes/global_outputs/XY_EvenSampled_SlowModes/projections/Peromyscus_maniculatus__subject__38103.0_proj.npy,215995,100,215995,215986,10800,1029
Peromyscus_maniculatus__subject__38104.0,Peromyscus_maniculatus,38104.0,/Users/meganbishop/slowmodeevo/outputs/multispecies_slow_modes/global_clustering_modes/global_outputs/XY_EvenSampled_SlowModes/projections/Peromyscus_maniculatus__subject__38104.0_proj.npy,215995,100,215995,215986,10800,1029
Peromyscus_maniculatus__subject__38105.0,Peromyscus_maniculatus,38105.0,/Users/meganbishop/slowmodeevo/outputs/multispecies_slow_modes/global_clustering_modes/global_outputs/XY_EvenSampled_SlowModes/projections/Peromyscus_maniculatus__subject__38105.0_proj.npy,215995,100,215995,215986,10800,1029
Peromyscus_maniculatus__subject__38110.0,Peromyscus_maniculatus,38110.0,/Users/meganbishop/slowmodeevo/outputs/multispecies_slow_modes/global_clustering_modes/global_outputs/XY_EvenSampled_SlowModes/projections/Peromyscus_maniculatus__subject__38110.0_proj.npy,431990,100,431990,431981,21600,2057
Peromyscus_maniculatus__subject__38111.0,Peromyscus_maniculatus,38111.0,/Users/meganbishop/slowmodeevo/outputs/multispecies_slow_modes/global_clustering_modes/global_outputs/XY_EvenSampled_SlowModes/projections/Peromyscus_maniculatus__subject__38111.0_proj.npy,431990,100,431990,431981,21600,2057
Peromyscus_maniculatus__subject__38112.0,Peromyscus_maniculatus,38112.0,/Users/meganbishop/slowmodeevo/outputs/multispecies_slow_modes/global_clustering_modes/global_outputs/XY_EvenSampled_SlowModes/projections/Peromyscus_maniculatus__subject__38112.0_proj.npy,431990,100,431990,431981,21600,2057
Peromyscus_maniculatus__subject__38124.0,Peromyscus_maniculatus,38124.0,/Users/meganbishop/slowmodeevo/outputs/multispecies_slow_modes/global_clustering_modes/global_outputs/XY_EvenSampled_SlowModes/projections/Peromyscus_maniculatus__subject__38124.0_proj.npy,215995,100,215995,215986,10800,1029
Peromyscus_maniculatus__subject__38125.0,Peromyscus_maniculatus,38125.0,/Users/meganbishop/slowmodeevo/outputs/multispecies_slow_modes/global_clustering_modes/global_outputs/XY_EvenSampled_SlowModes/projections/Peromyscus_maniculatus__subject__38125.0_proj.npy,215995,100,215995,215986,10800,1029
Peromyscus_maniculatus__subject__38126.0,Peromyscus_maniculatus,38126.0,/Users/meganbishop/slowmodeevo/outputs/multispecies_slow_modes/global_clustering_modes/global_outputs/XY_EvenSampled_SlowModes/projections/Peromyscus_maniculatus__subject__38126.0_proj.npy,215995,100,215995,215986,10800,1029
Peromyscus_maniculatus__subject__38127.0,Peromyscus_maniculatus,38127.0,/Users/meganbishop/slowmodeevo/outputs/multispecies_slow_modes/global_clustering_modes/global_outputs/XY_EvenSampled_SlowModes/projections/Peromyscus_maniculatus__subject__38127.0_proj.npy,215995,100,215995,215986,10800,1029
Peromyscus_maniculatus__subject__38128.0,Peromyscus_maniculatus,38128.0,/Users/meganbishop/slowmodeevo/outputs/multispecies_slow_modes/global_clustering_modes/global_outputs/XY_EvenSampled_SlowModes/projections/Peromyscus_maniculatus__subject__38128.0_proj.npy,215995,100,215995,215986,10800,1029
Peromyscus_maniculatus__subject__38129.0,Peromyscus_maniculatus,38129.0,/Users/meganbishop/slowmodeevo/outputs/multispecies_slow_modes/global_clustering_modes/global_outputs/XY_EvenSampled_SlowModes/projections/Peromyscus_maniculatus__subject__38129.0_proj.npy,215995,100,215995,215986,10800,1029
Peromyscus_maniculatus__subject__38130.0,Peromyscus_maniculatus,38130.0,/Users/meganbishop/slowmodeevo/outputs/multispecies_slow_modes/global_clustering_modes/global_outputs/XY_EvenSampled_SlowModes/projections/Peromyscus_maniculatus__subject__38130.0_proj.npy,215995,100,215995,215986,10800,1029
Peromyscus_maniculatus__subject__38154.0,Peromyscus_maniculatus,38154.0,/Users/meganbishop/slowmodeevo/outputs/multispecies_slow_modes/global_clustering_modes/global_outputs/XY_EvenSampled_SlowModes/projections/Peromyscus_maniculatus__subject__38154.0_proj.npy,431990,100,431990,431981,21600,2057
Peromyscus_maniculatus__subject__38155.0,Peromyscus_maniculatus,38155.0,/Users/meganbishop/slowmodeevo/outputs/multispecies_slow_modes/global_clustering_modes/global_outputs/XY_EvenSampled_SlowModes/projections/Peromyscus_maniculatus__subject__38155.0_proj.npy,431990,100,431990,431981,21600,2057
Peromyscus_maniculatus__subject__38156.0,Peromyscus_maniculatus,38156.0,/Users/meganbishop/slowmodeevo/outputs/multispecies_slow_modes/global_clustering_modes/global_outputs/XY_EvenSampled_SlowModes/projections/Peromyscus_maniculatus__subject__38156.0_proj.npy,215995,100,215995,215986,10800,1029
Peromyscus_maniculatus__subject__38157.0,Peromyscus_maniculatus,38157.0,/Users/meganbishop/slowmodeevo/outputs/multispecies_slow_modes/global_clustering_modes/global_outputs/XY_EvenSampled_SlowModes/projections/Peromyscus_maniculatus__subject__38157.0_proj.npy,215995,100,215995,215986,10800,1029
Peromyscus_maniculatus__subject__38158.0,Peromyscus_maniculatus,38158.0,/Users/meganbishop/slowmodeevo/outputs/multispecies_slow_modes/global_clustering_modes/global_outputs/XY_EvenSampled_SlowModes/projections/Peromyscus_maniculatus__subject__38158.0_proj.npy,215995,100,215995,215986,10800,1029
Peromyscus_maniculatus__subject__38159.0,Peromyscus_maniculatus,38159.0,/Users/meganbishop/slowmodeevo/outputs/multispecies_slow_modes/global_clustering_modes/global_outputs/XY_EvenSampled_SlowModes/projections/Peromyscus_maniculatus__subject__38159.0_proj.npy,215995,100,215995,215986,10800,1029
Peromyscus_maniculatus__subject__38196.0,Peromyscus_maniculatus,38196.0,/Users/meganbishop/slowmodeevo/outputs/multispecies_slow_modes/global_clustering_modes/global_outputs/XY_EvenSampled_SlowModes/projections/Peromyscus_maniculatus__subject__38196.0_proj.npy,215995,100,215995,215986,10800,1029
Peromyscus_maniculatus__subject__38197.0,Peromyscus_maniculatus,38197.0,/Users/meganbishop/slowmodeevo/outputs/multispecies_slow_modes/global_clustering_modes/global_outputs/XY_EvenSampled_SlowModes/projections/Peromyscus_maniculatus__subject__38197.0_proj.npy,215995,100,215995,215986,10800,1029
Peromyscus_maniculatus__subject__38198.0,Peromyscus_maniculatus,38198.0,/Users/meganbishop/slowmodeevo/outputs/multispecies_slow_modes/global_clustering_modes/global_outputs/XY_EvenSampled_SlowModes/projections/Peromyscus_maniculatus__subject__38198.0_proj.npy,215995,100,215995,215986,10800,1029
Peromyscus_maniculatus__subject__38199.0,Peromyscus_maniculatus,38199.0,/Users/meganbishop/slowmodeevo/outputs/multispecies_slow_modes/global_clustering_modes/global_outputs/XY_EvenSampled_SlowModes/projections/Peromyscus_maniculatus__subject__38199.0_proj.npy,215995,100,215995,215986,10800,1029
Peromyscus_maniculatus__subject__38200.0,Peromyscus_maniculatus,38200.0,/Users/meganbishop/slowmodeevo/outputs/multispecies_slow_modes/global_clustering_modes/global_outputs/XY_EvenSampled_SlowModes/projections/Peromyscus_maniculatus__subject__38200.0_proj.npy,215995,100,215995,215986,10800,1029
Peromyscus_maniculatus__subject__38201.0,Peromyscus_maniculatus,38201.0,/Users/meganbishop/slowmodeevo/outputs/multispecies_slow_modes/global_clustering_modes/global_outputs/XY_EvenSampled_SlowModes/projections/Peromyscus_maniculatus__subject__38201.0_proj.npy,215995,100,215995,215986,10800,1029
Peromyscus_maniculatus__subject__38208.0,Peromyscus_maniculatus,38208.0,/Users/meganbishop/slowmodeevo/outputs/multispecies_slow_modes/global_clustering_modes/global_outputs/XY_EvenSampled_SlowModes/projections/Peromyscus_maniculatus__subject__38208.0_proj.npy,215995,100,215995,215986,10800,1029
Peromyscus_maniculatus__subject__38209.0,Peromyscus_maniculatus,38209.0,/Users/meganbishop/slowmodeevo/outputs/multispecies_slow_modes/global_clustering_modes/global_outputs/XY_EvenSampled_SlowModes/projections/Peromyscus_maniculatus__subject__38209.0_proj.npy,215995,100,215995,215986,10800,1029
Peromyscus_maniculatus__subject__38235.0,Peromyscus_maniculatus,38235.0,/Users/meganbishop/slowmodeevo/outputs/multispecies_slow_modes/global_clustering_modes/global_outputs/XY_EvenSampled_SlowModes/projections/Peromyscus_maniculatus__subject__38235.0_proj.npy,215995,100,215995,215986,10800,1029
Peromyscus_maniculatus__subject__38246.0,Peromyscus_maniculatus,38246.0,/Users/meganbishop/slowmodeevo/outputs/multispecies_slow_modes/global_clustering_modes/global_outputs/XY_EvenSampled_SlowModes/projections/Peromyscus_maniculatus__subject__38246.0_proj.npy,215995,100,215995,215986,10800,1029
Peromyscus_maniculatus__subject__38285.0,Peromyscus_maniculatus,38285.0,/Users/meganbishop/slowmodeevo/outputs/multispecies_slow_modes/global_clustering_modes/global_outputs/XY_EvenSampled_SlowModes/projections/Peromyscus_maniculatus__subject__38285.0_proj.npy,215995,100,215995,215986,10800,1029
Peromyscus_maniculatus__subject__38286.0,Peromyscus_maniculatus,38286.0,/Users/meganbishop/slowmodeevo/outputs/multispecies_slow_modes/global_clustering_modes/global_outputs/XY_EvenSampled_SlowModes/projections/Peromyscus_maniculatus__subject__38286.0_proj.npy,215995,100,215995,215986,10800,1029
Peromyscus_maniculatus__subject__38298.0,Peromyscus_maniculatus,38298.0,/Users/meganbishop/slowmodeevo/outputs/multispecies_slow_modes/global_clustering_modes/global_outputs/XY_EvenSampled_SlowModes/projections/Peromyscus_maniculatus__subject__38298.0_proj.npy,215995,100,215995,215986,10800,1029
Peromyscus_maniculatus__subject__38299.0,Peromyscus_maniculatus,38299.0,/Users/meganbishop/slowmodeevo/outputs/multispecies_slow_modes/global_clustering_modes/global_outputs/XY_EvenSampled_SlowModes/projections/Peromyscus_maniculatus__subject__38299.0_proj.npy,215995,100,215995,215986,10800,1029
Peromyscus_maniculatus__subject__38300.0,Peromyscus_maniculatus,38300.0,/Users/meganbishop/slowmodeevo/outputs/multispecies_slow_modes/global_clustering_modes/global_outputs/XY_EvenSampled_SlowModes/projections/Peromyscus_maniculatus__subject__38300.0_proj.npy,215995,100,215995,215986,10800,1029
Peromyscus_maniculatus__subject__38301.0,Peromyscus_maniculatus,38301.0,/Users/meganbishop/slowmodeevo/outputs/multispecies_slow_modes/global_clustering_modes/global_outputs/XY_EvenSampled_SlowModes/projections/Peromyscus_maniculatus__subject__38301.0_proj.npy,215995,100,215995,215986,10800,1029
Peromyscus_maniculatus__subject__38308.0,Peromyscus_maniculatus,38308.0,/Users/meganbishop/slowmodeevo/outputs/multispecies_slow_modes/global_clustering_modes/global_outputs/XY_EvenSampled_SlowModes/projections/Peromyscus_maniculatus__subject__38308.0_proj.npy,215995,100,215995,215986,10800,1029
Peromyscus_maniculatus__subject__38309.0,Peromyscus_maniculatus,38309.0,/Users/meganbishop/slowmodeevo/outputs/multispecies_slow_modes/global_clustering_modes/global_outputs/XY_EvenSampled_SlowModes/projections/Peromyscus_maniculatus__subject__38309.0_proj.npy,215995,100,215995,215986,10800,1029
Peromyscus_maniculatus__subject__38310.0,Peromyscus_maniculatus,38310.0,/Users/meganbishop/slowmodeevo/outputs/multispecies_slow_modes/global_clustering_modes/global_outputs/XY_EvenSampled_SlowModes/projections/Peromyscus_maniculatus__subject__38310.0_proj.npy,215995,100,215995,215986,10800,1029
Peromyscus_maniculatus__subject__38311.0,Peromyscus_maniculatus,38311.0,/Users/meganbishop/slowmodeevo/outputs/multispecies_slow_modes/global_clustering_modes/global_outputs/XY_EvenSampled_SlowModes/projections/Peromyscus_maniculatus__subject__38311.0_proj.npy,215995,100,215995,215986,10800,1029
Peromyscus_maniculatus__subject__38312.0,Peromyscus_maniculatus,38312.0,/Users/meganbishop/slowmodeevo/outputs/multispecies_slow_modes/global_clustering_modes/global_outputs/XY_EvenSampled_SlowModes/projections/Peromyscus_maniculatus__subject__38312.0_proj.npy,215995,100,215995,215986,10800,1029
Peromyscus_maniculatus__subject__38313.0,Peromyscus_maniculatus,38313.0,/Users/meganbishop/slowmodeevo/outputs/multispecies_slow_modes/global_clustering_modes/global_outputs/XY_EvenSampled_SlowModes/projections/Peromyscus_maniculatus__subject__38313.0_proj.npy,215995,100,215995,215986,10800,1029
Peromyscus_maniculatus__subject__38314.0,Peromyscus_maniculatus,38314.0,/Users/meganbishop/slowmodeevo/outputs/multispecies_slow_modes/global_clustering_modes/global_outputs/XY_EvenSampled_SlowModes/projections/Peromyscus_maniculatus__subject__38314.0_proj.npy,215995,100,215995,215986,10800,1029
Peromyscus_maniculatus__subject__38323.0,Peromyscus_maniculatus,38323.0,/Users/meganbishop/slowmodeevo/outputs/multispecies_slow_modes/global_clustering_modes/global_outputs/XY_EvenSampled_SlowModes/projections/Peromyscus_maniculatus__subject__38323.0_proj.npy,215995,100,215995,215986,10800,1029
Peromyscus_maniculatus__subject__38324.0,Peromyscus_maniculatus,38324.0,/Users/meganbishop/slowmodeevo/outputs/multispecies_slow_modes/global_clustering_modes/global_outputs/XY_EvenSampled_SlowModes/projections/Peromyscus_maniculatus__subject__38324.0_proj.npy,215995,100,215995,215986,10800,1029
Peromyscus_maniculatus__subject__38407.0,Peromyscus_maniculatus,38407.0,/Users/meganbishop/slowmodeevo/outputs/multispecies_slow_modes/global_clustering_modes/global_outputs/XY_EvenSampled_SlowModes/projections/Peromyscus_maniculatus__subject__38407.0_proj.npy,215995,100,215995,215986,10800,1029
Peromyscus_maniculatus__subject__38408.0,Peromyscus_maniculatus,38408.0,/Users/meganbishop/slowmodeevo/outputs/multispecies_slow_modes/global_clustering_modes/global_outputs/XY_EvenSampled_SlowModes/projections/Peromyscus_maniculatus__subject__38408.0_proj.npy,215995,100,215995,215986,10800,1029
Peromyscus_maniculatus__subject__38409.0,Peromyscus_maniculatus,38409.0,/Users/meganbishop/slowmodeevo/outputs/multispecies_slow_modes/global_clustering_modes/global_outputs/XY_EvenSampled_SlowModes/projections/Peromyscus_maniculatus__subject__38409.0_proj.npy,215995,100,215995,215986,10800,1029
Peromyscus_maniculatus__subject__38410.0,Peromyscus_maniculatus,38410.0,/Users/meganbishop/slowmodeevo/outputs/multispecies_slow_modes/global_clustering_modes/global_outputs/XY_EvenSampled_SlowModes/projections/Peromyscus_maniculatus__subject__38410.0_proj.npy,215995,100,215995,215986,10800,1029
Peromyscus_maniculatus__subject__38411.0,Peromyscus_maniculatus,38411.0,/Users/meganbishop/slowmodeevo/outputs/multispecies_slow_modes/global_clustering_modes/global_outputs/XY_EvenSampled_SlowModes/projections/Peromyscus_maniculatus__subject__38411.0_proj.npy,431990,100,431990,431981,21600,2057
Peromyscus_maniculatus__subject__38412.0,Peromyscus_maniculatus,38412.0,/Users/meganbishop/slowmodeevo/outputs/multispecies_slow_modes/global_clustering_modes/global_outputs/XY_EvenSampled_SlowModes/projections/Peromyscus_maniculatus__subject__38412.0_proj.npy,215995,100,215995,215986,10800,1029
Peromyscus_maniculatus__subject__38413.0,Peromyscus_maniculatus,38413.0,/Users/meganbishop/slowmodeevo/outputs/multispecies_slow_modes/global_clustering_modes/global_outputs/XY_EvenSampled_SlowModes/projections/Peromyscus_maniculatus__subject__38413.0_proj.npy,215995,100,215995,215986,10800,1029
Peromyscus_maniculatus__subject__38427.0,Peromyscus_maniculatus,38427.0,/Users/meganbishop/slowmodeevo/outputs/multispecies_slow_modes/global_clustering_modes/global_outputs/XY_EvenSampled_SlowModes/projections/Peromyscus_maniculatus__subject__38427.0_proj.npy,215995,100,215995,215986,10800,1029
Peromyscus_maniculatus__subject__38428.0,Peromyscus_maniculatus,38428.0,/Users/meganbishop/slowmodeevo/outputs/multispecies_slow_modes/global_clustering_modes/global_outputs/XY_EvenSampled_SlowModes/projections/Peromyscus_maniculatus__subject__38428.0_proj.npy,215995,100,215995,215986,10800,1029
Peromyscus_maniculatus__subject__38429.0,Peromyscus_maniculatus,38429.0,/Users/meganbishop/slowmodeevo/outputs/multispecies_slow_modes/global_clustering_modes/global_outputs/XY_EvenSampled_SlowModes/projections/Peromyscus_maniculatus__subject__38429.0_proj.npy,215995,100,215995,215986,10800,1028
Peromyscus_maniculatus__subject__38430.0,Peromyscus_maniculatus,38430.0,/Users/meganbishop/slowmodeevo/outputs/multispecies_slow_modes/global_clustering_modes/global_outputs/XY_EvenSampled_SlowModes/projections/Peromyscus_maniculatus__subject__38430.0_proj.npy,215995,100,215995,215986,10800,1028
Peromyscus_maniculatus__subject__38431.0,Peromyscus_maniculatus,38431.0,/Users/meganbishop/slowmodeevo/outputs/multispecies_slow_modes/global_clustering_modes/global_outputs/XY_EvenSampled_SlowModes/projections/Peromyscus_maniculatus__subject__38431.0_proj.npy,215995,100,215995,215986,10800,1028
Peromyscus_maniculatus__subject__38508.0,Peromyscus_maniculatus,38508.0,/Users/meganbishop/slowmodeevo/outputs/multispecies_slow_modes/global_clustering_modes/global_outputs/XY_EvenSampled_SlowModes/projections/Peromyscus_maniculatus__subject__38508.0_proj.npy,215995,100,215995,215986,10800,1028
Peromyscus_maniculatus__subject__38509.0,Peromyscus_maniculatus,38509.0,/Users/meganbishop/slowmodeevo/outputs/multispecies_slow_modes/global_clustering_modes/global_outputs/XY_EvenSampled_SlowModes/projections/Peromyscus_maniculatus__subject__38509.0_proj.npy,215995,100,215995,215986,10800,1028
Peromyscus_maniculatus__subject__38510.0,Peromyscus_maniculatus,38510.0,/Users/meganbishop/slowmodeevo/outputs/multispecies_slow_modes/global_clustering_modes/global_outputs/XY_EvenSampled_SlowModes/projections/Peromyscus_maniculatus__subject__38510.0_proj.npy,215995,100,215995,215986,10800,1028
Peromyscus_maniculatus__subject__38517.0,Peromyscus_maniculatus,38517.0,/Users/meganbishop/slowmodeevo/outputs/multispecies_slow_modes/global_clustering_modes/global_outputs/XY_EvenSampled_SlowModes/projections/Peromyscus_maniculatus__subject__38517.0_proj.npy,215995,100,215995,215986,10800,1028
Peromyscus_maniculatus__subject__38518.0,Peromyscus_maniculatus,38518.0,/Users/meganbishop/slowmodeevo/outputs/multispecies_slow_modes/global_clustering_modes/global_outputs/XY_EvenSampled_SlowModes/projections/Peromyscus_maniculatus__subject__38518.0_proj.npy,215995,100,215995,215986,10800,1028
Peromyscus_maniculatus__subject__38531.0,Peromyscus_maniculatus,38531.0,/Users/meganbishop/slowmodeevo/outputs/multispecies_slow_modes/global_clustering_modes/global_outputs/XY_EvenSampled_SlowModes/projections/Peromyscus_maniculatus__subject__38531.0_proj.npy,215995,100,215995,215986,10800,1028
Peromyscus_maniculatus__subject__38532.0,Peromyscus_maniculatus,38532.0,/Users/meganbishop/slowmodeevo/outputs/multispecies_slow_modes/global_clustering_modes/global_outputs/XY_EvenSampled_SlowModes/projections/Peromyscus_maniculatus__subject__38532.0_proj.npy,431990,100,431990,431981,21600,2057
Peromyscus_maniculatus__subject__38569.0,Peromyscus_maniculatus,38569.0,/Users/meganbishop/slowmodeevo/outputs/multispecies_slow_modes/global_clustering_modes/global_outputs/XY_EvenSampled_SlowModes/projections/Peromyscus_maniculatus__subject__38569.0_proj.npy,215995,100,215995,215986,10800,1028
Peromyscus_maniculatus__subject__38572.0,Peromyscus_maniculatus,38572.0,/Users/meganbishop/slowmodeevo/outputs/multispecies_slow_modes/global_clustering_modes/global_outputs/XY_EvenSampled_SlowModes/projections/Peromyscus_maniculatus__subject__38572.0_proj.npy,215995,100,215995,215986,10800,1028
Peromyscus_maniculatus__subject__38573.0,Peromyscus_maniculatus,38573.0,/Users/meganbishop/slowmodeevo/outputs/multispecies_slow_modes/global_clustering_modes/global_outputs/XY_EvenSampled_SlowModes/projections/Peromyscus_maniculatus__subject__38573.0_proj.npy,215995,100,215995,215986,10800,1028
Peromyscus_maniculatus__subject__38574.0,Peromyscus_maniculatus,38574.0,/Users/meganbishop/slowmodeevo/outputs/multispecies_slow_modes/global_clustering_modes/global_outputs/XY_EvenSampled_SlowModes/projections/Peromyscus_maniculatus__subject__38574.0_proj.npy,215995,100,215995,215986,10800,1028
Peromyscus_maniculatus__subject__38575.0,Peromyscus_maniculatus,38575.0,/Users/meganbishop/slowmodeevo/outputs/multispecies_slow_modes/global_clustering_modes/global_outputs/XY_EvenSampled_SlowModes/projections/Peromyscus_maniculatus__subject__38575.0_proj.npy,215995,100,215995,215986,10800,1028
Peromyscus_maniculatus__subject__38576.0,Peromyscus_maniculatus,38576.0,/Users/meganbishop/slowmodeevo/outputs/multispecies_slow_modes/global_clustering_modes/global_outputs/XY_EvenSampled_SlowModes/projections/Peromyscus_maniculatus__subject__38576.0_proj.npy,215995,100,215995,215986,10800,1028
Peromyscus_maniculatus__subject__38591.0,Peromyscus_maniculatus,38591.0,/Users/meganbishop/slowmodeevo/outputs/multispecies_slow_modes/global_clustering_modes/global_outputs/XY_EvenSampled_SlowModes/projections/Peromyscus_maniculatus__subject__38591.0_proj.npy,215995,100,215995,215986,10800,1028
Peromyscus_maniculatus__subject__38648.0,Peromyscus_maniculatus,38648.0,/Users/meganbishop/slowmodeevo/outputs/multispecies_slow_modes/global_clustering_modes/global_outputs/XY_EvenSampled_SlowModes/projections/Peromyscus_maniculatus__subject__38648.0_proj.npy,215995,100,215995,215986,10800,1028
Peromyscus_maniculatus__subject__38649.0,Peromyscus_maniculatus,38649.0,/Users/meganbishop/slowmodeevo/outputs/multispecies_slow_modes/global_clustering_modes/global_outputs/XY_EvenSampled_SlowModes/projections/Peromyscus_maniculatus__subject__38649.0_proj.npy,215995,100,215995,215986,10800,1028
Peromyscus_maniculatus__subject__38779.0,Peromyscus_maniculatus,38779.0,/Users/meganbishop/slowmodeevo/outputs/multispecies_slow_modes/global_clustering_modes/global_outputs/XY_EvenSampled_SlowModes/projections/Peromyscus_maniculatus__subject__38779.0_proj.npy,215995,100,215995,215986,10800,1028
Peromyscus_maniculatus__subject__38811.0,Peromyscus_maniculatus,38811.0,/Users/meganbishop/slowmodeevo/outputs/multispecies_slow_modes/global_clustering_modes/global_outputs/XY_EvenSampled_SlowModes/projections/Peromyscus_maniculatus__subject__38811.0_proj.npy,215995,100,215995,215986,10800,1028
Peromyscus_maniculatus__subject__38812.0,Peromyscus_maniculatus,38812.0,/Users/meganbishop/slowmodeevo/outputs/multispecies_slow_modes/global_clustering_modes/global_outputs/XY_EvenSampled_SlowModes/projections/Peromyscus_maniculatus__subject__38812.0_proj.npy,215995,100,215995,215986,10800,1028
Peromyscus_maniculatus__subject__38888.0,Peromyscus_maniculatus,38888.0,/Users/meganbishop/slowmodeevo/outputs/multispecies_slow_modes/global_clustering_modes/global_outputs/XY_EvenSampled_SlowModes/projections/Peromyscus_maniculatus__subject__38888.0_proj.npy,215995,100,215995,215986,10800,1028
Peromyscus_maniculatus__subject__38889.0,Peromyscus_maniculatus,38889.0,/Users/meganbishop/slowmodeevo/outputs/multispecies_slow_modes/global_clustering_modes/global_outputs/XY_EvenSampled_SlowModes/projections/Peromyscus_maniculatus__subject__38889.0_proj.npy,215995,100,215995,215986,10800,1028
Peromyscus_maniculatus__subject__38890.0,Peromyscus_maniculatus,38890.0,/Users/meganbishop/slowmodeevo/outputs/multispecies_slow_modes/global_clustering_modes/global_outputs/XY_EvenSampled_SlowModes/projections/Peromyscus_maniculatus__subject__38890.0_proj.npy,215995,100,215995,215986,10800,1028
Peromyscus_maniculatus__subject__38892.0,Peromyscus_maniculatus,38892.0,/Users/meganbishop/slowmodeevo/outputs/multispecies_slow_modes/global_clustering_modes/global_outputs/XY_EvenSampled_SlowModes/projections/Peromyscus_maniculatus__subject__38892.0_proj.npy,215995,100,215995,215986,10800,1028
Peromyscus_maniculatus__subject__39006.0,Peromyscus_maniculatus,39006.0,/Users/meganbishop/slowmodeevo/outputs/multispecies_slow_modes/global_clustering_modes/global_outputs/XY_EvenSampled_SlowModes/projections/Peromyscus_maniculatus__subject__39006.0_proj.npy,215995,100,215995,215986,10800,1028
Peromyscus_maniculatus__subject__39007.0,Peromyscus_maniculatus,39007.0,/Users/meganbishop/slowmodeevo/outputs/multispecies_slow_modes/global_clustering_modes/global_outputs/XY_EvenSampled_SlowModes/projections/Peromyscus_maniculatus__subject__39007.0_proj.npy,215995,100,215995,215986,10800,1028
Peromyscus_maniculatus__subject__39009.0,Peromyscus_maniculatus,39009.0,/Users/meganbishop/slowmodeevo/outputs/multispecies_slow_modes/global_clustering_modes/global_outputs/XY_EvenSampled_SlowModes/projections/Peromyscus_maniculatus__subject__39009.0_proj.npy,215995,100,215995,215986,10800,1028
Peromyscus_maniculatus__subject__39010.0,Peromyscus_maniculatus,39010.0,/Users/meganbishop/slowmodeevo/outputs/multispecies_slow_modes/global_clustering_modes/global_outputs/XY_EvenSampled_SlowModes/projections/Peromyscus_maniculatus__subject__39010.0_proj.npy,215995,100,215995,215986,10800,1028
Peromyscus_maniculatus__subject__39012.0,Peromyscus_maniculatus,39012.0,/Users/meganbishop/slowmodeevo/outputs/multispecies_slow_modes/global_clustering_modes/global_outputs/XY_EvenSampled_SlowModes/projections/Peromyscus_maniculatus__subject__39012.0_proj.npy,215995,100,215995,215986,10800,1028
Peromyscus_maniculatus__subject__39013.0,Peromyscus_maniculatus,39013.0,/Users/meganbishop/slowmodeevo/outputs/multispecies_slow_modes/global_clustering_modes/global_outputs/XY_EvenSampled_SlowModes/projections/Peromyscus_maniculatus__subject__39013.0_proj.npy,215995,100,215995,215986,10800,1028
Peromyscus_maniculatus__subject__39014.0,Peromyscus_maniculatus,39014.0,/Users/meganbishop/slowmodeevo/outputs/multispecies_slow_modes/global_clustering_modes/global_outputs/XY_EvenSampled_SlowModes/projections/Peromyscus_maniculatus__subject__39014.0_proj.npy,215995,100,215995,215986,10800,1028
Peromyscus_maniculatus__subject__39019.0,Peromyscus_maniculatus,39019.0,/Users/meganbishop/slowmodeevo/outputs/multispecies_slow_modes/global_clustering_modes/global_outputs/XY_EvenSampled_SlowModes/projections/Peromyscus_maniculatus__subject__39019.0_proj.npy,215995,100,215995,215986,10800,1028
Peromyscus_maniculatus__subject__39020.0,Peromyscus_maniculatus,39020.0,/Users/meganbishop/slowmodeevo/outputs/multispecies_slow_modes/global_clustering_modes/global_outputs/XY_EvenSampled_SlowModes/projections/Peromyscus_maniculatus__subject__39020.0_proj.npy,215995,100,215995,215986,10800,1028
Peromyscus_maniculatus__subject__39043.0,Peromyscus_maniculatus,39043.0,/Users/meganbishop/slowmodeevo/outputs/multispecies_slow_modes/global_clustering_modes/global_outputs/XY_EvenSampled_SlowModes/projections/Peromyscus_maniculatus__subject__39043.0_proj.npy,215995,100,215995,215986,10800,1028
Peromyscus_maniculatus__subject__39044.0,Peromyscus_maniculatus,39044.0,/Users/meganbishop/slowmodeevo/outputs/multispecies_slow_modes/global_clustering_modes/global_outputs/XY_EvenSampled_SlowModes/projections/Peromyscus_maniculatus__subject__39044.0_proj.npy,431990,100,431990,431981,21600,2057
Peromyscus_maniculatus__subject__39045.0,Peromyscus_maniculatus,39045.0,/Users/meganbishop/slowmodeevo/outputs/multispecies_slow_modes/global_clustering_modes/global_outputs/XY_EvenSampled_SlowModes/projections/Peromyscus_maniculatus__subject__39045.0_proj.npy,431990,100,431990,431981,21600,2057
Peromyscus_maniculatus__subject__39046.0,Peromyscus_maniculatus,39046.0,/Users/meganbishop/slowmodeevo/outputs/multispecies_slow_modes/global_clustering_modes/global_outputs/XY_EvenSampled_SlowModes/projections/Peromyscus_maniculatus__subject__39046.0_proj.npy,647985,100,647985,647976,32399,3086
Peromyscus_maniculatus__subject__39257.0,Peromyscus_maniculatus,39257.0,/Users/meganbishop/slowmodeevo/outputs/multispecies_slow_modes/global_clustering_modes/global_outputs/XY_EvenSampled_SlowModes/projections/Peromyscus_maniculatus__subject__39257.0_proj.npy,215995,100,215995,215986,10800,1028
Peromyscus_maniculatus__subject__39258.0,Peromyscus_maniculatus,39258.0,/Users/meganbishop/slowmodeevo/outputs/multispecies_slow_modes/global_clustering_modes/global_outputs/XY_EvenSampled_SlowModes/projections/Peromyscus_maniculatus__subject__39258.0_proj.npy,215995,100,215995,215986,10800,1028
Peromyscus_maniculatus__subject__39323.0,Peromyscus_maniculatus,39323.0,/Users/meganbishop/slowmodeevo/outputs/multispecies_slow_modes/global_clustering_modes/global_outputs/XY_EvenSampled_SlowModes/projections/Peromyscus_maniculatus__subject__39323.0_proj.npy,215995,100,215995,215986,10800,1028
Peromyscus_maniculatus__subject__39324.0,Peromyscus_maniculatus,39324.0,/Users/meganbishop/slowmodeevo/outputs/multispecies_slow_modes/global_clustering_modes/global_outputs/XY_EvenSampled_SlowModes/projections/Peromyscus_maniculatus__subject__39324.0_proj.npy,215995,100,215995,215986,10800,1028
Peromyscus_maniculatus__subject__39325.0,Peromyscus_maniculatus,39325.0,/Users/meganbishop/slowmodeevo/outputs/multispecies_slow_modes/global_clustering_modes/global_outputs/XY_EvenSampled_SlowModes/projections/Peromyscus_maniculatus__subject__39325.0_proj.npy,215995,100,215995,215986,10800,1028
Peromyscus_maniculatus__subject__39326.0,Peromyscus_maniculatus,39326.0,/Users/meganbishop/slowmodeevo/outputs/multispecies_slow_modes/global_clustering_modes/global_outputs/XY_EvenSampled_SlowModes/projections/Peromyscus_maniculatus__subject__39326.0_proj.npy,215995,100,215995,215986,10800,1028
Peromyscus_maniculatus__subject__39327.0,Peromyscus_maniculatus,39327.0,/Users/meganbishop/slowmodeevo/outputs/multispecies_slow_modes/global_clustering_modes/global_outputs/XY_EvenSampled_SlowModes/projections/Peromyscus_maniculatus__subject__39327.0_proj.npy,647985,100,647985,647976,32399,3086
Peromyscus_maniculatus__subject__39328.0,Peromyscus_maniculatus,39328.0,/Users/meganbishop/slowmodeevo/outputs/multispecies_slow_modes/global_clustering_modes/global_outputs/XY_EvenSampled_SlowModes/projections/Peromyscus_maniculatus__subject__39328.0_proj.npy,647985,100,647985,647976,32399,3086
Peromyscus_maniculatus__subject__39338.0,Peromyscus_maniculatus,39338.0,/Users/meganbishop/slowmodeevo/outputs/multispecies_slow_modes/global_clustering_modes/global_outputs/XY_EvenSampled_SlowModes/projections/Peromyscus_maniculatus__subject__39338.0_proj.npy,431990,100,431990,431981,21600,2057
Peromyscus_maniculatus__subject__39339.0,Peromyscus_maniculatus,39339.0,/Users/meganbishop/slowmodeevo/outputs/multispecies_slow_modes/global_clustering_modes/global_outputs/XY_EvenSampled_SlowModes/projections/Peromyscus_maniculatus__subject__39339.0_proj.npy,215995,100,215995,215986,10800,1028
Peromyscus_maniculatus__subject__39341.0,Peromyscus_maniculatus,39341.0,/Users/meganbishop/slowmodeevo/outputs/multispecies_slow_modes/global_clustering_modes/global_outputs/XY_EvenSampled_SlowModes/projections/Peromyscus_maniculatus__subject__39341.0_proj.npy,215995,100,215995,215986,10800,1028
Peromyscus_maniculatus__subject__39402.0,Peromyscus_maniculatus,39402.0,/Users/meganbishop/slowmodeevo/outputs/multispecies_slow_modes/global_clustering_modes/global_outputs/XY_EvenSampled_SlowModes/projections/Peromyscus_maniculatus__subject__39402.0_proj.npy,431990,100,431990,431981,21600,2057
Peromyscus_maniculatus__subject__39515.0,Peromyscus_maniculatus,39515.0,/Users/meganbishop/slowmodeevo/outputs/multispecies_slow_modes/global_clustering_modes/global_outputs/XY_EvenSampled_SlowModes/projections/Peromyscus_maniculatus__subject__39515.0_proj.npy,215995,100,215995,215986,10800,1028
Peromyscus_maniculatus__subject__39516.0,Peromyscus_maniculatus,39516.0,/Users/meganbishop/slowmodeevo/outputs/multispecies_slow_modes/global_clustering_modes/global_outputs/XY_EvenSampled_SlowModes/projections/Peromyscus_maniculatus__subject__39516.0_proj.npy,215995,100,215995,215986,10800,1028
Peromyscus_maniculatus__subject__39666.0,Peromyscus_maniculatus,39666.0,/Users/meganbishop/slowmodeevo/outputs/multispecies_slow_modes/global_clustering_modes/global_outputs/XY_EvenSampled_SlowModes/projections/Peromyscus_maniculatus__subject__39666.0_proj.npy,215995,100,215995,215986,10800,1028
Peromyscus_maniculatus__subject__39667.0,Peromyscus_maniculatus,39667.0,/Users/meganbishop/slowmodeevo/outputs/multispecies_slow_modes/global_clustering_modes/global_outputs/XY_EvenSampled_SlowModes/projections/Peromyscus_maniculatus__subject__39667.0_proj.npy,215995,100,215995,215986,10800,1028
Peromyscus_maniculatus__subject__39668.0,Peromyscus_maniculatus,39668.0,/Users/meganbishop/slowmodeevo/outputs/multispecies_slow_modes/global_clustering_modes/global_outputs/XY_EvenSampled_SlowModes/projections/Peromyscus_maniculatus__subject__39668.0_proj.npy,215995,100,215995,215986,10800,1028
Peromyscus_polionotus__subject__38039.0,Peromyscus_polionotus,38039.0,/Users/meganbishop/slowmodeevo/outputs/multispecies_slow_modes/global_clustering_modes/global_outputs/XY_EvenSampled_SlowModes/projections/Peromyscus_polionotus__subject__38039.0_proj.npy,215995,100,215995,215986,10800,3086
Peromyscus_polionotus__subject__38040.0,Peromyscus_polionotus,38040.0,/Users/meganbishop/slowmodeevo/outputs/multispecies_slow_modes/global_clustering_modes/global_outputs/XY_EvenSampled_SlowModes/projections/Peromyscus_polionotus__subject__38040.0_proj.npy,215995,100,215995,215986,10800,3086
Peromyscus_polionotus__subject__38041.0,Peromyscus_polionotus,38041.0,/Users/meganbishop/slowmodeevo/outputs/multispecies_slow_modes/global_clustering_modes/global_outputs/XY_EvenSampled_SlowModes/projections/Peromyscus_polionotus__subject__38041.0_proj.npy,215995,100,215995,215986,10800,3086
Peromyscus_polionotus__subject__38042.0,Peromyscus_polionotus,38042.0,/Users/meganbishop/slowmodeevo/outputs/multispecies_slow_modes/global_clustering_modes/global_outputs/XY_EvenSampled_SlowModes/projections/Peromyscus_polionotus__subject__38042.0_proj.npy,215995,100,215995,215986,10800,3086
Peromyscus_polionotus__subject__38043.0,Peromyscus_polionotus,38043.0,/Users/meganbishop/slowmodeevo/outputs/multispecies_slow_modes/global_clustering_modes/global_outputs/XY_EvenSampled_SlowModes/projections/Peromyscus_polionotus__subject__38043.0_proj.npy,215995,100,215995,215986,10800,3086
Peromyscus_polionotus__subject__38044.0,Peromyscus_polionotus,38044.0,/Users/meganbishop/slowmodeevo/outputs/multispecies_slow_modes/global_clustering_modes/global_outputs/XY_EvenSampled_SlowModes/projections/Peromyscus_polionotus__subject__38044.0_proj.npy,215995,100,215995,215986,10800,3086
Peromyscus_polionotus__subject__38045.0,Peromyscus_polionotus,38045.0,/Users/meganbishop/slowmodeevo/outputs/multispecies_slow_modes/global_clustering_modes/global_outputs/XY_EvenSampled_SlowModes/projections/Peromyscus_polionotus__subject__38045.0_proj.npy,215995,100,215995,215986,10800,3086
Peromyscus_polionotus__subject__38046.0,Peromyscus_polionotus,38046.0,/Users/meganbishop/slowmodeevo/outputs/multispecies_slow_modes/global_clustering_modes/global_outputs/XY_EvenSampled_SlowModes/projections/Peromyscus_polionotus__subject__38046.0_proj.npy,215995,100,215995,215986,10800,3086
Peromyscus_polionotus__subject__38047.0,Peromyscus_polionotus,38047.0,/Users/meganbishop/slowmodeevo/outputs/multispecies_slow_modes/global_clustering_modes/global_outputs/XY_EvenSampled_SlowModes/projections/Peromyscus_polionotus__subject__38047.0_proj.npy,215995,100,215995,215986,10800,3086
Peromyscus_polionotus__subject__38048.0,Peromyscus_polionotus,38048.0,/Users/meganbishop/slowmodeevo/outputs/multispecies_slow_modes/global_clustering_modes/global_outputs/XY_EvenSampled_SlowModes/projections/Peromyscus_polionotus__subject__38048.0_proj.npy,215995,100,215995,215986,10800,3086
Peromyscus_polionotus__subject__38461.0,Peromyscus_polionotus,38461.0,/Users/meganbishop/slowmodeevo/outputs/multispecies_slow_modes/global_clustering_modes/global_outputs/XY_EvenSampled_SlowModes/projections/Peromyscus_polionotus__subject__38461.0_proj.npy,215995,100,215995,215986,10800,3086
Peromyscus_polionotus__subject__38462.0,Peromyscus_polionotus,38462.0,/Users/meganbishop/slowmodeevo/outputs/multispecies_slow_modes/global_clustering_modes/global_outputs/XY_EvenSampled_SlowModes/projections/Peromyscus_polionotus__subject__38462.0_proj.npy,431990,100,431990,431981,21600,6171
Peromyscus_polionotus__subject__38463.0,Peromyscus_polionotus,38463.0,/Users/meganbishop/slowmodeevo/outputs/multispecies_slow_modes/global_clustering_modes/global_outputs/XY_EvenSampled_SlowModes/projections/Peromyscus_polionotus__subject__38463.0_proj.npy,215995,100,215995,215986,10800,3086
Peromyscus_polionotus__subject__38466.0,Peromyscus_polionotus,38466.0,/Users/meganbishop/slowmodeevo/outputs/multispecies_slow_modes/global_clustering_modes/global_outputs/XY_EvenSampled_SlowModes/projections/Peromyscus_polionotus__subject__38466.0_proj.npy,431990,100,431990,431981,21600,6171
Peromyscus_polionotus__subject__38519.0,Peromyscus_polionotus,38519.0,/Users/meganbishop/slowmodeevo/outputs/multispecies_slow_modes/global_clustering_modes/global_outputs/XY_EvenSampled_SlowModes/projections/Peromyscus_polionotus__subject__38519.0_proj.npy,215995,100,215995,215986,10800,3086
Peromyscus_polionotus__subject__38522.0,Peromyscus_polionotus,38522.0,/Users/meganbishop/slowmodeevo/outputs/multispecies_slow_modes/global_clustering_modes/global_outputs/XY_EvenSampled_SlowModes/projections/Peromyscus_polionotus__subject__38522.0_proj.npy,215995,100,215995,215986,10800,3086
Peromyscus_polionotus__subject__38564.0,Peromyscus_polionotus,38564.0,/Users/meganbishop/slowmodeevo/outputs/multispecies_slow_modes/global_clustering_modes/global_outputs/XY_EvenSampled_SlowModes/projections/Peromyscus_polionotus__subject__38564.0_proj.npy,215995,100,215995,215986,10800,3086
Peromyscus_polionotus__subject__38565.0,Peromyscus_polionotus,38565.0,/Users/meganbishop/slowmodeevo/outputs/multispecies_slow_modes/global_clustering_modes/global_outputs/XY_EvenSampled_SlowModes/projections/Peromyscus_polionotus__subject__38565.0_proj.npy,215995,100,215995,215986,10800,3086
Peromyscus_polionotus__subject__38994.0,Peromyscus_polionotus,38994.0,/Users/meganbishop/slowmodeevo/outputs/multispecies_slow_modes/global_clustering_modes/global_outputs/XY_EvenSampled_SlowModes/projections/Peromyscus_polionotus__subject__38994.0_proj.npy,215995,100,215995,215986,10800,3086
Peromyscus_polionotus__subject__38995.0,Peromyscus_polionotus,38995.0,/Users/meganbishop/slowmodeevo/outputs/multispecies_slow_modes/global_clustering_modes/global_outputs/XY_EvenSampled_SlowModes/projections/Peromyscus_polionotus__subject__38995.0_proj.npy,215995,100,215995,215986,10800,3086
Peromyscus_polionotus__subject__38996.0,Peromyscus_polionotus,38996.0,/Users/meganbishop/slowmodeevo/outputs/multispecies_slow_modes/global_clustering_modes/global_outputs/XY_EvenSampled_SlowModes/projections/Peromyscus_polionotus__subject__38996.0_proj.npy,215995,100,215995,215986,10800,3086
Peromyscus_polionotus__subject__38997.0,Peromyscus_polionotus,38997.0,/Users/meganbishop/slowmodeevo/outputs/multispecies_slow_modes/global_clustering_modes/global_outputs/XY_EvenSampled_SlowModes/projections/Peromyscus_polionotus__subject__38997.0_proj.npy,215995,100,215995,215986,10800,3086
Peromyscus_polionotus__subject__38998.0,Peromyscus_polionotus,38998.0,/Users/meganbishop/slowmodeevo/outputs/multispecies_slow_modes/global_clustering_modes/global_outputs/XY_EvenSampled_SlowModes/projections/Peromyscus_polionotus__subject__38998.0_proj.npy,215995,100,215995,215986,10800,3086
Peromyscus_polionotus__subject__38999.0,Peromyscus_polionotus,38999.0,/Users/meganbishop/slowmodeevo/outputs/multispecies_slow_modes/global_clustering_modes/global_outputs/XY_EvenSampled_SlowModes/projections/Peromyscus_polionotus__subject__38999.0_proj.npy,215995,100,215995,215986,10800,3086
Peromyscus_polionotus__subject__39127.0,Peromyscus_polionotus,39127.0,/Users/meganbishop/slowmodeevo/outputs/multispecies_slow_modes/global_clustering_modes/global_outputs/XY_EvenSampled_SlowModes/projections/Peromyscus_polionotus__subject__39127.0_proj.npy,215995,100,215995,215986,10800,3086
Peromyscus_polionotus__subject__39128.0,Peromyscus_polionotus,39128.0,/Users/meganbishop/slowmodeevo/outputs/multispecies_slow_modes/global_clustering_modes/global_outputs/XY_EvenSampled_SlowModes/projections/Peromyscus_polionotus__subject__39128.0_proj.npy,215995,100,215995,215986,10800,3086
Peromyscus_polionotus__subject__39196.0,Peromyscus_polionotus,39196.0,/Users/meganbishop/slowmodeevo/outputs/multispecies_slow_modes/global_clustering_modes/global_outputs/XY_EvenSampled_SlowModes/projections/Peromyscus_polionotus__subject__39196.0_proj.npy,215995,100,215995,215986,10800,3086
Peromyscus_polionotus__subject__39331.0,Peromyscus_polionotus,39331.0,/Users/meganbishop/slowmodeevo/outputs/multispecies_slow_modes/global_clustering_modes/global_outputs/XY_EvenSampled_SlowModes/projections/Peromyscus_polionotus__subject__39331.0_proj.npy,215995,100,215995,215986,10800,3086
Peromyscus_polionotus__subject__39332.0,Peromyscus_polionotus,39332.0,/Users/meganbishop/slowmodeevo/outputs/multispecies_slow_modes/global_clustering_modes/global_outputs/XY_EvenSampled_SlowModes/projections/Peromyscus_polionotus__subject__39332.0_proj.npy,215995,100,215995,215986,10800,3086
Peromyscus_polionotus__subject__39411.0,Peromyscus_polionotus,39411.0,/Users/meganbishop/slowmodeevo/outputs/multispecies_slow_modes/global_clustering_modes/global_outputs/XY_EvenSampled_SlowModes/projections/Peromyscus_polionotus__subject__39411.0_proj.npy,215995,100,215995,215986,10800,3086
Peromyscus_polionotus__subject__39412.0,Peromyscus_polionotus,39412.0,/Users/meganbishop/slowmodeevo/outputs/multispecies_slow_modes/global_clustering_modes/global_outputs/XY_EvenSampled_SlowModes/projections/Peromyscus_polionotus__subject__39412.0_proj.npy,215995,100,215995,215986,10800,3086
Peromyscus_polionotus__subject__39413.0,Peromyscus_polionotus,39413.0,/Users/meganbishop/slowmodeevo/outputs/multispecies_slow_modes/global_clustering_modes/global_outputs/XY_EvenSampled_SlowModes/projections/Peromyscus_polionotus__subject__39413.0_proj.npy,215995,100,215995,215986,10800,3086
Peromyscus_polionotus__subject__39414.0,Peromyscus_polionotus,39414.0,/Users/meganbishop/slowmodeevo/outputs/multispecies_slow_modes/global_clustering_modes/global_outputs/XY_EvenSampled_SlowModes/projections/Peromyscus_polionotus__subject__39414.0_proj.npy,215995,100,215995,215986,10800,3085
Peromyscus_polionotus__subject__39415.0,Peromyscus_polionotus,39415.0,/Users/meganbishop/slowmodeevo/outputs/multispecies_slow_modes/global_clustering_modes/global_outputs/XY_EvenSampled_SlowModes/projections/Peromyscus_polionotus__subject__39415.0_proj.npy,431990,100,431990,431981,21600,6171
Peromyscus_polionotus__subject__39566.0,Peromyscus_polionotus,39566.0,/Users/meganbishop/slowmodeevo/outputs/multispecies_slow_modes/global_clustering_modes/global_outputs/XY_EvenSampled_SlowModes/projections/Peromyscus_polionotus__subject__39566.0_proj.npy,431990,100,431990,431981,21600,6171
Peromyscus_polionotus__subject__39567.0,Peromyscus_polionotus,39567.0,/Users/meganbishop/slowmodeevo/outputs/multispecies_slow_modes/global_clustering_modes/global_outputs/XY_EvenSampled_SlowModes/projections/Peromyscus_polionotus__subject__39567.0_proj.npy,215995,100,215995,215986,10800,3085
Peromyscus_polionotus__subject__39673.0,Peromyscus_polionotus,39673.0,/Users/meganbishop/slowmodeevo/outputs/multispecies_slow_modes/global_clustering_modes/global_outputs/XY_EvenSampled_SlowModes/projections/Peromyscus_polionotus__subject__39673.0_proj.npy,431990,100,431990,431981,21600,6171
Peromyscus_polionotus__subject__40095.0,Peromyscus_polionotus,40095.0,/Users/meganbishop/slowmodeevo/outputs/multispecies_slow_modes/global_clustering_modes/global_outputs/XY_EvenSampled_SlowModes/projections/Peromyscus_polionotus__subject__40095.0_proj.npy,215995,100,215995,215986,10800,3085
Peromyscus_polionotus__subject__40096.0,Peromyscus_polionotus,40096.0,/Users/meganbishop/slowmodeevo/outputs/multispecies_slow_modes/global_clustering_modes/global_outputs/XY_EvenSampled_SlowModes/projections/Peromyscus_polionotus__subject__40096.0_proj.npy,215995,100,215995,215986,10800,3085
Peromyscus_polionotus__subject__40386.0,Peromyscus_polionotus,40386.0,/Users/meganbishop/slowmodeevo/outputs/multispecies_slow_modes/global_clustering_modes/global_outputs/XY_EvenSampled_SlowModes/projections/Peromyscus_polionotus__subject__40386.0_proj.npy,215995,100,215995,215986,10800,3085
Peromyscus_polionotus__subject__40414.0,Peromyscus_polionotus,40414.0,/Users/meganbishop/slowmodeevo/outputs/multispecies_slow_modes/global_clustering_modes/global_outputs/XY_EvenSampled_SlowModes/projections/Peromyscus_polionotus__subject__40414.0_proj.npy,215995,100,215995,215986,10800,3085
Peromyscus_polionotus__subject__40415.0,Peromyscus_polionotus,40415.0,/Users/meganbishop/slowmodeevo/outputs/multispecies_slow_modes/global_clustering_modes/global_outputs/XY_EvenSampled_SlowModes/projections/Peromyscus_polionotus__subject__40415.0_proj.npy,215995,100,215995,215986,10800,3085
Peromyscus_polionotus__subject__40416.0,Peromyscus_polionotus,40416.0,/Users/meganbishop/slowmodeevo/outputs/multispecies_slow_modes/global_clustering_modes/global_outputs/XY_EvenSampled_SlowModes/projections/Peromyscus_polionotus__subject__40416.0_proj.npy,215995,100,215995,215986,10800,3085
Peromyscus_polionotus__subject__40419.0,Peromyscus_polionotus,40419.0,/Users/meganbishop/slowmodeevo/outputs/multispecies_slow_modes/global_clustering_modes/global_outputs/XY_EvenSampled_SlowModes/projections/Peromyscus_polionotus__subject__40419.0_proj.npy,215995,100,215995,215986,10800,3085
