species,aligned_arm,moseq_cluster,soft_frames,p_syllable_given_species_arm,p_syllable_repertoire,log2_enrichment_vs_repertoire,moseq_label
Mus_caroli,1,0,188504.5111214025,0.022605699769546243,0.040573731923181575,-0.8438594283878009,head_low
Mus_caroli,1,1,519980.0001587839,0.062356660325162315,0.04248248924878019,0.5536753598757603,head_down
Mus_caroli,1,2,80848.82432624382,0.009695493431787409,0.030048559373321234,-1.631909596804358,sniff_floor
Mus_caroli,1,3,96115.00241950224,0.011526232847791982,0.033851374359223356,-1.5542933383172717,step_to_stop
Mus_caroli,1,4,220547.5804225138,0.02644834523201573,0.03130655107045301,-0.2432871192734379,turn_left
Mus_caroli,1,5,291172.9046575546,0.034917823581825484,0.023451399746048342,0.574289603397238,enter_rear
Mus_caroli,1,6,189068.3602216097,0.022673317267922207,0.026279702800546055,-0.2129534770996764,turn_right
Mus_caroli,1,7,56494.16606094981,0.006774851960345057,0.023833783952666693,-1.8147466910078174,extend_rear
Mus_caroli,1,8,162239.4926982809,0.01945596548794965,0.01763438337878145,0.14182144481511438,extend_rear_2
Mus_caroli,1,9,115712.53740801197,0.013876394069600161,0.024648901613166296,-0.8288906429051618,still
Mus_caroli,1,10,23736.83132436831,0.0028465508820287723,0.016897503175684246,-2.5695232922204045,motionless_rear
Mus_caroli,1,11,2066725.3421096816,0.24784432113539867,0.042130944759894096,2.5564820297678734,start_moving
Mus_caroli,1,12,62597.55485273327,0.007506778075975324,0.011464369274883191,-0.6108912474918321,leave_rear_turn_right
Mus_caroli,1,13,291925.57683939615,0.035008084983350465,0.03435619147361984,0.027118028831420997,take_a_step
Mus_caroli,1,14,522637.14585050486,0.06267530860256244,0.06941183880562808,-0.14728455358170922,curve_spine
Mus_caroli,1,15,85074.17194063618,0.010202202470338782,0.012744230421561972,-0.3209636193094372,leave_rear_turn_left
Mus_caroli,1,16,9693.883640003423,0.0011625028062363068,0.017884303409966176,-3.943387822797816,brief_walk
Mus_caroli,1,17,9936.357165553683,0.0011915805385836376,0.017462096356820934,-3.873278396284186,slow_locomotion
Mus_caroli,1,18,339296.09661469416,0.040688817723364766,0.019430739064254514,1.0662915852134367,leave_rear_turn_right_2
Mus_caroli,1,19,207422.5087183644,0.02487437000652798,0.027835185886624505,-0.16224973075788443,high_rear
Mus_caroli,1,20,100329.39053742368,0.012031627609643165,0.009911856987303822,0.2796045431374434,enter_wall_rear
Mus_caroli,1,21,285700.54729885334,0.03426157155503554,0.016183347652003455,1.0820812569933846,leave_rear_turn_left_2
Mus_caroli,1,22,193373.4434809111,0.023189588306019488,0.01993118357480233,0.21844982309610678,stopping
Mus_caroli,1,23,188598.38211961108,0.022616956898566378,0.04476507848228931,-0.984968887204136,scrunch_idle
Mus_caroli,1,24,119434.62947807489,0.01432275206575582,0.008457368189545029,0.7600280354471961,end_and_enter_rear
Mus_caroli,1,25,38786.270383759394,0.004651298678528859,0.009207616985881323,-0.9851942381013985,mid_rear
Mus_caroli,1,26,30874.658112397403,0.0037025281125858305,0.02360235103334481,-2.6723479790159197,still_2
Mus_caroli,1,27,354703.97074694926,0.04253654950786512,0.013416974814670387,1.664643591790512,stop_rear_start_walking
Mus_caroli,1,28,424607.9203871857,0.050919519702434905,0.04318116061059329,0.23781679088878405,mid_rear_2
Mus_caroli,1,29,207893.2406030036,0.024930820770452947,0.012102261443192942,1.042653723471507,mid_rear_3
Mus_caroli,1,30,52298.808985774696,0.006271739425248371,0.008922034512126331,-0.5085071083363168,mid_rear_4
Mus_caroli,1,31,80030.56052752178,0.009597366200475233,0.02172565518244134,-1.1786892378571863,groom_1
Mus_caroli,1,32,117099.12428793524,0.014042675324756703,0.034270983571263666,-1.2871697822704018,slow_locomotion_2
Mus_caroli,1,33,36086.28115476911,0.00432751254986558,0.006767273207908814,-0.645036630672527,jump_1
Mus_caroli,1,34,48299.20162094356,0.005792101443390158,0.016640496954143852,-1.5225397437233226,very_slow_locomotion
Mus_caroli,1,35,17438.898628761013,0.002091294815005434,0.020018789978982026,-3.2588864125027732,groom_2
Mus_caroli,1,36,23384.26705036825,0.002804270927665343,0.017230361213409588,-2.619255302623564,groom_3
Mus_caroli,1,37,28914.43273580172,0.0034674554022280962,0.016859500103994448,-2.2816125278908124,groom_4
Mus_caroli,1,38,25081.5260482656,0.0030078083767660626,0.006297115409316486,-1.0659784504678167,brief_fast
Mus_caroli,1,39,124786.75838000522,0.014964586143705435,0.011957200310493793,0.3236727478641006,paused_in_rear
Mus_caroli,1,40,38822.55390769035,0.004655649844682311,0.01160799645073193,-1.3180645222593428,groom_5
Mus_caroli,1,41,111939.88205622754,0.013423972460647336,0.00883372720527072,0.6037174749488711,jump_2
Mus_caroli,1,42,25319.979850379503,0.0030364040587867545,0.012387155874871613,-2.0284092885354292,groom_6
Mus_caroli,1,43,49310.72971879842,0.005913405174279869,0.011291136998855773,-0.933129734355706,very_fast
Mus_caroli,1,44,39408.19550695158,0.004725880727151378,0.008633185446083932,-0.8693097600859684,groom_7
Mus_caroli,1,45,2325.134199844043,0.00027883303870498646,0.001980982452708621,-2.828742680839039,idle_enter_groom
Mus_caroli,1,46,11586.921607028524,0.0013895183173259133,0.005638575548418596,-2.020745893179977,groom_9
Mus_caroli,1,47,11812.53974437062,0.0014165747301670625,0.006012915450013826,-2.0856579605251957,groom_10
Mus_caroli,1,48,9353.118920684652,0.0011216378694178307,0.00627466080249054,-2.4839305070987305,groom_11
Mus_caroli,1,49,1416.0600506343876,0.00016981571512457528,0.0009031806159642048,-2.411044548082703,groom_12
Mus_caroli,1,51,4.621819478666724,5.542544467622467e-07,1.4275265507881752e-06,-1.3648972338081005,unnamed_51
Mus_caroli,1,52,0.8833500508367746,1.0593245711647227e-07,2.5271078128817684e-06,-4.576270618733107,unnamed_52
Mus_caroli,1,55,0.8849439859509537,1.0612360383454769e-07,6.623208771674871e-07,-2.6417847607053426,unnamed_55
Mus_caroli,1,56,1.7771108856655382,2.1311338863755404e-07,3.0865438935960555e-07,-0.5343710761505924,unnamed_56
Mus_caroli,1,61,0.6379917817030062,7.65087826642392e-08,0.0010947135251613783,-13.804568487324403,unnamed_61
Mus_caroli,1,62,0.8833500508367746,1.0593245711647227e-07,6.108784789408859e-07,-2.5277407248054486,unnamed_62
Mus_caroli,1,81,26.23032693406362,3.1455740342818854e-06,5.079936824876843e-07,2.6304408572753837,unnamed_81
Mus_caroli,1,89,22.311390675288035,2.6756102336553058e-06,1.6718779423645303e-07,4.0003265378600545,unnamed_89
Mus_caroli,2,0,21243.488878597906,0.022385590678140218,0.040573731923181575,-0.8579756195412839,head_low
Mus_caroli,2,1,56003.999841231205,0.059014911531197416,0.04248248924878019,0.47421122909605445,head_down
Mus_caroli,2,2,9716.175673757089,0.01023854098696357,0.030048559373321234,-1.5532856820633307,sniff_floor
Mus_caroli,2,3,11548.997580497296,0.012169899871781681,0.033851374359223356,-1.4758971098442493,step_to_stop
Mus_caroli,2,4,25979.419577487537,0.027376136567812324,0.03130655107045301,-0.1935457187887201,turn_left
Mus_caroli,2,5,23580.095342454424,0.024847818807178172,0.023451399746048342,0.08344517900307598,enter_rear
Mus_caroli,2,6,21887.639778390083,0.02306437270213397,0.026279702800546055,-0.1882829052365915,turn_right
Mus_caroli,2,7,3790.833939050212,0.003994638421840097,0.023833783952666693,-2.5768711907152277,extend_rear
Mus_caroli,2,8,9134.507301722097,0.009625600703886353,0.01763438337878145,-0.8734426472102705,extend_rear_2
Mus_caroli,2,9,13430.462591989257,0.014152517033359766,0.024648901613166296,-0.8004646996584042,still
Mus_caroli,2,10,1250.1686756317154,0.0013173807942403915,0.016897503175684246,-3.681065757613356,motionless_rear
Mus_caroli,2,11,212714.65788975093,0.22415071695487312,0.042130944759894096,2.411516941009793,start_moving
Mus_caroli,2,12,5106.445147266871,0.005380980098907193,0.011464369274883191,-1.0912161093868826,leave_rear_turn_right
Mus_caroli,2,13,32945.42316061137,0.034716649501701,0.03435619147361984,0.01505760362411024,take_a_step
Mus_caroli,2,14,84216.85414950835,0.08874455773085596,0.06941183880562808,0.35447690055192144,curve_spine
Mus_caroli,2,15,6862.828059364241,0.007231790442207389,0.012744230421561972,-0.8174194787450406,leave_rear_turn_left
Mus_caroli,2,16,949.1163599966036,0.0010001431715020927,0.017884303409966176,-4.160415483600852,brief_walk
Mus_caroli,2,17,1040.6428344463368,0.0010965903325571283,0.017462096356820934,-3.993130202315845,slow_locomotion
Mus_caroli,2,18,39549.90338531716,0.041676202699249654,0.019430739064254514,1.1008830572941015,leave_rear_turn_right_2
Mus_caroli,2,19,14875.491281639264,0.015675233991460924,0.027835185886624505,-0.8284227387584486,high_rear
Mus_caroli,2,20,7331.609462576255,0.007725774677555879,0.009911856987303822,-0.3594757698403679,enter_wall_rear
Mus_caroli,2,21,31410.45270115169,0.033099155284773245,0.016183347652003455,1.032284327455882,leave_rear_turn_left_2
Mus_caroli,2,22,19026.556519091955,0.020049470625326218,0.01993118357480233,0.008536760717667567,stopping
Mus_caroli,2,23,28995.617880386235,0.030554493051469532,0.04476507848228931,-0.5509891710412809,scrunch_idle
Mus_caroli,2,24,8835.370521924555,0.00931038160086646,0.008457368189545029,0.1386315127696648,end_and_enter_rear
Mus_caroli,2,25,3167.7296162406574,0.003338034490164489,0.009207616985881323,-1.4638289607780481,mid_rear
Mus_caroli,2,26,3729.3418876024775,0.003929840407656328,0.02360235103334481,-2.5863879434102275,still_2
Mus_caroli,2,27,34996.02925304981,0.03687750118146789,0.013416974814670387,1.4586814847997145,stop_rear_start_walking
Mus_caroli,2,28,38908.07961282227,0.04099987291459525,0.04318116061059329,-0.07478258233374918,mid_rear_2
Mus_caroli,2,29,17639.75939699917,0.01858811590594827,0.012102261443192942,0.619103889466454,mid_rear_3
Mus_caroli,2,30,4311.19101422574,0.0045429711631295505,0.008922034512126331,-0.9737365809387696,mid_rear_4
Mus_caroli,2,31,25141.439472478934,0.026493104607556196,0.02172565518244134,0.28621723137206284,groom_1
Mus_caroli,2,32,12763.875712065676,0.013450092816195455,0.034270983571263666,-1.3493714690036376,slow_locomotion_2
Mus_caroli,2,33,2964.718845230799,0.0031241093647271703,0.006767273207908814,-1.1151296757709719,jump_1
Mus_caroli,2,34,5495.7983790562885,0.005791265910520272,0.016640496954143852,-1.5227478730337631,very_slow_locomotion
Mus_caroli,2,35,3892.101371238973,0.004101350238291668,0.020018789978982026,-2.2871839199614965,groom_2
Mus_caroli,2,36,5345.732949631851,0.005633132597426904,0.017230361213409588,-1.6129436097509626,groom_3
Mus_caroli,2,37,7262.567264198053,0.007653020602119124,0.016859500103994448,-1.1394605714442736,groom_4
Mus_caroli,2,38,2374.473951734408,0.002502131465466738,0.006297115409316486,-1.3315335156437587,brief_fast
Mus_caroli,2,39,10858.24161999512,0.01144200718529054,0.011957200310493793,-0.0635394773034297,paused_in_rear
Mus_caroli,2,40,11618.446092309645,0.012243082105054271,0.01160799645073193,0.07684780812425697,groom_5
Mus_caroli,2,41,12886.117943772502,0.013578907088568968,0.00883372720527072,0.620273181305934,jump_2
Mus_caroli,2,42,11563.020149620526,0.012184676328438233,0.012387155874871613,-0.023777050665432155,groom_6
Mus_caroli,2,43,4894.270281202259,0.005157398194303155,0.011291136998855773,-1.1304754273537325,very_fast
Mus_caroli,2,44,11708.804493048548,0.012338298393905501,0.008633185446083932,0.5151785585602041,groom_7
Mus_caroli,2,45,379.8658001559545,0.0004002883125041866,0.001980982452708621,-2.3071047029901193,idle_enter_groom
Mus_caroli,2,46,5772.078392971383,0.006082399412149803,0.005638575548418596,0.10930981057953566,groom_9
Mus_caroli,2,47,9200.460255629372,0.009695099449531187,0.006012915450013826,0.6891910247870846,groom_10
Mus_caroli,2,48,8715.881079315366,0.009184468114249708,0.00627466080249054,0.5496587036852679,groom_11
Mus_caroli,2,49,1955.939949365612,0.0020610960538422983,0.0009031806159642048,1.1903253122915807,groom_12
Mus_caroli,2,51,3.3781805213332743,3.559799749447944e-06,1.4275265507881752e-06,1.318278508342479,unnamed_51
Mus_caroli,2,52,0.1166499491632254,1.2292133507432496e-07,2.5271078128817684e-06,-4.361679968001662,unnamed_52
Mus_caroli,2,55,0.1150560140490463,1.212417061189571e-07,6.623208771674871e-07,-2.4496442754176195,unnamed_55
Mus_caroli,2,56,0.2228891143344618,2.3487217700531356e-07,3.0865438935960555e-07,-0.39411648641285507,unnamed_56
Mus_caroli,2,61,0.3620082182969939,3.8147066346920105e-07,0.0010947135251613783,-11.486693648237718,unnamed_61
Mus_caroli,2,62,0.1166499491632254,1.2292133507432496e-07,6.108784789408859e-07,-2.313150074074004,unnamed_62
Mus_caroli,2,81,1.769673065936388,1.8648150082396482e-06,5.079936824876843e-07,1.87615006002317,unnamed_81
Mus_caroli,2,89,1.688609324711969,1.779393082478822e-06,1.6718779423645303e-07,3.411843818403258,unnamed_89
Mus_musculus,1,0,3028368.104659162,0.04317025759193208,0.040573731923181575,0.08949169521329839,head_low
Mus_musculus,1,1,3518099.386483277,0.05015151774806942,0.04248248924878019,0.2394250592389397,head_down
Mus_musculus,1,2,1789235.5902997933,0.025506067511098744,0.030048559373321234,-0.23645534161948453,sniff_floor
Mus_musculus,1,3,2752013.231635773,0.03923073946107787,0.033851374359223356,0.2127701209343572,step_to_stop
Mus_musculus,1,4,2598976.981219727,0.03704916373347732,0.03130655107045301,0.2429763979326923,turn_left
Mus_musculus,1,5,1769996.9781108743,0.02523181556575923,0.023451399746048342,0.10556998417538681,enter_rear
Mus_musculus,1,6,2102516.329523517,0.02997197447599897,0.026279702800546055,0.1896651678040661,turn_right
Mus_musculus,1,7,1446893.4864972404,0.020625882442783374,0.023833783952666693,-0.20855217420216143,extend_rear
Mus_musculus,1,8,1028410.9081634908,0.014660293029591095,0.01763438337878145,-0.26647718963596767,extend_rear_2
Mus_musculus,1,9,2159937.899939517,0.030790535463475422,0.024648901613166296,0.3209635971357598,still
Mus_musculus,1,10,849396.5529309447,0.01210839195252159,0.016897503175684246,-0.4808028038978535,motionless_rear
Mus_musculus,1,11,2752868.2254120484,0.03924292764305764,0.042130944759894096,-0.10244759273248374,start_moving
Mus_musculus,1,12,712187.2209473692,0.010152433495346338,0.011464369274883191,-0.1753314088607504,leave_rear_turn_right
Mus_musculus,1,13,3548594.7630964187,0.05058623810512471,0.03435619147361984,0.558174839103538,take_a_step
Mus_musculus,1,14,5706759.768305072,0.08135150044473616,0.06941183880562808,0.228987206925583,curve_spine
Mus_musculus,1,15,858080.6512244224,0.012232186269238344,0.012744230421561972,-0.05916197575865107,leave_rear_turn_left
Mus_musculus,1,16,160417.42332551134,0.0022867964685474606,0.017884303409966176,-2.967294054170211,brief_walk
Mus_musculus,1,17,309440.8785962169,0.004411168648197066,0.017462096356820934,-1.9849939437167587,slow_locomotion
Mus_musculus,1,18,1393463.577177164,0.019864223731310162,0.019430739064254514,0.03183163976597214,leave_rear_turn_right_2
Mus_musculus,1,19,2667697.9814994484,0.038028801340770337,0.027835185886624505,0.45018274854127066,high_rear
Mus_musculus,1,20,317699.3964341886,0.004528896193221825,0.009911856987303822,-1.1299959000104145,enter_wall_rear
Mus_musculus,1,21,1170243.4072762276,0.016682156062748834,0.016183347652003455,0.04379568861795994,leave_rear_turn_left_2
Mus_musculus,1,22,1367738.6515879645,0.019497507524482323,0.01993118357480233,-0.03173767639652487,stopping
Mus_musculus,1,23,2951261.811937312,0.04207108523120092,0.04476507848228931,-0.08954468245284564,scrunch_idle
Mus_musculus,1,24,310099.8217110501,0.004420562071659034,0.008457368189545029,-0.9359789683500845,end_and_enter_rear
Mus_musculus,1,25,611985.1553716895,0.0087240242555678,0.009207616985881323,-0.07783404103260992,mid_rear
Mus_musculus,1,26,1164080.9490981966,0.016594308450519724,0.02360235103334481,-0.5082420658447792,still_2
Mus_musculus,1,27,454862.6055327669,0.0064841971554171415,0.013416974814670387,-1.0490595547657342,stop_rear_start_walking
Mus_musculus,1,28,4625823.938522848,0.06594244956342019,0.04318116061059329,0.6108054595634185,mid_rear_2
Mus_musculus,1,29,621215.3654079718,0.008855603552113981,0.012102261443192942,-0.4506141143591856,mid_rear_3
Mus_musculus,1,30,534665.2952780329,0.007621807430578824,0.008922034512126331,-0.2272395706642797,mid_rear_4
Mus_musculus,1,31,1117476.0405224387,0.015929942085952442,0.02172565518244134,-0.44765866328581055,groom_1
Mus_musculus,1,32,4314359.728234333,0.061502437740506,0.034270983571263666,0.8436559973989877,slow_locomotion_2
Mus_musculus,1,33,121197.29624603664,0.0017277022863691704,0.006767273207908814,-1.9697199970409793,jump_1
Mus_musculus,1,34,1506798.3251317956,0.021479843132330374,0.016640496954143852,0.36828493836452986,very_slow_locomotion
Mus_musculus,1,35,684389.8522008483,0.009756174015754343,0.020018789978982026,-1.0369673780996203,groom_2
Mus_musculus,1,36,698596.1339197996,0.009958688644107197,0.017230361213409588,-0.7909252597714017,groom_3
Mus_musculus,1,37,725128.0928802257,0.010336909343558487,0.016859500103994448,-0.7057568645965279,groom_4
Mus_musculus,1,38,17602.8899671276,0.0002509342550115331,0.006297115409316486,-4.64930977687515,brief_fast
Mus_musculus,1,39,1085356.9919130586,0.015472075817997283,0.011957200310493793,0.3717871368362927,paused_in_rear
Mus_musculus,1,40,522756.94366258726,0.007452050456206004,0.01160799645073193,-0.6394096357997733,groom_5
Mus_musculus,1,41,303656.6809328387,0.004328713248304789,0.00883372720527072,-1.0290840474480913,jump_2
Mus_musculus,1,42,632191.559942183,0.009012072359420477,0.012387155874871613,-0.4589141763730309,groom_6
Mus_musculus,1,43,1573953.7337444092,0.022437162780505795,0.011291136998855773,0.9906994856685476,very_fast
Mus_musculus,1,44,505172.1306075334,0.007201373892770832,0.008633185446083932,-0.26162080568237234,groom_7
Mus_musculus,1,45,37236.93011682839,0.0005308231395658488,0.001980982452708621,-1.8999129341282934,idle_enter_groom
Mus_musculus,1,46,292632.77718376496,0.004171564332430264,0.005638575548418596,-0.43474225184790716,groom_9
Mus_musculus,1,47,328215.7188338709,0.004678809391097479,0.006012915450013826,-0.3619232160847357,groom_10
Mus_musculus,1,48,356517.08101981087,0.005082253442000632,0.00627466080249054,-0.30406914997263296,groom_11
Mus_musculus,1,49,42537.3712412272,0.0006063824509781977,0.0009031806159642048,-0.5747865215922747,groom_12
Mus_musculus,1,50,6.29333791381343,8.97133404735076e-08,0.0001441801816296132,-10.650262719819816,unnamed_50
Mus_musculus,1,51,52.37125354024057,7.465672691064844e-07,1.4275265507881752e-06,-0.9351734140327813,unnamed_51
Mus_musculus,1,52,2.579795806305889,3.677573057299979e-08,2.5271078128817684e-06,-6.102589402621717,unnamed_52
Mus_musculus,1,53,1.6202604982626727,2.3097279015856048e-08,2.9579378980295527e-07,-3.6787969538403624,unnamed_53
Mus_musculus,1,54,2.380100953231953,3.392902305626112e-08,3.5366648780788137e-07,-3.3817977256466922,unnamed_54
Mus_musculus,1,55,30.06863871159896,4.2863708563743567e-07,6.623208771674871e-07,-0.6277736572233632,unnamed_55
Mus_musculus,1,56,14.310403807164969,2.0399891864183e-07,3.0865438935960555e-07,-0.5974308032311472,unnamed_56
Mus_musculus,1,58,1.3790461361594568,1.9658698966472845e-08,3.0865438935960555e-07,-3.9727525571413302,unnamed_58
Mus_musculus,1,59,80.70032739699862,1.150406357840632e-06,6.044481791625609e-07,0.9284529900419142,unnamed_59
Mus_musculus,1,61,64.53219882826347,9.199250388695589e-07,0.0010947135251613783,-10.216749454556217,unnamed_61
Mus_musculus,1,63,0.8832032093408573,1.2590315554640008e-08,6.430299778325116e-09,0.969356540012396,unnamed_63
Mus_musculus,1,64,18.49397890150604,2.6363698384269917e-07,2.5078169135467955e-07,0.07212074428972094,unnamed_64
Mus_musculus,1,65,23.603137948533515,3.3646951427352354e-07,5.337148816009846e-07,-0.6655934428558995,unnamed_65
Mus_musculus,1,66,29.8073202335506,4.2491191563794876e-07,4.1796948559113256e-07,0.02376618083617566,unnamed_66
Mus_musculus,1,67,16.002978364639922,2.2812705535259753e-07,5.465754811576348e-07,-1.2605831862574204,unnamed_67
Mus_musculus,1,68,44.959424201828256,6.409095119552244e-07,5.401451813793101e-07,0.24677345147877808,unnamed_68
Mus_musculus,1,70,12.109783613668569,1.7262844539285907e-07,5.594360807142849e-07,-1.6963030944332982,unnamed_70
Mus_musculus,1,72,34.71800426522259,4.949151276892549e-07,5.530057809359598e-07,-0.16011342136004442,unnamed_72
Mus_musculus,1,73,9.937892529030592,1.416675138465288e-07,8.359389711822652e-07,-2.5608886523585372,unnamed_73
Mus_musculus,1,74,3.8488293028015073,5.48661677468096e-08,9.516843671921168e-07,-4.116494456814181,unnamed_74
Mus_musculus,1,75,23.0391875188,3.2843023883563326e-07,5.594360807142854e-07,-0.7683863398118598,unnamed_75
Mus_musculus,1,77,2.826332308778752,4.0290179262772046e-08,2.507816913546795e-07,-2.637931896561516,unnamed_77
Mus_musculus,1,78,24.59498328479411,3.5060855456781614e-07,3.022240895812805e-07,0.21424253816813926,unnamed_78
Mus_musculus,1,85,7.7557023578948545,1.1055976586253172e-07,3.3437558847290595e-07,-1.5966430598444534,unnamed_85
Mus_musculus,1,86,59.846604382251016,8.531305435456656e-07,5.144239822660094e-07,0.7298086132477628,unnamed_86
Mus_musculus,1,87,31.956892342905288,4.5555468377782746e-07,4.436906847044331e-07,0.03806997828524421,unnamed_87
Mus_musculus,1,90,0.8815556958311803,1.2566829776114762e-08,4.5012098448275814e-08,-1.8406920760719132,unnamed_90
Mus_musculus,2,0,308488.8953407985,0.026833682717711266,0.040573731923181575,-0.5965009389598661,head_low
Mus_musculus,2,1,376456.6135166915,0.03274580536499128,0.04248248924878019,-0.3755581891305356,head_down
Mus_musculus,2,2,217966.40970019155,0.01895964998854232,0.030048559373321234,-0.6643634939635749,sniff_floor
Mus_musculus,2,3,303687.7683639487,0.02641606017138944,0.033851374359223356,-0.3577990965409598,step_to_stop
Mus_musculus,2,4,285210.01878012967,0.02480878653153357,0.03130655107045301,-0.335613410104625,turn_left
Mus_musculus,2,5,143068.02188911298,0.012444668072028667,0.023451399746048342,-0.9141462847629195,enter_rear
Mus_musculus,2,6,226045.6704763501,0.019662418624740993,0.026279702800546055,-0.4185081653000611,turn_right
Mus_musculus,2,7,81325.51350280193,0.0070740407812031865,0.023833783952666693,-1.7524015769170396,extend_rear
Mus_musculus,2,8,52186.09183652757,0.004539369331501261,0.01763438337878145,-1.9578273514443163,extend_rear_2
Mus_musculus,2,9,288119.1000604832,0.025061830855838352,0.024648901613166296,0.02396845282659554,still
Mus_musculus,2,10,43601.44706907084,0.0037926402355326363,0.016897503175684246,-2.1555356541996993,motionless_rear
Mus_musculus,2,11,251100.7745877232,0.021841818675563156,0.042130944759894096,-0.9477872794365366,start_moving
Mus_musculus,2,12,43592.77905263184,0.003791886254412314,0.011464369274883191,-1.5961693922865603,leave_rear_turn_right
Mus_musculus,2,13,383803.2369032183,0.03338484606946395,0.03435619147361984,-0.04137672832717227,take_a_step
Mus_musculus,2,14,1337777.2316943668,0.11636558179057802,0.06941183880562808,0.7454107526330784,curve_spine
Mus_musculus,2,15,54155.34877559041,0.004710663717427493,0.012744230421561972,-1.4358420064213422,leave_rear_turn_left
Mus_musculus,2,16,12638.576674486983,0.0010993574213165461,0.017884303409966176,-4.023961512389387,brief_walk
Mus_musculus,2,17,28461.12140378105,0.0024756699935523357,0.017462096356820934,-2.8183358461172126,slow_locomotion
Mus_musculus,2,18,209496.42282279333,0.018222894325943196,0.019430739064254514,-0.0925886567706943,leave_rear_turn_right_2
Mus_musculus,2,19,190207.01850062973,0.016545019487619536,0.027835185886624505,-0.7505127267862454,high_rear
Mus_musculus,2,20,17887.60356581243,0.0015559402166971015,0.009911856987303822,-2.671368742518079,enter_wall_rear
Mus_musculus,2,21,167303.59272376267,0.014552781615438925,0.016183347652003455,-0.15321513548878427,leave_rear_turn_left_2
Mus_musculus,2,22,112821.34841200024,0.009813683126997113,0.01993118357480233,-1.0221607901371834,stopping
Mus_musculus,2,23,912435.1880623295,0.0793675127588999,0.04476507848228931,0.8261748789962748,scrunch_idle
Mus_musculus,2,24,18773.17828895385,0.0016329712914051548,0.008457368189545029,-2.372709359691681,end_and_enter_rear
Mus_musculus,2,25,53771.84462831327,0.004677304887452129,0.009207616985881323,-0.977150349093226,mid_rear
Mus_musculus,2,26,262101.0509017896,0.02279866972880032,0.02360235103334481,-0.0499809262278512,still_2
Mus_musculus,2,27,35597.394467431564,0.0030964135278225037,0.013416974814670387,-2.1153893550791727,stop_rear_start_walking
Mus_musculus,2,28,417045.0614769336,0.03627636205931334,0.04318116061059329,-0.2513722364047994,mid_rear_2
Mus_musculus,2,29,62894.63459202593,0.005470844152832003,0.012102261443192942,-1.1454412928607562,mid_rear_3
Mus_musculus,2,30,48197.70472197016,0.004192442372366446,0.008922034512126331,-1.0895817755233215,mid_rear_4
Mus_musculus,2,31,661232.9594775721,0.05751686918102105,0.02172565518244134,1.4045854624406082,groom_1
Mus_musculus,2,32,368026.2717663098,0.03201249820499868,0.034270983571263666,-0.09835233061972577,slow_locomotion_2
Mus_musculus,2,33,10491.703753962998,0.0009126132381233565,0.006767273207908814,-2.8904991477164343,jump_1
Mus_musculus,2,34,133217.67486816095,0.01158784278394958,0.016640496954143852,-0.5220865026315991,very_slow_locomotion
Mus_musculus,2,35,358847.14779914863,0.031214058767205514,0.020018789978982026,0.6408411890661431,groom_2
Mus_musculus,2,36,388473.8660802143,0.033791117359356374,0.017230361213409588,0.9716911101818683,groom_3
Mus_musculus,2,37,386189.90711978776,0.033592448846453654,0.016859500103994448,0.9945752100307634,groom_4
Mus_musculus,2,38,1759.1100328723512,0.00015301490977654821,0.006297115409316486,-5.362946967222689,brief_fast
Mus_musculus,2,39,73953.0080869734,0.0064327487471920455,0.011957200310493793,-0.8943723872117306,paused_in_rear
Mus_musculus,2,40,303722.05633742217,0.026419042685882237,0.01160799645073193,1.186459206981061,groom_5
Mus_musculus,2,41,46581.31906716625,0.004051842239053537,0.00883372720527072,-1.1244442781130752,jump_2
Mus_musculus,2,42,336324.4400578238,0.029254937377092637,0.012387155874871613,1.2398351511951542,groom_6
Mus_musculus,2,43,99811.26625569694,0.008682010570913928,0.011291136998855773,-0.37908968615514665,very_fast
Mus_musculus,2,44,399152.8693924634,0.03472002271365028,0.008633185446083932,2.007803007680468,groom_7
Mus_musculus,2,45,13017.069883171474,0.0011322803784344288,0.001980982452708621,-0.8069848544848459,idle_enter_groom
Mus_musculus,2,46,241676.2228162332,0.021022030878296016,0.005638575548418596,1.8984993993911563,groom_9
Mus_musculus,2,47,318089.2811661318,0.027668765312564514,0.006012915450013826,2.2021216892629747,groom_10
Mus_musculus,2,48,355068.91898018995,0.030885412274919793,0.00627466080249054,2.2993162120414876,groom_11
Mus_musculus,2,49,54212.62875877183,0.004715646175201436,0.0009031806159642048,2.3843690454739037,groom_12
Mus_musculus,2,50,0.7066620861865701,6.146848880384491e-08,0.0001441801816296132,-11.195738234268912,unnamed_50
Mus_musculus,2,51,141.62874645975936,1.2319473743163095e-05,1.4275265507881752e-06,3.109351145197205,unnamed_51
Mus_musculus,2,52,3.4202041936941114,2.9750398004435255e-07,2.5271078128817684e-06,-3.086506340443759,unnamed_52
Mus_musculus,2,53,7.379739501737329,6.419212857247724e-07,2.9579378980295527e-07,1.1178046373446806,unnamed_53
Mus_musculus,2,54,1.6198990467680474,1.4090574316354644e-07,3.5366648780788137e-07,-1.3276591052953801,unnamed_54
Mus_musculus,2,55,10.931361288401057,9.508565297352922e-07,6.623208771674871e-07,0.5216973415773839,unnamed_55
Mus_musculus,2,56,1.6895961928350314,1.4696829884103788e-07,3.0865438935960555e-07,-1.0704873096581078,unnamed_56
Mus_musculus,2,58,10.620953863840546,9.238559651455137e-07,3.0865438935960555e-07,1.5816756360948954,unnamed_58
Mus_musculus,2,59,13.29967260300139,1.1568623709586676e-06,6.044481791625609e-07,0.9365266767358054,unnamed_59
Mus_musculus,2,61,13.467801171736538,1.1714869125138437e-06,0.0010947135251613783,-9.867996829041335,unnamed_61
Mus_musculus,2,63,0.1167967906591428,1.0159484086232809e-08,6.430299778325116e-09,0.6598692395909227,unnamed_63
Mus_musculus,2,64,2.506021098493968,2.179844268513738e-07,2.5078169135467955e-07,-0.20220695585444445,unnamed_64
Mus_musculus,2,65,11.396862051466488,9.913477758372011e-07,5.337148816009846e-07,0.8933220210595135,unnamed_65
Mus_musculus,2,66,1.1926797664494038,1.0374438406083092e-07,4.1796948559113256e-07,-2.0103643783772123,unnamed_66
Mus_musculus,2,67,0.997021635360079,8.672520350008112e-08,5.465754811576348e-07,-2.655897517519843,unnamed_67
Mus_musculus,2,68,15.04057579817178,1.3082935721688262e-06,5.401451813793101e-07,1.276267172930554,unnamed_68
Mus_musculus,2,70,0.8902163863314343,7.743482641258614e-08,5.594360807142849e-07,-2.8529188317486835,unnamed_70
Mus_musculus,2,72,3.281995734777406,2.8548201753131735e-07,5.530057809359598e-07,-0.9538946886764698,unnamed_72
Mus_musculus,2,73,1.0621074709694094,9.238664768343973e-08,8.359389711822652e-07,-3.1776413561219754,unnamed_73
Mus_musculus,2,74,2.151170697198493,1.871180221786997e-07,9.516843671921168e-07,-2.3465346551912973,unnamed_74
Mus_musculus,2,75,2.9608124812000023,2.5754412527358454e-07,5.594360807142854e-07,-1.119153671382067,unnamed_75
Mus_musculus,2,77,6.173667691221248,5.370120044282409e-07,2.507816913546795e-07,1.0985223125959378,unnamed_77
Mus_musculus,2,78,2.405016715205892,2.0919863386113942e-07,3.022240895812805e-07,-0.5307452286398572,unnamed_78
Mus_musculus,2,85,0.2442976421051459,2.125005313300655e-08,3.3437558847290595e-07,-3.9759311717856383,unnamed_85
Mus_musculus,2,86,4.153395617749005,3.612801040526449e-07,5.144239822660094e-07,-0.5098400954358991,unnamed_86
Mus_musculus,2,87,4.043107657094716,3.5168678582149367e-07,4.436906847044331e-07,-0.33526313549080927,unnamed_87
Mus_musculus,2,88,3.0,2.6095282316143494e-07,3.5366648780788116e-07,-0.4386005107302062,unnamed_88
Mus_musculus,2,90,0.1184443041688197,1.0302791853415072e-08,4.5012098448275814e-08,-2.1272774919370474,unnamed_90
Mus_spretus,1,0,186145.04689702383,0.032038712241582085,0.040573731923181575,-0.3407298445272956,head_low
Mus_spretus,1,1,238104.20657680972,0.04098176279836642,0.04248248924878019,-0.051886260825311906,head_down
Mus_spretus,1,2,164144.32247192966,0.02825201530437119,0.030048559373321234,-0.08894204191775133,sniff_floor
Mus_spretus,1,3,190280.37912973127,0.03275047289079424,0.033851374359223356,-0.0476986699577161,step_to_stop
Mus_spretus,1,4,169013.24457999616,0.02909003918385328,0.03130655107045301,-0.10593934100542882,turn_left
Mus_spretus,1,5,80019.90749578418,0.01377278005830429,0.023451399746048342,-0.7678542363601563,enter_rear
Mus_spretus,1,6,150406.4667883666,0.025887497889596524,0.026279702800546055,-0.021693429354046095,turn_right
Mus_spretus,1,7,63490.30950941712,0.010927756555491355,0.023833783952666693,-1.1250107688250284,extend_rear
Mus_spretus,1,8,35698.43161763542,0.006144304117347446,0.01763438337878145,-1.5210695996427523,extend_rear_2
Mus_spretus,1,9,235169.58196141597,0.04047666424668872,0.024648901613166296,0.7155670402029846,still
Mus_spretus,1,10,47008.42817537517,0.008090945895934041,0.016897503175684246,-1.0624298052781127,motionless_rear
Mus_spretus,1,11,239980.25995275652,0.04130466332816165,0.042130944759894096,-0.028575595573824237,start_moving
Mus_spretus,1,12,28867.406555809943,0.004968569119725217,0.011464369274883191,-1.2062546454377934,leave_rear_turn_right
Mus_spretus,1,13,136233.3914055147,0.02344807180043152,0.03435619147361984,-0.5511008257796663,take_a_step
Mus_spretus,1,14,783725.1134998559,0.13489235306816322,0.06941183880562808,0.9585549121032575,curve_spine
Mus_spretus,1,15,39263.76564570326,0.006757958430876281,0.012744230421561972,-0.9151848753754477,leave_rear_turn_left
Mus_spretus,1,16,3144.004003829757,0.0005411362872352315,0.017884303409966176,-5.046558128462811,brief_walk
Mus_spretus,1,17,22676.91915556745,0.0039030814918904104,0.017462096356820934,-2.161541277529546,slow_locomotion
Mus_spretus,1,18,144366.70959339364,0.024847953480521743,0.019430739064254514,0.3547862578089524,leave_rear_turn_right_2
Mus_spretus,1,19,129921.72045950634,0.022361726433882047,0.027835185886624505,-0.31587814217731913,high_rear
Mus_spretus,1,20,2860.27656281506,0.0004923019938213481,0.009911856987303822,-4.331539884173666,enter_wall_rear
Mus_spretus,1,21,84579.6069986859,0.014557581495230886,0.016183347652003455,-0.15273937619927258,leave_rear_turn_left_2
Mus_spretus,1,22,31629.46058814257,0.00544396535407445,0.01993118357480233,-1.8722975938444844,stopping
Mus_spretus,1,23,650101.7486214048,0.11189351099604002,0.04476507848228931,1.3216807522664198,scrunch_idle
Mus_spretus,1,24,2180.8261647448403,0.0003753570836608178,0.008457368189545029,-4.493873172780483,end_and_enter_rear
Mus_spretus,1,25,16664.542434392253,0.002868249725648024,0.009207616985881323,-1.6826571836696087,mid_rear
Mus_spretus,1,26,164107.5951995967,0.028245693919358217,0.02360235103334481,0.2591003703844811,still_2
Mus_spretus,1,27,3925.832678063083,0.0006757022310168903,0.013416974814670387,-4.311527988492848,stop_rear_start_walking
Mus_spretus,1,28,186887.2847800835,0.03216646394030606,0.04318116061059329,-0.4248446709891548,mid_rear_2
Mus_spretus,1,29,10813.173931107644,0.0018611301980470465,0.012102261443192942,-2.701025766576261,mid_rear_3
Mus_spretus,1,30,15698.834899399844,0.002702035118604166,0.008922034512126331,-1.7233263031127066,mid_rear_4
Mus_spretus,1,31,272292.67806425074,0.04686617722799994,0.02172565518244134,1.1091474369503402,groom_1
Mus_spretus,1,32,127546.75077988573,0.021952953966302285,0.034270983571263666,-0.6425725172040863,slow_locomotion_2
Mus_spretus,1,33,641.9197168350044,0.00011048524488138493,0.006767273207908814,-5.9366490160150445,jump_1
Mus_spretus,1,34,169519.71802224507,0.02917721183305728,0.016640496954143852,0.8101435073010903,very_slow_locomotion
Mus_spretus,1,35,150693.37846947933,0.02593688024461027,0.020018789978982026,0.37365018474480927,groom_2
Mus_spretus,1,36,138310.49674319252,0.02380557677474399,0.017230361213409588,0.4663466375213236,groom_3
Mus_spretus,1,37,107527.44610908398,0.0185072928954536,0.016859500103994448,0.13453212430538378,groom_4
Mus_spretus,1,38,2086.1535955049085,0.00035906233258571987,0.006297115409316486,-4.13238488813353,brief_fast
Mus_spretus,1,39,188150.26910107516,0.03238384491229758,0.011957200310493793,1.4373946532653032,paused_in_rear
Mus_spretus,1,40,74532.09128766455,0.012828234032194335,0.01160799645073193,0.14420359557571455,groom_5
Mus_spretus,1,41,13222.036173582346,0.0022757361491737163,0.00883372720527072,-1.9566889811113046,jump_2
Mus_spretus,1,42,61203.64706899987,0.010534183257982714,0.012387155874871613,-0.2337665160669477,groom_6
Mus_spretus,1,43,12222.691913201845,0.0021037320925397524,0.011291136998855773,-2.424167874272847,very_fast
Mus_spretus,1,44,59306.18277184502,0.010207597546363696,0.008633185446083932,0.2416784704792933,groom_7
Mus_spretus,1,45,4859.164993524147,0.0008363445149739212,0.001980982452708621,-1.2440468425793128,idle_enter_groom
Mus_spretus,1,46,19893.000018805757,0.0034239219031000434,0.005638575548418596,-0.7196809507690672,groom_9
Mus_spretus,1,47,45897.46307313869,0.007899730003734208,0.006012915450013826,0.3937386734601164,groom_10
Mus_spretus,1,48,39143.25586370302,0.006737216658306114,0.00627466080249054,0.10261522335087145,groom_11
Mus_spretus,1,49,8002.41301683474,0.0013773506851702227,0.0009031806159642048,0.608809500162793,groom_12
Mus_spretus,1,51,1.96443503673806,3.381125090808888e-07,1.4275265507881752e-06,-2.077942281315686,unnamed_51
Mus_spretus,1,52,0.5032035989716447,8.660985384854073e-08,2.5271078128817684e-06,-4.8668122306364765,unnamed_52
Mus_spretus,1,53,1.8607440939698745,3.2026554332602735e-07,2.9579378980295527e-07,0.11467682669555329,unnamed_53
Mus_spretus,1,54,0.5032035989716447,8.660985384854073e-08,3.5366648780788137e-07,-2.0297864419025307,unnamed_54
Mus_spretus,1,55,0.5842464385539201,1.0055869782747089e-07,6.623208771674871e-07,-2.719492461477953,unnamed_55
Mus_spretus,1,56,22.71814314251989,3.910176837576136e-06,3.0865438935960555e-07,3.6631696417100605,unnamed_56
Mus_spretus,1,58,0.5032035989716447,8.660985384854073e-08,3.0865438935960555e-07,-1.8333892290990275,unnamed_58
Mus_spretus,1,61,57762.692456245306,0.00994193674639342,0.0010947135251613783,3.182973543116204,unnamed_61
Mus_spretus,1,64,0.5842464385539201,1.0055869782747089e-07,2.5078169135467955e-07,-1.3183941531569827,unnamed_64
Mus_spretus,1,71,0.9114904215865498,1.5688292444507003e-07,1.2860599556650232e-08,3.6086585267998363,unnamed_71
Mus_spretus,1,74,0.8297858154907053,1.428201792517225e-07,9.516843671921168e-07,-2.736283338856915,unnamed_74
Mus_spretus,1,75,50.80903221889798,8.745094160013195e-06,5.594360807142854e-07,3.966428709743879,unnamed_75
Mus_spretus,2,0,45856.95310297539,0.011728807986305776,0.040573731923181575,-1.7904896081239965,head_low
Mus_spretus,2,1,59914.7934231876,0.015324374168988289,0.04248248924878019,-1.4710401459038431,head_down
Mus_spretus,2,2,51202.67752806748,0.01309608101879039,0.030048559373321234,-1.1981606728808425,sniff_floor
Mus_spretus,2,3,68751.62087027228,0.017584564725090627,0.033851374359223356,-0.9449047840957354,step_to_stop
Mus_spretus,2,4,66391.75542000338,0.016980983220720572,0.03130655107045301,-0.8825445855301601,turn_left
Mus_spretus,2,5,24122.092504215485,0.00616969449702693,0.023451399746048342,-1.9264030768501497,enter_rear
Mus_spretus,2,6,82556.53321163119,0.021115439656008702,0.026279702800546055,-0.3156506736012936,turn_right
Mus_spretus,2,7,10442.690490583102,0.002670921274456052,0.023833783952666693,-3.1575986598977575,extend_rear
Mus_spretus,2,8,4419.568382364579,0.0011303906045109398,0.01763438337878145,-3.9634978452791336,extend_rear_2
Mus_spretus,2,9,77353.41803857974,0.01978464171445521,0.024648901613166296,-0.31714242030060563,still
Mus_spretus,2,10,10003.571824625127,0.0025586081317869715,0.016897503175684246,-2.7233789745669927,motionless_rear
Mus_spretus,2,11,66635.74004724044,0.01704338703630003,0.042130944759894096,-1.3056681966105097,start_moving
Mus_spretus,2,12,4552.593444189945,0.0011644143523166994,0.011464369274883191,-3.299480553479192,leave_rear_turn_right
Mus_spretus,2,13,42297.60859448309,0.01081843637475382,0.03435619147361984,-1.66707811997643,take_a_step
Mus_spretus,2,14,554625.8865001344,0.14185636172527602,0.06941183880562808,1.0311771981634772,curve_spine
Mus_spretus,2,15,6546.234354296408,0.0016743268049773494,0.012744230421561972,-2.9281912025931884,leave_rear_turn_left
Mus_spretus,2,16,1439.9959961702484,0.00036830699375519765,0.017884303409966176,-5.601641323788611,brief_walk
Mus_spretus,2,17,12426.080844432476,0.0031782119479107826,0.017462096356820934,-2.457939524418692,slow_locomotion
Mus_spretus,2,18,124332.2904066266,0.03180040238177779,0.019430739064254514,0.7107042444897929,leave_rear_turn_right_2
Mus_spretus,2,19,32015.279540494783,0.008188530657829577,0.027835185886624505,-1.765233213348687,high_rear
Mus_spretus,2,20,581.7234371849418,0.00014878708754492655,0.009911856987303822,-6.05783413876535,enter_wall_rear
Mus_spretus,2,21,59779.39300131336,0.01528974287663309,0.016183347652003455,-0.08194592588852735,leave_rear_turn_left_2
Mus_spretus,2,22,10960.539411857277,0.002803371211762207,0.01993118357480233,-2.8297926860495974,stopping
Mus_spretus,2,23,568503.2513786211,0.1454057678022601,0.04476507848228931,1.6996388769641697,scrunch_idle
Mus_spretus,2,24,757.1738352551577,0.00019366194055719428,0.008457368189545029,-5.448596426343481,end_and_enter_rear
Mus_spretus,2,25,5697.457565607762,0.0014572356267778884,0.009207616985881323,-2.659593650257517,mid_rear
Mus_spretus,2,26,170033.40480041437,0.04348935158608401,0.02360235103334481,0.8817316249968357,still_2
Mus_spretus,2,27,1305.1673219369122,0.0003338219369835482,0.013416974814670387,-5.3288368430952895,stop_rear_start_walking
Mus_spretus,2,28,51957.715219911806,0.013289196599107718,0.04318116061059329,-1.7001481313674935,mid_rear_2
Mus_spretus,2,29,3846.826068892401,0.0009839006140996086,0.012102261443192942,-3.6206202529833593,mid_rear_3
Mus_spretus,2,30,4607.165100600185,0.0011783721152342015,0.008922034512126331,-2.920577532502233,mid_rear_4
Mus_spretus,2,31,365362.3219358105,0.09344852262192513,0.02172565518244134,2.10477217063358,groom_1
Mus_spretus,2,32,25110.24922011273,0.006422434803499348,0.034270983571263666,-2.415795352563378,slow_locomotion_2
Mus_spretus,2,33,634.0802831649959,0.00016217836960175373,0.006767273207908814,-5.382921314803708,jump_1
Mus_spretus,2,34,35492.28197775524,0.0090778416825496,0.016640496954143852,-0.874277285946603,very_slow_locomotion
Mus_spretus,2,35,291458.62153048185,0.07454621331268918,0.020018789978982026,1.8967802963300084,groom_2
Mus_spretus,2,36,227597.50325682267,0.0582124897802831,0.017230361213409588,1.756375777554158,groom_3
Mus_spretus,2,37,165636.5538909276,0.04236477141727122,0.016859500103994448,1.3293033249068549,groom_4
Mus_spretus,2,38,2841.84640449509,0.0007268575112273144,0.006297115409316486,-3.114946628622332,brief_fast
Mus_spretus,2,39,38427.73089892858,0.00982863985862416,0.011957200310493793,-0.2828159453670304,paused_in_rear
Mus_spretus,2,40,84635.90871233433,0.02164728039833646,0.01160799645073193,0.8990668035730798,groom_5
Mus_spretus,2,41,12109.96382641766,0.0030973588699233843,0.00883372720527072,-1.5119837331680708,jump_2
Mus_spretus,2,42,104565.35293101057,0.026744623520757706,0.012387155874871613,1.110403916526318,groom_6
Mus_spretus,2,43,2275.3080867981203,0.0005819543134454863,0.011291136998855773,-4.278141061977769,very_fast
Mus_spretus,2,44,68767.81722815437,0.0175887072587485,0.008633185446083932,1.026684567072124,groom_7
Mus_spretus,2,45,4601.835006475881,0.0011770088399552594,0.001980982452708621,-0.7510909452588845,idle_enter_groom
Mus_spretus,2,46,21476.999981194396,0.005493160619190321,0.005638575548418596,-0.03769426951274694,groom_9
Mus_spretus,2,47,59356.536926861096,0.015181589208159818,0.006012915450013826,1.3361862424356399,groom_10
Mus_spretus,2,48,50539.74413629686,0.012926522905273172,0.00627466080249054,1.042724881344223,groom_11
Mus_spretus,2,49,12571.586983165322,0.0032154279739776254,0.0009031806159642048,1.8319243447968832,groom_12
Mus_spretus,2,51,1.03556496326194,2.6486588814940277e-07,1.4275265507881752e-06,-2.4301836214201797,unnamed_51
Mus_spretus,2,52,0.4967964010283552,1.2706534563830996e-07,2.5271078128817684e-06,-4.3138446898432194,unnamed_52
Mus_spretus,2,53,2.139255906030125,5.471563210720583e-07,2.9579378980295527e-07,0.8873613026137968,unnamed_53
Mus_spretus,2,54,0.4967964010283552,1.2706534563830996e-07,3.5366648780788137e-07,-1.4768189011092738,unnamed_54
Mus_spretus,2,55,0.4157535614460797,1.0633706257966481e-07,6.623208771674871e-07,-2.6388858149208723,unnamed_55
Mus_spretus,2,56,3.281856857480107,8.393987457798959e-07,3.0865438935960555e-07,1.443363999561485,unnamed_56
Mus_spretus,2,58,0.4967964010283552,1.2706534563830996e-07,3.0865438935960555e-07,-1.2804216883057704,unnamed_58
Mus_spretus,2,61,112371.3075437509,0.0287411482919752,0.0010947135251613783,4.714492416340708,unnamed_61
Mus_spretus,2,64,0.4157535614460797,1.0633706257966481e-07,2.5078169135467955e-07,-1.2377875065999022,unnamed_64
Mus_spretus,2,71,1.0885095784134504,2.784075036079455e-07,1.2860599556650232e-08,4.436168287782074,unnamed_71
Mus_spretus,2,74,0.1702141845092947,4.3535589514027375e-08,9.516843671921168e-07,-4.450216008839822,unnamed_74
Mus_spretus,2,75,10.190967781102078,2.6065382937842727e-06,5.594360807142854e-07,2.220089847102462,unnamed_75
Peromyscus_californicus,1,0,288743.7432276977,0.06092464853736697,0.040573731923181575,0.5864800173350084,head_low
Peromyscus_californicus,1,1,195285.25142998007,0.04120499781192001,0.04248248924878019,-0.04404896837968709,head_down
Peromyscus_californicus,1,2,356136.0651403398,0.07514436280977986,0.030048559373321234,1.3223690548511493,sniff_floor
Peromyscus_californicus,1,3,472639.2252344532,0.09972641609648668,0.033851374359223356,1.5587612963303255,step_to_stop
Peromyscus_californicus,1,4,56882.08020212411,0.01200206351018969,0.03130655107045301,-1.3831821115680645,turn_left
Peromyscus_californicus,1,5,162497.49356498063,0.034286812843049096,0.023451399746048342,0.5479797680893889,enter_rear
Peromyscus_californicus,1,6,48140.06058744794,0.01015750588765131,0.026279702800546055,-1.3714027593817446,turn_right
Peromyscus_californicus,1,7,391594.9405906765,0.0826261509870511,0.023833783952666693,1.7935904454869953,extend_rear
Peromyscus_californicus,1,8,94606.76654058228,0.019961935577583818,0.01763438337878145,0.17886048615543548,extend_rear_2
Peromyscus_californicus,1,9,113427.7515580654,0.023933145081552094,0.024648901613166296,-0.04251336416989636,still
Peromyscus_californicus,1,10,299887.0980686219,0.06327588555335004,0.016897503175684246,1.9048457077296537,motionless_rear
Peromyscus_californicus,1,11,187927.27634780176,0.03965247223745272,0.042130944759894096,-0.08746945044810635,start_moving
Peromyscus_californicus,1,12,98509.2412572416,0.02078535394114967,0.011464369274883191,0.8584103293294371,leave_rear_turn_right
Peromyscus_californicus,1,13,170812.2963735322,0.0360412281356743,0.03435619147361984,0.06907805644791211,take_a_step
Peromyscus_californicus,1,14,34452.647562349775,0.0072694750731367025,0.06941183880562808,-3.2552586518504047,curve_spine
Peromyscus_californicus,1,15,97202.47553769096,0.02050962764732823,0.012744230421561972,0.6864570430970024,leave_rear_turn_left
Peromyscus_californicus,1,16,1476.220540642238,0.0003114810959950279,0.017884303409966176,-5.843405508781603,brief_walk
Peromyscus_californicus,1,17,28816.695638541594,0.0060802947075530335,0.017462096356820934,-1.5220136106835989,slow_locomotion
Peromyscus_californicus,1,18,35197.12049344312,0.007426558136358884,0.019430739064254514,-1.387575127227749,leave_rear_turn_right_2
Peromyscus_californicus,1,19,46392.07129647427,0.009788681850083606,0.027835185886624505,-1.5077232139022658,high_rear
Peromyscus_californicus,1,20,32438.172440604714,0.006844422784877061,0.009911856987303822,-0.5342264928992969,enter_wall_rear
Peromyscus_californicus,1,21,38396.66103093462,0.008101658072893297,0.016183347652003455,-0.998220968310576,leave_rear_turn_left_2
Peromyscus_californicus,1,22,81500.39589227387,0.017196504138541447,0.01993118357480233,-0.21291207378611665,stopping
Peromyscus_californicus,1,23,45516.93034790552,0.009604027962466156,0.04476507848228931,-2.220662206472692,scrunch_idle
Peromyscus_californicus,1,24,17344.793178127504,0.0036597344639167657,0.008457368189545029,-1.2084698114160153,end_and_enter_rear
Peromyscus_californicus,1,25,49091.69854790161,0.010358300570255864,0.009207616985881323,0.1698876000695638,mid_rear
Peromyscus_californicus,1,26,122420.31427177352,0.025830567053916217,0.02360235103334481,0.13014874124419573,still_2
Peromyscus_californicus,1,27,859.3036066181585,0.00018131222389403874,0.013416974814670387,-6.2094394136157876,stop_rear_start_walking
Peromyscus_californicus,1,28,15773.722361041888,0.0033282400519918827,0.04318116061059329,-3.6975706223314018,mid_rear_2
Peromyscus_californicus,1,29,18201.543991900195,0.003840508051007249,0.012102261443192942,-1.6559075773002607,mid_rear_3
Peromyscus_californicus,1,30,54779.41567893217,0.01155840334413567,0.008922034512126331,0.37349748659821086,mid_rear_4
Peromyscus_californicus,1,31,8216.601924809409,0.0017336950018193393,0.02172565518244134,-3.6474776635456894,groom_1
Peromyscus_californicus,1,32,15616.726506761155,0.0032951140796783126,0.034270983571263666,-3.3785872789963602,slow_locomotion_2
Peromyscus_californicus,1,33,161391.45789793975,0.03405344039476328,0.006767273207908814,2.3311540208250716,jump_1
Peromyscus_californicus,1,34,489255.9499999468,0.10323252883459552,0.016640496954143852,2.6331272152231766,very_slow_locomotion
Peromyscus_californicus,1,35,82514.34486871338,0.017410446384817882,0.020018789978982026,-0.20140158158257088,groom_2
Peromyscus_californicus,1,36,29797.22873989285,0.006287186236738381,0.017230361213409588,-1.4544665423651542,groom_3
Peromyscus_californicus,1,37,46992.23163018228,0.009915315095841575,0.016859500103994448,-0.7658312347233754,groom_4
Peromyscus_californicus,1,38,9798.38032304108,0.002067448702935103,0.006297115409316486,-1.606839574321758,brief_fast
Peromyscus_californicus,1,39,48007.21230614388,0.01012947502971213,0.011957200310493793,-0.23932022581718926,paused_in_rear
Peromyscus_californicus,1,40,5654.519869637478,0.0011930981840654318,0.01160799645073193,-3.2823343061359913,groom_5
Peromyscus_californicus,1,41,105423.9344484474,0.022244347468450894,0.00883372720527072,1.332344591841639,jump_2
Peromyscus_californicus,1,42,53485.36711573501,0.011285360357916224,0.012387155874871613,-0.13439249213341947,groom_6
Peromyscus_californicus,1,43,33.38045341552413,7.043243152649123e-06,0.011291136998855773,-10.646663260489296,very_fast
Peromyscus_californicus,1,44,4817.292422899162,0.001016444008400246,0.008633185446083932,-3.0863622333870295,groom_7
Peromyscus_californicus,1,45,13730.225714560664,0.0028970642502846263,0.001980982452708621,0.5483755795779425,idle_enter_groom
Peromyscus_californicus,1,46,4313.422649291821,0.0009101279770207469,0.005638575548418596,-2.6311894179109747,groom_9
Peromyscus_californicus,1,47,552.1140417848112,0.00011649552496712977,0.006012915450013826,-5.689718230676026,groom_10
Peromyscus_californicus,1,48,1195.8093480628029,0.0002523146075271759,0.00627466080249054,-4.636241834150925,groom_11
Peromyscus_californicus,1,49,1558.726824744581,0.0003288898415659942,0.0009031806159642048,-1.4574100750840095,groom_12
Peromyscus_californicus,1,51,1.9103246126004352,4.030766322897726e-07,1.4275265507881752e-06,-1.8243915259125747,unnamed_51
Peromyscus_californicus,1,52,1.9208491732696116,4.052973043383237e-07,2.5271078128817684e-06,-2.640434729595166,unnamed_52
Peromyscus_californicus,1,73,8.838566816114588,1.8649289879891036e-06,8.359389711822652e-07,1.1576511717434645,unnamed_73
Peromyscus_californicus,1,77,28.889687526297354,6.09569592476345e-06,2.507816913546795e-07,4.603287006549632,unnamed_77
Peromyscus_californicus,1,84,12.41493072783092,2.6195382893973e-06,6.173087787192111e-07,2.0852483366995926,unnamed_84
Peromyscus_californicus,2,0,24215.256772304827,0.05450135076955599,0.040573731923181575,0.4257459802942656,head_low
Peromyscus_californicus,2,1,15107.74857002083,0.03400305484659092,0.04248248924878019,-0.3212039384809619,head_down
Peromyscus_californicus,2,2,39523.93485966887,0.0889566382811833,0.030048559373321234,1.5658064438229584,sniff_floor
Peromyscus_californicus,2,3,26474.774765568374,0.059586854668148705,0.033851374359223356,0.815779687714034,step_to_stop
Peromyscus_californicus,2,4,3357.9197978758907,0.00755768012211961,0.03130655107045301,-2.0504492176211104,turn_left
Peromyscus_californicus,2,5,5942.50643501843,0.013374816988754834,0.023451399746048342,-0.8101548847325127,enter_rear
Peromyscus_californicus,2,6,2847.9394125520653,0.006409865745114282,0.026279702800546055,-2.035582915218571,turn_right
Peromyscus_californicus,2,7,12312.059409346006,0.027710788899493896,0.023833783952666693,0.21743976544501384,extend_rear
Peromyscus_californicus,2,8,2519.2334594173176,0.0056700462742620234,0.01763438337878145,-1.6369587155298022,extend_rear_2
Peromyscus_californicus,2,9,10209.248441934007,0.02297798597220607,0.024648901613166296,-0.10127100883919254,still
Peromyscus_californicus,2,10,9361.90193138929,0.021070860649158696,0.016897503175684246,0.31843915748059737,motionless_rear
Peromyscus_californicus,2,11,7035.723652193958,0.015835324245846796,0.042130944759894096,-1.4117338593388942,start_moving
Peromyscus_californicus,2,12,3187.7587427581443,0.007174698126946353,0.011464369274883191,-0.6761669483577178,leave_rear_turn_right
Peromyscus_californicus,2,13,7029.703626468556,0.015821774955959555,0.03435619147361984,-1.118658659875081,take_a_step
Peromyscus_californicus,2,14,3946.352437650317,0.008882067222622336,0.06941183880562808,-2.966214352958797,curve_spine
Peromyscus_californicus,2,15,3492.524462308796,0.00786063524254049,0.012744230421561972,-0.6971264457930758,leave_rear_turn_left
Peromyscus_californicus,2,16,48.779459357763066,0.0001097880749233824,0.017884303409966176,-7.347828757834076,brief_walk
Peromyscus_californicus,2,17,1213.304361458289,0.002730787751534396,0.017462096356820934,-2.676837676396268,slow_locomotion
Peromyscus_californicus,2,18,1696.8795065569032,0.003819171775469318,0.019430739064254514,-2.347009061221274,leave_rear_turn_right_2
Peromyscus_californicus,2,19,2242.928703525521,0.005048166334612636,0.027835185886624505,-2.463078365409496,high_rear
Peromyscus_californicus,2,20,1131.8275593953308,0.0025474076696889,0.009911856987303822,-1.96012551465206,enter_wall_rear
Peromyscus_californicus,2,21,1988.3389690655283,0.004475160458581552,0.016183347652003455,-1.854498754591997,leave_rear_turn_left_2
Peromyscus_californicus,2,22,2504.6041077252994,0.005637119948698143,0.01993118357480233,-1.8219972132659115,stopping
Peromyscus_californicus,2,23,13374.069652094013,0.030101058525999338,0.04476507848228931,-0.5725594943014548,scrunch_idle
Peromyscus_californicus,2,24,599.2068218725019,0.0013486365843427604,0.008457368189545029,-2.6487071482202156,end_and_enter_rear
Peromyscus_californicus,2,25,2063.3014520982924,0.004643878743121828,0.009207616985881323,-0.9874975198578573,mid_rear
Peromyscus_californicus,2,26,40499.68572822672,0.09115276367646685,0.02360235103334481,1.949355824457923,still_2
Peromyscus_californicus,2,27,35.696393381841624,8.03419792408269e-05,0.013416974814670387,-7.38368969905876,stop_rear_start_walking
Peromyscus_californicus,2,28,913.2776389581612,0.002055516710761397,0.04318116061059329,-4.392829014457362,mid_rear_2
Peromyscus_californicus,2,29,1007.4560080998386,0.002267484247581645,0.012102261443192942,-2.4161122230603262,mid_rear_3
Peromyscus_californicus,2,30,2307.584321067472,0.005193686926197126,0.008922034512126331,-0.7806136773038549,mid_rear_4
Peromyscus_californicus,2,31,3188.3980751906133,0.007176137074362356,0.02172565518244134,-1.5981203320257538,groom_1
Peromyscus_californicus,2,32,550.2734932388532,0.0012385021953804005,0.034270983571263666,-4.790319266514133,slow_locomotion_2
Peromyscus_californicus,2,33,6672.542102068235,0.01501791044583822,0.006767273207908814,1.1500375546431125,jump_1
Peromyscus_californicus,2,34,20029.05000007768,0.04507944267944712,0.016640496954143852,1.437771160502507,very_slow_locomotion
Peromyscus_californicus,2,35,64725.65513128621,0.14567822539607034,0.020018789978982026,2.8633585738183265,groom_2
Peromyscus_californicus,2,36,14585.771260107089,0.03282823895556577,0.017230361213409588,0.9299844135597176,groom_3
Peromyscus_californicus,2,37,26042.76836981793,0.05861453658245262,0.016859500103994448,1.7976967417636387,groom_4
Peromyscus_californicus,2,38,281.6196769588773,0.0006338422483753791,0.006297115409316486,-3.312495378331138,brief_fast
Peromyscus_californicus,2,39,1658.7876938563688,0.0037334384188106996,0.011957200310493793,-1.6793027929443225,paused_in_rear
Peromyscus_californicus,2,40,2915.4801303625336,0.006561879840493439,0.01160799645073193,-0.8229379024588581,groom_5
Peromyscus_californicus,2,41,6067.065551553375,0.013655162564506947,0.00883372720527072,0.6283523032206102,jump_2
Peromyscus_californicus,2,42,37318.6328842642,0.08399315853597619,0.012387155874871613,2.761426842622642,groom_6
Peromyscus_californicus,2,43,0.6195465844758695,1.3944153488068022e-06,0.011291136998855773,-12.983242795082845,very_fast
Peromyscus_californicus,2,44,4494.707577100838,0.010116251773399539,0.008633185446083932,0.22870996446717684,groom_7
Peromyscus_californicus,2,45,1607.7742854393443,0.0036186223880648794,0.001980982452708621,0.8692244657990339,idle_enter_groom
Peromyscus_californicus,2,46,3872.577350708181,0.008716021414011026,0.005638575548418596,0.6283389947804872,groom_9
Peromyscus_californicus,2,47,706.8859582151877,0.0015909903382409058,0.006012915450013826,-1.9181395978666138,groom_10
Peromyscus_californicus,2,48,1131.1906519371962,0.002545974180169877,0.00627466080249054,-1.3013196832105685,groom_11
Peromyscus_californicus,2,49,262.2731752554175,0.0005902990191864981,0.0009031806159642048,-0.6135685786924402,groom_12
Peromyscus_californicus,2,51,0.0896753873995647,2.0183266235893428e-07,1.4275265507881752e-06,-2.822286010536827,unnamed_51
Peromyscus_californicus,2,52,0.0791508267303884,1.7814500221476085e-07,2.5271078128817684e-06,-3.826363299723675,unnamed_52
Peromyscus_californicus,2,73,0.1614331838854117,3.63338149312865e-07,8.359389711822652e-07,-1.202084768363304,unnamed_73
Peromyscus_californicus,2,77,1.1103124737026455,2.498983602036014e-06,2.507816913546795e-07,3.3168375034432724,unnamed_77
Peromyscus_californicus,2,84,0.5850692721690787,1.3168171589840524e-06,6.173087787192111e-07,1.0929908271314,unnamed_84
Peromyscus_gossypinus,1,0,182610.15628573968,0.04749797814698607,0.040573731923181575,0.2273200973448584,head_low
Peromyscus_gossypinus,1,1,172504.09538698912,0.0448693321314279,0.04248248924878019,0.07886140712192262,head_down
Peromyscus_gossypinus,1,2,207528.83177588484,0.05397947253895588,0.030048559373321234,0.8451150545088835,sniff_floor
Peromyscus_gossypinus,1,3,164687.57352751188,0.042836208716945164,0.033851374359223356,0.339616389717068,step_to_stop
Peromyscus_gossypinus,1,4,48268.14657244879,0.012554829466912457,0.03130655107045301,-1.3182221482145156,turn_left
Peromyscus_gossypinus,1,5,70519.0472900275,0.018342419913856524,0.023451399746048342,-0.35449004947399615,enter_rear
Peromyscus_gossypinus,1,6,44481.02474740811,0.011569776754924807,0.026279702800546055,-1.183587933052325,turn_right
Peromyscus_gossypinus,1,7,226106.4589293587,0.05881162287772356,0.023833783952666693,1.3030932834086721,extend_rear
Peromyscus_gossypinus,1,8,127307.01303314212,0.03311330457186878,0.01763438337878145,0.9090198630120626,extend_rear_2
Peromyscus_gossypinus,1,9,105797.52560909584,0.027518560093245246,0.024648901613166296,0.15888162341206602,still
Peromyscus_gossypinus,1,10,231828.2969076672,0.06029990666643589,0.016897503175684246,1.8353456836591069,motionless_rear
Peromyscus_gossypinus,1,11,41560.27042751318,0.010810071338310374,0.042130944759894096,-1.962504223988144,start_moving
Peromyscus_gossypinus,1,12,74420.59124423855,0.019357234496166224,0.011464369274883191,0.7557158686648027,leave_rear_turn_right
Peromyscus_gossypinus,1,13,53557.385289607206,0.013930591637602859,0.03435619147361984,-1.302313585553133,take_a_step
Peromyscus_gossypinus,1,14,39297.89380480265,0.01022161384190688,0.06941183880562808,-2.763558753738446,curve_spine
Peromyscus_gossypinus,1,15,80343.33503425399,0.02089777507085451,0.012744230421561972,0.7135050938707733,leave_rear_turn_left
Peromyscus_gossypinus,1,16,45011.63099080637,0.011707790566786119,0.017884303409966176,-0.6112250831079691,brief_walk
Peromyscus_gossypinus,1,17,135355.20198202075,0.035206685961995235,0.017462096356820934,1.0116226638092123,slow_locomotion
Peromyscus_gossypinus,1,18,22385.85623551061,0.005822693172728467,0.019430739064254514,-1.7385822731072667,leave_rear_turn_right_2
Peromyscus_gossypinus,1,19,90632.76266959308,0.023574115855556504,0.027835185886624505,-0.23970605391489205,high_rear
Peromyscus_gossypinus,1,20,62824.97102902929,0.016341145321361824,0.009911856987303822,0.7212818260236304,enter_wall_rear
Peromyscus_gossypinus,1,21,24679.109645943838,0.006419181903639021,0.016183347652003455,-1.3340487223193862,leave_rear_turn_left_2
Peromyscus_gossypinus,1,22,206870.3799490957,0.05380820533719775,0.01993118357480233,1.4327988050717428,stopping
Peromyscus_gossypinus,1,23,84466.11687459769,0.021970134931557,0.04476507848228931,-1.026829985387699,scrunch_idle
Peromyscus_gossypinus,1,24,66296.7205491395,0.017244167837699713,0.008457368189545029,1.0278278169658053,end_and_enter_rear
Peromyscus_gossypinus,1,25,27723.75929757959,0.007211113226409138,0.009207616985881323,-0.35260582730115075,mid_rear
Peromyscus_gossypinus,1,26,311332.81111866416,0.08097949949626568,0.02360235103334481,1.7786261524971703,still_2
Peromyscus_gossypinus,1,27,41555.65920468493,0.01080887193206933,0.013416974814670387,-0.3118434532410082,stop_rear_start_walking
Peromyscus_gossypinus,1,28,23964.28601977953,0.0062332520645485045,0.04318116061059329,-2.7923450604777527,mid_rear_2
Peromyscus_gossypinus,1,29,20932.68147672,0.005444713851420706,0.012102261443192942,-1.1523485216545346,mid_rear_3
Peromyscus_gossypinus,1,30,27209.116826631827,0.00707725168586953,0.008922034512126331,-0.334183502462294,mid_rear_4
Peromyscus_gossypinus,1,31,33872.219027965824,0.008810363847795936,0.02172565518244134,-1.3021261796924575,groom_1
Peromyscus_gossypinus,1,32,8469.601928280666,0.0022029933903219686,0.034270983571263666,-3.9594505259320423,slow_locomotion_2
Peromyscus_gossypinus,1,33,37523.056630395295,0.009759968230079307,0.006767273207908814,0.5283018175299778,jump_1
Peromyscus_gossypinus,1,34,26327.457287233134,0.006847926842239728,0.016640496954143852,-1.2809593246333384,very_slow_locomotion
Peromyscus_gossypinus,1,35,87141.48051049924,0.022666012784672975,0.020018789978982026,0.17917585238732398,groom_2
Peromyscus_gossypinus,1,36,67800.29940451485,0.01763525756166413,0.017230361213409588,0.033509700161393,groom_3
Peromyscus_gossypinus,1,37,60412.30861543099,0.015713597604805295,0.016859500103994448,-0.10154823866074363,groom_4
Peromyscus_gossypinus,1,38,189802.49149558076,0.049368746934283295,0.006297115409316486,2.970835013948291,brief_fast
Peromyscus_gossypinus,1,39,58400.23986350195,0.015190246661170938,0.011957200310493793,0.34526566393296276,paused_in_rear
Peromyscus_gossypinus,1,40,32146.04185473257,0.008361374989127169,0.01160799645073193,-0.4733068719981733,groom_5
Peromyscus_gossypinus,1,41,34726.63310545107,0.00903260198616853,0.00883372720527072,0.032119357934007914,jump_2
Peromyscus_gossypinus,1,42,51149.397536315686,0.013304259827749507,0.012387155874871613,0.1030432706223342,groom_6
Peromyscus_gossypinus,1,43,1202.3109246742313,0.0003127281591977853,0.011291136998855773,-5.1741378295110465,very_fast
Peromyscus_gossypinus,1,44,17052.636291222843,0.00443549122558993,0.008633185446083932,-0.9607990885894325,groom_7
Peromyscus_gossypinus,1,45,30316.77280357719,0.007885571325278482,0.001980982452708621,1.9929991838446441,idle_enter_groom
Peromyscus_gossypinus,1,46,15143.14167083986,0.003938820418250935,0.005638575548418596,-0.5175671041894463,groom_9
Peromyscus_gossypinus,1,47,3995.671878597268,0.0010392978103319248,0.006012915450013826,-2.53245555525486,groom_10
Peromyscus_gossypinus,1,48,5011.230926596255,0.001303450705493741,0.00627466080249054,-2.267201448135207,groom_11
Peromyscus_gossypinus,1,49,328.433096637312,8.54273845668037e-05,0.0009031806159642048,-3.402244004544659,groom_12
Peromyscus_gossypinus,1,50,21261.36872648616,0.005530207342714569,0.0001441801816296132,5.261388795250453,unnamed_50
Peromyscus_gossypinus,1,70,70.36221385929191,1.830162661398037e-05,5.594360807142849e-07,5.031854764857917,unnamed_70
Peromyscus_gossypinus,1,73,89.434096549494,2.3262335731515043e-05,8.359389711822652e-07,4.798454532098342,unnamed_73
Peromyscus_gossypinus,1,78,19.30835630333403,5.022217298335443e-06,3.022240895812805e-07,4.054633887563375,unnamed_78
Peromyscus_gossypinus,1,84,57.175253309444,1.4871620437096348e-05,6.173087787192111e-07,4.590425736233897,unnamed_84
Peromyscus_gossypinus,1,92,98.39728914198513,2.559371496334267e-05,8.487995707389162e-07,4.9142218349017375,unnamed_92
Peromyscus_gossypinus,1,94,111.80847792384304,2.908204422521044e-05,8.552298705172415e-07,5.087672629242697,unnamed_94
Peromyscus_gossypinus,2,0,18653.843714260845,0.039260338774149785,0.040573731923181575,-0.047473384254593166,head_low
Peromyscus_gossypinus,2,1,12543.904613010436,0.026400882960164993,0.04248248924878019,-0.6862821225269177,head_down
Peromyscus_gossypinus,2,2,23451.168224119603,0.04935716323304657,0.030048559373321234,0.7159636539715794,sniff_floor
Peromyscus_gossypinus,2,3,16724.426472489264,0.0351995363085042,0.033851374359223356,0.05634201591017214,step_to_stop
Peromyscus_gossypinus,2,4,4574.853427551348,0.009628594415124984,0.03130655107045301,-1.7010674672028832,turn_left
Peromyscus_gossypinus,2,5,2566.952709972604,0.005402609486521028,0.023451399746048342,-2.117945726180572,enter_rear
Peromyscus_gossypinus,2,6,4286.975252591969,0.009022703487350743,0.026279702800546055,-1.5423172797537723,turn_right
Peromyscus_gossypinus,2,7,6914.541070637144,0.014552884062894246,0.023833783952666693,-0.7117029260703577,extend_rear
Peromyscus_gossypinus,2,8,3310.9869668589804,0.006968562189480586,0.01763438337878145,-1.3394582066330638,extend_rear_2
Peromyscus_gossypinus,2,9,10249.474390905138,0.02157184562108642,0.024648901613166296,-0.19237374533359067,still
Peromyscus_gossypinus,2,10,6084.703092332996,0.012806342135400274,0.016897503175684246,-0.3999516266691702,motionless_rear
Peromyscus_gossypinus,2,11,2731.729572487456,0.005749411761889558,0.042130944759894096,-2.8733940051627607,start_moving
Peromyscus_gossypinus,2,12,2214.408755762054,0.004660617900920732,0.011464369274883191,-1.29856384161369,leave_rear_turn_right
Peromyscus_gossypinus,2,13,4127.6147103927,0.008687300823437976,0.03435619147361984,-1.9835902155301344,take_a_step
Peromyscus_gossypinus,2,14,7261.106195197806,0.015282292135888609,0.06941183880562808,-2.183320804014084,curve_spine
Peromyscus_gossypinus,2,15,2317.664965746655,0.004877938998203808,0.012744230421561972,-1.3855006352823998,leave_rear_turn_left
Peromyscus_gossypinus,2,16,2960.36900919402,0.006230624206881147,0.017884303409966176,-1.521245316639524,brief_walk
Peromyscus_gossypinus,2,17,10021.798017979649,0.02109266011546911,0.017462096356820934,0.2725142855313707,slow_locomotion
Peromyscus_gossypinus,2,18,1379.1437644893513,0.002902653857377066,0.019430739064254514,-2.742896330688712,leave_rear_turn_right_2
Peromyscus_gossypinus,2,19,3472.23733040728,0.007307942319245542,0.027835185886624505,-1.9293725656262943,high_rear
Peromyscus_gossypinus,2,20,1936.028970970676,0.004074718028154616,0.009911856987303822,-1.2824551439604948,enter_wall_rear
Peromyscus_gossypinus,2,21,1282.890354056541,0.0027000713998607943,0.016183347652003455,-2.5834406083099353,leave_rear_turn_left_2
Peromyscus_gossypinus,2,22,9767.62005090399,0.02055769728157949,0.01993118357480233,0.044651289372256674,stopping
Peromyscus_gossypinus,2,23,18265.883125402965,0.03844380656862184,0.04476507848228931,-0.21962252191509218,scrunch_idle
Peromyscus_gossypinus,2,24,2293.279450860547,0.0048266153358918545,0.008457368189545029,-0.8091969336970547,end_and_enter_rear
Peromyscus_gossypinus,2,25,1070.2407024204576,0.0022525123074119287,0.009207616985881323,-2.0312928334247577,mid_rear
Peromyscus_gossypinus,2,26,109965.18888134886,0.23144133911364212,0.02360235103334481,3.293644096897094,still_2
Peromyscus_gossypinus,2,27,2350.340795315172,0.004946711105348975,0.013416974814670387,-1.4395178655820935,stop_rear_start_walking
Peromyscus_gossypinus,2,28,1276.7139802205825,0.002687072120306943,0.04318116061059329,-4.006295071678763,mid_rear_2
Peromyscus_gossypinus,2,29,835.3185232802383,0.0017580767111945418,0.012102261443192942,-2.7832067295004115,mid_rear_3
Peromyscus_gossypinus,2,30,1114.8831733682575,0.002346470344156165,0.008922034512126331,-1.9268805017476693,mid_rear_4
Peromyscus_gossypinus,2,31,11480.780972034643,0.024163349777038337,0.02172565518244134,0.15342078487553662,groom_1
Peromyscus_gossypinus,2,32,553.3980717193747,0.0011647248741584518,0.034270983571263666,-4.8789264839617665,slow_locomotion_2
Peromyscus_gossypinus,2,33,1610.9433696052458,0.003390517440023404,0.006767273207908814,-0.9970691686597342,jump_1
Peromyscus_gossypinus,2,34,2038.5427127668347,0.004290476468804895,0.016640496954143852,-1.9554887421206502,very_slow_locomotion
Peromyscus_gossypinus,2,35,44273.51948950376,0.09318151264197595,0.020018789978982026,2.218688976145122,groom_2
Peromyscus_gossypinus,2,36,24780.70059548597,0.052155401071349944,0.017230361213409588,1.5978637158386988,groom_3
Peromyscus_gossypinus,2,37,22594.69138457016,0.04755455507421346,0.016859500103994448,1.4960217781103398,groom_4
Peromyscus_gossypinus,2,38,8135.508504419713,0.017122627640506684,0.006297115409316486,1.4431411014285835,brief_fast
Peromyscus_gossypinus,2,39,2108.7601364982124,0.004438261551910012,0.011957200310493793,-1.429813037916278,paused_in_rear
Peromyscus_gossypinus,2,40,13277.958145267929,0.02794582944927695,0.01160799645073193,1.2675140123076087,groom_5
Peromyscus_gossypinus,2,41,2019.3668945493196,0.0042501175416570485,0.00883372720527072,-1.0555195400211084,jump_2
Peromyscus_gossypinus,2,42,18830.60246368462,0.039632359066051726,0.012387155874871613,1.6778338657168053,groom_6
Peromyscus_gossypinus,2,43,70.68907532577151,0.00014877775794805689,0.011291136998855773,-6.24588809839078,very_fast
Peromyscus_gossypinus,2,44,7129.363708777314,0.015005016592732687,0.008633185446083932,0.7974800303815861,groom_7
Peromyscus_gossypinus,2,45,7564.227196423214,0.01592026430827102,0.001980982452708621,3.0065762815204544,idle_enter_groom
Peromyscus_gossypinus,2,46,6946.858329160237,0.014620901493366145,0.005638575548418596,1.374629616224167,groom_9
Peromyscus_gossypinus,2,47,1866.3281214027277,0.0039280201674455305,0.006012915450013826,-0.614262335538541,groom_10
Peromyscus_gossypinus,2,48,2390.7690734037187,0.00503179962212466,0.00627466080249054,-0.31846299961237423,groom_11
Peromyscus_gossypinus,2,49,203.56690336268824,0.00042844282988785816,0.0009031806159642048,-1.0759118150360105,groom_12
Peromyscus_gossypinus,2,50,1143.6312735149993,0.0024069758446933764,0.0001441801816296132,4.061276886821998,unnamed_50
Peromyscus_gossypinus,2,70,3.637786140708056,7.656369296313923e-06,5.594360807142849e-07,3.7746152100203134,unnamed_70
Peromyscus_gossypinus,2,73,20.565903450506028,4.328460927578414e-05,8.359389711822652e-07,5.694312705993803,unnamed_73
Peromyscus_gossypinus,2,78,0.6916436966659717,1.4556874313979595e-06,3.022240895812805e-07,2.268010045869966,unnamed_78
Peromyscus_gossypinus,2,84,25.824746690556,5.435278215892393e-05,6.173087787192111e-07,6.460217766224413,unnamed_84
Peromyscus_gossypinus,2,92,33.602710858015016,7.072289401711363e-05,8.487995707389162e-07,6.380609574890714,unnamed_92
Peromyscus_gossypinus,2,94,21.19152207615714,4.4601335177572575e-05,8.552298705172415e-07,5.7046308460414314,unnamed_94
Peromyscus_leucopus,1,0,117625.51634246208,0.043648173425594086,0.040573731923181575,0.10537527568421087,head_low
Peromyscus_leucopus,1,1,92743.09646235214,0.03441486919070825,0.04248248924878019,-0.30383627655684253,head_down
Peromyscus_leucopus,1,2,137094.90391885213,0.05087282358526022,0.030048559373321234,0.7595993450151239,sniff_floor
Peromyscus_leucopus,1,3,68245.92558396955,0.025324522162407374,0.033851374359223356,-0.4186793604410774,step_to_stop
Peromyscus_leucopus,1,4,99036.3503966572,0.03675015363984174,0.03130655107045301,0.23128570064300116,turn_left
Peromyscus_leucopus,1,5,62120.41895312918,0.023051484950276306,0.023451399746048342,-0.024814345182728376,enter_rear
Peromyscus_leucopus,1,6,89816.95932664778,0.03332904576448462,0.026279702800546055,0.3428310524127864,turn_right
Peromyscus_leucopus,1,7,87807.70442629144,0.03258345663489779,0.023833783952666693,0.45113164302395553,extend_rear
Peromyscus_leucopus,1,8,75281.5130610058,0.02793526982921917,0.01763438337878145,0.6636966255267432,extend_rear_2
Peromyscus_leucopus,1,9,60656.42804872253,0.02250823097889318,0.024648901613166296,-0.13107068620071266,still
Peromyscus_leucopus,1,10,67060.87824296462,0.024884777849556693,0.016897503175684246,0.5584534224682126,motionless_rear
Peromyscus_leucopus,1,11,24363.82811463212,0.00904086653921819,0.042130944759894096,-2.2203473055328615,start_moving
Peromyscus_leucopus,1,12,52107.80821693807,0.019336031165709422,0.011464369274883191,0.7541347179276384,leave_rear_turn_right
Peromyscus_leucopus,1,13,37419.01460595472,0.013885351492786168,0.03435619147361984,-1.307006418711388,take_a_step
Peromyscus_leucopus,1,14,41061.010052228106,0.015236813775777049,0.06941183880562808,-2.187620500955125,curve_spine
Peromyscus_leucopus,1,15,45064.26869617641,0.01672233267500832,0.012744230421561972,0.39193185281251175,leave_rear_turn_left
Peromyscus_leucopus,1,16,121675.59996270768,0.04515106801633878,0.017884303409966176,1.3360661872881354,brief_walk
Peromyscus_leucopus,1,17,124595.13490257142,0.04623444151674697,0.017462096356820934,1.404741194329503,slow_locomotion
Peromyscus_leucopus,1,18,40657.13511202645,0.015086944903951238,0.019430739064254514,-0.3650400853889425,leave_rear_turn_right_2
Peromyscus_leucopus,1,19,30000.992068213756,0.011132690809371177,0.027835185886624505,-1.322107378577668,high_rear
Peromyscus_leucopus,1,20,37087.91826635424,0.013762489116485218,0.009911856987303822,0.4735141459989398,enter_wall_rear
Peromyscus_leucopus,1,21,35393.31776812329,0.013133661131420032,0.016183347652003455,-0.3012409342983474,leave_rear_turn_left_2
Peromyscus_leucopus,1,22,90251.06592455853,0.03349013292193129,0.01993118357480233,0.7487087177185664,stopping
Peromyscus_leucopus,1,23,55837.121157706926,0.020719894999497578,0.04476507848228931,-1.1113570236009107,scrunch_idle
Peromyscus_leucopus,1,24,38722.94404262318,0.014369210267278082,0.008457368189545029,0.7647000808613742,end_and_enter_rear
Peromyscus_leucopus,1,25,25219.97682799381,0.009358563997056427,0.009207616985881323,0.02345935365884918,mid_rear
Peromyscus_leucopus,1,26,178154.5932990891,0.06610914728947881,0.02360235103334481,1.4859193323766426,still_2
Peromyscus_leucopus,1,27,108616.20790501936,0.04030502247204362,0.013416974814670387,1.5869002091457982,stop_rear_start_walking
Peromyscus_leucopus,1,28,28940.48525056636,0.010739160672925872,0.04318116061059329,-2.0075207773890096,mid_rear_2
Peromyscus_leucopus,1,29,18961.858470047428,0.0070363175670364615,0.012102261443192942,-0.7823841545137173,mid_rear_3
Peromyscus_leucopus,1,30,20555.52556612419,0.007627691445385257,0.008922034512126331,-0.2261262436661826,mid_rear_4
Peromyscus_leucopus,1,31,43576.80381962183,0.0161703680425445,0.02172565518244134,-0.4260471698058313,groom_1
Peromyscus_leucopus,1,32,4422.861028116509,0.0016412238704268368,0.034270983571263666,-4.38414364997245,slow_locomotion_2
Peromyscus_leucopus,1,33,15052.414462214714,0.005585611161168538,0.006767273207908814,-0.2768594893130283,jump_1
Peromyscus_leucopus,1,34,5990.97714649708,0.002223116357829557,0.016640496954143852,-2.904043152910334,very_slow_locomotion
Peromyscus_leucopus,1,35,71216.01278981447,0.026426654467377825,0.020018789978982026,0.4006390216447509,groom_2
Peromyscus_leucopus,1,36,50914.56108101414,0.0188932440940951,0.017230361213409588,0.13291749699633576,groom_3
Peromyscus_leucopus,1,37,48326.57269778888,0.01793290003536589,0.016859500103994448,0.08904705382978327,groom_4
Peromyscus_leucopus,1,38,200974.20903331865,0.07457699147877148,0.006297115409316486,3.5659675848603283,brief_fast
Peromyscus_leucopus,1,39,14718.698021750688,0.00546177652459243,0.011957200310493793,-1.1304374420100018,paused_in_rear
Peromyscus_leucopus,1,40,35370.24792841262,0.013125100434762511,0.01160799645073193,0.17720947908962142,groom_5
Peromyscus_leucopus,1,41,12386.686537008603,0.004596419713574081,0.00883372720527072,-0.9425117401038839,jump_2
Peromyscus_leucopus,1,42,38809.17575429213,0.014401208908582696,0.012387155874871613,0.21734494495339948,groom_6
Peromyscus_leucopus,1,43,103.27375120193652,3.83225574088003e-05,0.011291136998855773,-8.202781214328713,very_fast
Peromyscus_leucopus,1,44,11834.572181514915,0.004391542541607533,0.008633185446083932,-0.9751651993420658,groom_7
Peromyscus_leucopus,1,45,8683.429913091759,0.003222224790683432,0.001980982452708621,0.7018410425952419,idle_enter_groom
Peromyscus_leucopus,1,46,6774.813134053552,0.0025139801957614295,0.005638575548418596,-1.1653574614052558,groom_9
Peromyscus_leucopus,1,47,6464.428527351781,0.002398803475920217,0.006012915450013826,-1.3257497039546808,groom_10
Peromyscus_leucopus,1,48,6795.786591653322,0.0025217629723486438,0.00627466080249054,-1.315104792485484,groom_11
Peromyscus_leucopus,1,49,243.07843638936072,9.020091964276409e-05,0.0009031806159642048,-3.3238004757104944,groom_12
Peromyscus_leucopus,1,83,21.307334994305634,7.906670950212427e-06,1.4146659512315257e-07,5.804537054615728,unnamed_83
Peromyscus_leucopus,2,0,6225.483657540331,0.01892540010330564,0.040573731923181575,-1.100222205348457,head_low
Peromyscus_leucopus,2,1,3782.903537648088,0.01149998408806145,0.04248248924878019,-1.8852364379163464,head_down
Peromyscus_leucopus,2,2,8029.096081149483,0.02440836152860031,0.030048559373321234,-0.299920371142814,sniff_floor
Peromyscus_leucopus,2,3,3416.074416031047,0.010384827695716251,0.033851374359223356,-1.7047371288347326,step_to_stop
Peromyscus_leucopus,2,4,4464.649603343441,0.01357248443853811,0.03130655107045301,-1.2057797509802746,turn_left
Peromyscus_leucopus,2,5,1282.5810468711795,0.003899031916589113,0.023451399746048342,-2.5884861661239325,enter_rear
Peromyscus_leucopus,2,6,4102.040673352645,0.012470157381138249,0.026279702800546055,-1.0754692871975422,turn_right
Peromyscus_leucopus,2,7,1173.2955737094778,0.003566805310780073,0.023833783952666693,-2.740303642579943,extend_rear
Peromyscus_leucopus,2,8,939.486938994977,0.0028560296983149943,0.01763438337878145,-2.6263082435837632,extend_rear_2
Peromyscus_leucopus,2,9,3115.5719512774644,0.00947130359215479,0.024648901613166296,-1.3798884484657907,still
Peromyscus_leucopus,2,10,827.1217570356183,0.002514440812496314,0.016897503175684246,-2.7485005861481087,motionless_rear
Peromyscus_leucopus,2,11,674.1718853679123,0.0020494749277084564,0.042130944759894096,-4.361554021834976,start_moving
Peromyscus_leucopus,2,12,916.1917830619896,0.0027852126870187397,0.011464369274883191,-2.041297580304432,leave_rear_turn_right
Peromyscus_leucopus,2,13,1340.9853940451512,0.004076580473270489,0.03435619147361984,-3.075138716841352,take_a_step
Peromyscus_leucopus,2,14,4699.989947771646,0.014287916431257092,0.06941183880562808,-2.28038620084105,curve_spine
Peromyscus_leucopus,2,15,799.7313038236995,0.0024311741436619048,0.012744230421561972,-2.3901191151732504,leave_rear_turn_left
Peromyscus_leucopus,2,16,3336.4000372925857,0.010142618482978,0.017884303409966176,-0.8182637709783211,brief_walk
Peromyscus_leucopus,2,17,4271.865097430837,0.012986421714930278,0.017462096356820934,-0.42722280292433307,slow_locomotion
Peromyscus_leucopus,2,18,1333.8648879738362,0.0040549342151240345,0.019430739064254514,-2.260590361761406,leave_rear_turn_right_2
Peromyscus_leucopus,2,19,475.0079317861413,0.0014440187551384956,0.027835185886624505,-4.2687483323167115,high_rear
Peromyscus_leucopus,2,20,618.0817336457733,0.0018789614990994406,0.009911856987303822,-2.399219866293361,enter_wall_rear
Peromyscus_leucopus,2,21,996.6822318768204,0.0030299027435849108,0.016183347652003455,-2.4171666806965506,leave_rear_turn_left_2
Peromyscus_leucopus,2,22,2497.934075441521,0.0075936914157910766,0.01993118357480233,-1.3921541057945785,stopping
Peromyscus_leucopus,2,23,11233.878842291911,0.03415086497655898,0.04476507848228931,-0.3904515959133676,scrunch_idle
Peromyscus_leucopus,2,24,628.055957376432,0.0019092830267439583,0.008457368189545029,-2.1471778077394674,end_and_enter_rear
Peromyscus_leucopus,2,25,440.0231720061578,0.0013376654799913859,0.009207616985881323,-2.783110446621069,mid_rear
Peromyscus_leucopus,2,26,131719.40670093062,0.40042551074177335,0.02360235103334481,4.084531410975152,still_2
Peromyscus_leucopus,2,27,2815.7920949781687,0.00855997621014425,0.013416974814670387,-0.6483807250888537,stop_rear_start_walking
Peromyscus_leucopus,2,28,861.5147494336239,0.002618995121476602,0.04318116061059329,-4.0433167427876455,mid_rear_2
Peromyscus_leucopus,2,29,466.14152995257695,0.0014170649935663089,0.012102261443192942,-3.0942988224562105,mid_rear_3
Peromyscus_leucopus,2,30,371.4744338757755,0.001129278089218478,0.008922034512126331,-2.981971929491038,mid_rear_4
Peromyscus_leucopus,2,31,9919.196180378089,0.03015424451230603,0.02172565518244134,0.472961405040141,groom_1
Peromyscus_leucopus,2,32,140.1389718834796,0.0004260208939346283,0.034270983571263666,-6.329919599038875,slow_locomotion_2
Peromyscus_leucopus,2,33,298.5855377852312,0.0009076966671981947,0.006767273207908814,-2.8982924687544376,jump_1
Peromyscus_leucopus,2,34,210.0228535029121,0.0006384671058555114,0.016640496954143852,-4.703942415272023,very_slow_locomotion
Peromyscus_leucopus,2,35,52841.98721016797,0.16063904512782984,0.020018789978982026,3.0043959194623793,groom_2
Peromyscus_leucopus,2,36,12836.43891898538,0.03902262953484729,0.017230361213409588,1.1793580508277703,groom_3
Peromyscus_leucopus,2,37,11612.4273022105,0.03530164802516151,0.016859500103994448,1.0661737759734224,groom_4
Peromyscus_leucopus,2,38,5383.790966685897,0.016366663816341914,0.006297115409316486,1.3779972591120462,brief_fast
Peromyscus_leucopus,2,39,272.3019782492922,0.0008277949426543971,0.011957200310493793,-3.852462387971237,paused_in_rear
Peromyscus_leucopus,2,40,8501.752071587167,0.02584523040856643,0.01160799645073193,1.154779080476779,groom_5
Peromyscus_leucopus,2,41,441.3134629914065,0.001341587950033684,0.00883372720527072,-2.719080645158964,jump_2
Peromyscus_leucopus,2,42,10066.824245708462,0.03060303216585167,0.012387155874871613,1.30482962430316,groom_6
Peromyscus_leucopus,2,43,3.726248798063498,1.1327754318718423e-05,0.011291136998855773,-9.961113174024108,very_fast
Peromyscus_leucopus,2,44,2886.4278184850664,0.008774708012923196,0.008633185446083932,0.023458140320484277,groom_7
Peromyscus_leucopus,2,45,767.5700869082691,0.0023334044069770283,0.001980982452708621,0.23622026427576467,idle_enter_groom
Peromyscus_leucopus,2,46,1425.1868659464344,0.004332551998163808,0.005638575548418596,-0.3801136818313795,groom_9
Peromyscus_leucopus,2,47,1649.5714726481772,0.005014678671761272,0.006012915450013826,-0.2619074129102565,groom_10
Peromyscus_leucopus,2,48,1769.2134083466724,0.005378388806874307,0.00627466080249054,-0.2223634192774614,groom_11
Peromyscus_leucopus,2,49,65.92156361063826,0.0002004008098641066,0.0009031806159642048,-2.1721261845692266,groom_12
Peromyscus_leucopus,2,83,0.6926650056943706,2.1056938049217777e-06,1.4146659512315257e-07,3.8957623340867977,unnamed_83
Peromyscus_maniculatus,1,0,1382870.1981132668,0.04634101123541284,0.040573731923181575,0.19174352046671977,head_low
Peromyscus_maniculatus,1,1,899818.3355314482,0.030153583216693144,0.04248248924878019,-0.4945388519632273,head_down
Peromyscus_maniculatus,1,2,1157216.7952903742,0.03877919748760634,0.030048559373321234,0.36798712298570163,sniff_floor
Peromyscus_maniculatus,1,3,854139.8123425718,0.028622861852388055,0.033851374359223356,-0.24204648121224676,step_to_stop
Peromyscus_maniculatus,1,4,922733.6056834632,0.030921491002272646,0.03130655107045301,-0.01785469453311853,turn_left
Peromyscus_maniculatus,1,5,716145.4949981011,0.0239985694067138,0.023451399746048342,0.033274371433174646,enter_rear
Peromyscus_maniculatus,1,6,801566.7331652325,0.02686109877718309,0.026279702800546055,0.03156936051044394,turn_right
Peromyscus_maniculatus,1,7,1122114.521664032,0.037602894130482706,0.023833783952666693,0.6578356860121949,extend_rear
Peromyscus_maniculatus,1,8,875133.2187894526,0.029326366552505114,0.01763438337878145,0.73380720669518,extend_rear_2
Peromyscus_maniculatus,1,9,405256.1877954607,0.01358043696181513,0.024648901613166296,-0.859993459446408,still
Peromyscus_maniculatus,1,10,894319.6898703395,0.029969319501480646,0.016897503175684246,0.8266762402286029,motionless_rear
Peromyscus_maniculatus,1,11,491104.5654166114,0.01645728009381085,0.042130944759894096,-1.3561543475480025,start_moving
Peromyscus_maniculatus,1,12,561382.2033971536,0.01881233613283602,0.011464369274883191,0.7145220295364035,leave_rear_turn_right
Peromyscus_maniculatus,1,13,377853.4304430228,0.012662150134835145,0.03435619147361984,-1.4400477098298878,take_a_step
Peromyscus_maniculatus,1,14,860050.0829787864,0.02882091942737292,0.06941183880562808,-1.268065388020437,curve_spine
Peromyscus_maniculatus,1,15,541754.7427386162,0.01815460529436624,0.012744230421561972,0.5104913075375939,leave_rear_turn_left
Peromyscus_maniculatus,1,16,1989074.172818068,0.06665535833832595,0.017884303409966176,1.898026929625807,brief_walk
Peromyscus_maniculatus,1,17,1647394.7902111358,0.05520542751336513,0.017462096356820934,1.6605833447632072,slow_locomotion
Peromyscus_maniculatus,1,18,433258.9012713349,0.0145188287657444,0.019430739064254514,-0.4204157002826694,leave_rear_turn_right_2
Peromyscus_maniculatus,1,19,704743.8895542271,0.023616493108665593,0.027835185886624505,-0.2371149676507908,high_rear
Peromyscus_maniculatus,1,20,769883.0836670302,0.025799356063095896,0.009911856987303822,1.380107780376367,enter_wall_rear
Peromyscus_maniculatus,1,21,425898.3949696962,0.014272172712495193,0.016183347652003455,-0.1813050923608708,leave_rear_turn_left_2
Peromyscus_maniculatus,1,22,586685.7841140088,0.019660277985871683,0.01993118357480233,-0.01974366361344958,stopping
Peromyscus_maniculatus,1,23,882164.7961224612,0.029561999950806852,0.04476507848228931,-0.5986298405341215,scrunch_idle
Peromyscus_maniculatus,1,24,582381.5929128658,0.019516041330049853,0.008457368189545029,1.2063797511434637,end_and_enter_rear
Peromyscus_maniculatus,1,25,484178.9412622176,0.01622519726551005,0.009207616985881323,0.8173362912968848,mid_rear
Peromyscus_maniculatus,1,26,587834.6475651602,0.019698777256569974,0.02360235103334481,-0.26082449236471955,still_2
Peromyscus_maniculatus,1,27,951714.4958744968,0.03189266223713424,0.013416974814670387,1.249165114156137,stop_rear_start_walking
Peromyscus_maniculatus,1,28,602734.6494123325,0.020198087426063504,0.04318116061059329,-1.096183330782375,mid_rear_2
Peromyscus_maniculatus,1,29,560363.8561907182,0.0187782105587949,0.012102261443192942,0.6337829336689081,mid_rear_3
Peromyscus_maniculatus,1,30,467237.4281297189,0.01565747453094743,0.008922034512126331,0.8114068983474231,mid_rear_4
Peromyscus_maniculatus,1,31,430911.9319803656,0.01444018007519458,0.02172565518244134,-0.5893109518146835,groom_1
Peromyscus_maniculatus,1,32,172501.00370626542,0.005780637229566852,0.034270983571263666,-2.5676871552000704,slow_locomotion_2
Peromyscus_maniculatus,1,33,524230.6374313153,0.017567359461717478,0.006767273207908814,1.376250817871143,jump_1
Peromyscus_maniculatus,1,34,86722.62868071868,0.002906139936735083,0.016640496954143852,-2.517522440421186,very_slow_locomotion
Peromyscus_maniculatus,1,35,687648.5188486654,0.02304361449213249,0.020018789978982026,0.20301225341264278,groom_2
Peromyscus_maniculatus,1,36,625779.1242546524,0.02097032495713413,0.017230361213409588,0.2833962714637939,groom_3
Peromyscus_maniculatus,1,37,644848.5440898658,0.02160935543160824,0.016859500103994448,0.3580942798344546,groom_4
Peromyscus_maniculatus,1,38,243023.8872861555,0.008143911631450895,0.006297115409316486,0.3710307986555639,brief_fast
Peromyscus_maniculatus,1,39,147337.5117700581,0.00493738985600353,0.011957200310493793,-1.2760591629619364,paused_in_rear
Peromyscus_maniculatus,1,40,404352.2556827636,0.013550145522858895,0.01160799645073193,0.2231893622017265,groom_5
Peromyscus_maniculatus,1,41,553011.6996767734,0.01853183431315588,0.00883372720527072,1.0689115026467222,jump_2
Peromyscus_maniculatus,1,42,286948.45630319125,0.009615856683926744,0.012387155874871613,-0.365357679549513,groom_6
Peromyscus_maniculatus,1,43,9404.134978991786,0.00031513957370357795,0.011291136998855773,-5.163056027812196,very_fast
Peromyscus_maniculatus,1,44,125262.26029827044,0.004197631722612266,0.008633185446083932,-1.040317380830603,groom_7
Peromyscus_maniculatus,1,45,119802.36902147454,0.004014666695708558,0.001980982452708621,1.0190641167035577,idle_enter_groom
Peromyscus_maniculatus,1,46,123091.74320244732,0.004124896076662685,0.005638575548418596,-0.45097297386121904,groom_9
Peromyscus_maniculatus,1,47,57032.022027780265,0.0019111855741584245,0.006012915450013826,-1.65359680304498,groom_10
Peromyscus_maniculatus,1,48,50152.27181547729,0.0016806400158550176,0.00627466080249054,-1.9005267314605778,groom_11
Peromyscus_maniculatus,1,49,8820.30822873944,0.0002955751040737519,0.0009031806159642048,-1.6114897651861753,groom_12
Peromyscus_maniculatus,1,50,9.807578217075903,3.2865925736905536e-07,0.0001441801816296132,-8.777064534269076,unnamed_50
Peromyscus_maniculatus,1,51,10.663578196698303,3.573444548137006e-07,1.4275265507881752e-06,-1.998130272585957,unnamed_51
Peromyscus_maniculatus,1,52,330.9696392532835,1.1091039341322691e-05,2.5271078128817684e-06,2.1338354470221708,unnamed_52
Peromyscus_maniculatus,1,53,32.33734899828542,1.0836486716523119e-06,2.9579378980295527e-07,1.8732334297322064,unnamed_53
Peromyscus_maniculatus,1,54,42.78249295862432,1.4336732323681131e-06,3.5366648780788137e-07,2.01925481167309,unnamed_54
Peromyscus_maniculatus,1,55,57.95210987984053,1.9420184039844375e-06,6.623208771674871e-07,1.5519546332734877,unnamed_55
Peromyscus_maniculatus,1,56,3.609163469590652,1.2094575841097334e-07,3.0865438935960555e-07,-1.3516321333692456,unnamed_56
Peromyscus_maniculatus,1,57,14.649975430287054,4.909315978749932e-07,9.645449667487674e-08,2.3476016231115,unnamed_57
Peromyscus_maniculatus,1,60,64.77104161827056,2.1705258898896455e-06,4.308300851477829e-07,2.3328537282101083,unnamed_60
Peromyscus_maniculatus,1,61,29.404677321451963,9.853726575250735e-07,0.0010947135251613783,-10.117596321096462,unnamed_61
Peromyscus_maniculatus,1,62,92.75926593792488,3.1084321513926663e-06,6.108784789408859e-07,2.347229768388017,unnamed_62
Peromyscus_maniculatus,1,64,16.46996244791617,5.519207195925099e-07,2.5078169135467955e-07,1.1380290204490655,unnamed_64
Peromyscus_maniculatus,1,65,26.66464486705754,8.935521273496972e-07,5.337148816009846e-07,0.7434826559129485,unnamed_65
Peromyscus_maniculatus,1,67,65.32690609781821,2.189153322982954e-06,5.465754811576348e-07,2.0018803523803457,unnamed_67
Peromyscus_maniculatus,1,68,21.65498081754392,7.256745504658403e-07,5.401451813793101e-07,0.425975445294306,unnamed_68
Peromyscus_maniculatus,1,69,34.488161233134385,1.1557239930211476e-06,2.250604922413791e-07,2.36041216897805,unnamed_69
Peromyscus_maniculatus,1,72,47.198189392713005,1.5816465116704385e-06,5.530057809359598e-07,1.5160607352123652,unnamed_72
Peromyscus_maniculatus,1,80,50.3174074430052,1.686173833838136e-06,6.623208771674869e-07,1.3481510370845158,unnamed_80
Peromyscus_maniculatus,1,81,47.34712823902193,1.586637563440596e-06,5.079936824876843e-07,1.6430901495501025,unnamed_81
Peromyscus_maniculatus,1,82,90.87510168647766,3.0452924027273134e-06,7.201935751724131e-07,2.0801241249453177,unnamed_82
Peromyscus_maniculatus,1,85,43.31923844218893,1.4516599736532758e-06,3.3437558847290595e-07,2.1181621359006613,unnamed_85
Peromyscus_maniculatus,1,86,15.609668624199116,5.230916322312947e-07,5.144239822660094e-07,0.0241057895897723,unnamed_86
Peromyscus_maniculatus,1,87,32.20653769542147,1.0792650873766451e-06,4.436906847044331e-07,1.28242309164042,unnamed_87
Peromyscus_maniculatus,1,88,47.03791240178301,1.5762755102217136e-06,3.5366648780788116e-07,2.15605829319508,unnamed_88
Peromyscus_maniculatus,1,89,1.804581734795326,6.047287920548667e-08,1.6718779423645303e-07,-1.4671093507891817,unnamed_89
Peromyscus_maniculatus,1,90,5.772318129557315,1.9343468364648572e-07,4.5012098448275814e-08,2.1034617699120077,unnamed_90
Peromyscus_maniculatus,1,91,0.9746568246980264,3.2661476778967785e-08,6.430299778325115e-09,2.3446321212304007,unnamed_91
Peromyscus_maniculatus,1,95,47.273398977564014,1.5841668409257414e-06,3.0865438935960576e-07,2.3596600717318044,unnamed_95
Peromyscus_maniculatus,2,0,48295.801886728565,0.025302085946758587,0.040573731923181575,-0.6812896779643609,head_low
Peromyscus_maniculatus,2,1,29138.664468553077,0.015265695235504275,0.04248248924878019,-1.476575008153204,head_down
Peromyscus_maniculatus,2,2,53433.20470962444,0.027993562279896175,0.030048559373321234,-0.10220073840940687,sniff_floor
Peromyscus_maniculatus,2,3,27425.18765743398,0.014368007737853948,0.033851374359223356,-1.2363543759761058,step_to_stop
Peromyscus_maniculatus,2,4,29778.394316539867,0.015600848581429285,0.03130655107045301,-1.0048400765871295,turn_left
Peromyscus_maniculatus,2,5,13611.505001899712,0.007131043609764353,0.023451399746048342,-1.7174889036784031,enter_rear
Peromyscus_maniculatus,2,6,26280.266834769427,0.013768185725886227,0.026279702800546055,-0.9326104963372982,turn_right
Peromyscus_maniculatus,2,7,17632.47833597441,0.009237624490789952,0.023833783952666693,-1.3674142111251486,extend_rear
Peromyscus_maniculatus,2,8,10898.781210555757,0.005709852370836756,0.01763438337878145,-1.6268657798826704,extend_rear_2
Peromyscus_maniculatus,2,9,17191.812204539376,0.009006760277011182,0.024648901613166296,-1.4524431912404905,still
Peromyscus_maniculatus,2,10,13640.31012966046,0.007146134565703322,0.016897503175684246,-1.2415750993872186,motionless_rear
Peromyscus_maniculatus,2,11,10067.434583390734,0.00527431133020114,0.042130944759894096,-2.9978256300643658,start_moving
Peromyscus_maniculatus,2,12,8735.796602848206,0.004576668526533068,0.011464369274883191,-1.3247872745720173,leave_rear_turn_right
Peromyscus_maniculatus,2,13,10403.569556976136,0.005450411853623785,0.03435619147361984,-2.656132962022756,take_a_step
Peromyscus_maniculatus,2,14,72538.91702122189,0.03800301146796157,0.06941183880562808,-0.869068001851761,curve_spine
Peromyscus_maniculatus,2,15,8562.257261383824,0.004485751569751318,0.012744230421561972,-1.5064226285049607,leave_rear_turn_left
Peromyscus_maniculatus,2,16,37510.82718201624,0.019651856604832384,0.017884303409966176,0.13597169047475355,brief_walk
Peromyscus_maniculatus,2,17,37756.20978891528,0.01978041212243536,0.017462096356820934,0.17984571722186857,slow_locomotion
Peromyscus_maniculatus,2,18,12317.098728664663,0.006452906432288135,0.019430739064254514,-1.5903197645265033,leave_rear_turn_right_2
Peromyscus_maniculatus,2,19,14817.110445775266,0.007762658188405437,0.027835185886624505,-1.8422870495593184,high_rear
Peromyscus_maniculatus,2,20,13935.916332990151,0.007301002137435228,0.009911856987303822,-0.4410608695032446,enter_wall_rear
Peromyscus_maniculatus,2,21,11414.60503030025,0.005980091565770735,0.016183347652003455,-1.4362705914727723,leave_rear_turn_left_2
Peromyscus_maniculatus,2,22,12350.215885994416,0.006470256452959394,0.01993118357480233,-1.623132583726125,stopping
Peromyscus_maniculatus,2,23,122522.20387753968,0.06418916783215622,0.04476507848228931,0.5199561419583821,scrunch_idle
Peromyscus_maniculatus,2,24,10648.407087136931,0.005578681806479105,0.008457368189545029,-0.6002845212331124,end_and_enter_rear
Peromyscus_maniculatus,2,25,10080.05873778429,0.005280925102558002,0.009207616985881323,-0.8020371418339939,mid_rear
Peromyscus_maniculatus,2,26,225535.35243484768,0.11815757578107684,0.02360235103334481,2.323709653086099,still_2
Peromyscus_maniculatus,2,27,17587.504125363106,0.009214062580689696,0.013416974814670387,-0.5421501156192979,stop_rear_start_walking
Peromyscus_maniculatus,2,28,15412.350587671528,0.0080745034552993,0.04318116061059329,-2.418956571656831,mid_rear_2
Peromyscus_maniculatus,2,29,13782.143809297562,0.0072204409818332335,0.012102261443192942,-0.7451178002317109,mid_rear_3
Peromyscus_maniculatus,2,30,10470.57187027974,0.005485514248109657,0.008922034512126331,-0.7017458540704837,mid_rear_4
Peromyscus_maniculatus,2,31,86033.06801964414,0.045072573521023604,0.02172565518244134,1.0528501411838145,groom_1
Peromyscus_maniculatus,2,32,3808.9962937338814,0.0019955264811831004,0.034270983571263666,-4.102146268500546,slow_locomotion_2
Peromyscus_maniculatus,2,33,12220.362568729815,0.006402226527675071,0.006767273207908814,-0.08000090996697604,jump_1
Peromyscus_maniculatus,2,34,2310.3713192815303,0.0012103994841309602,0.016640496954143852,-3.781143336062913,very_slow_locomotion
Peromyscus_maniculatus,2,35,278148.48115133296,0.14572150168574632,0.020018789978982026,2.8637870882139156,groom_2
Peromyscus_maniculatus,2,36,142934.8757453639,0.07488333084065152,0.017230361213409588,2.119691661790184,groom_3
Peromyscus_maniculatus,2,37,145513.45591015174,0.0762342444687778,0.016859500103994448,2.1768774428084186,groom_4
Peromyscus_maniculatus,2,38,4334.112713845503,0.0022706340531596517,0.006297115409316486,-1.4715958955752408,brief_fast
Peromyscus_maniculatus,2,39,2731.488229942163,0.0014310218954154646,0.011957200310493793,-3.062761981397052,paused_in_rear
Peromyscus_maniculatus,2,40,86736.74431724296,0.04544122829980335,0.01160799645073193,1.9688828487615575,groom_5
Peromyscus_maniculatus,2,41,16075.300323241336,0.008421821659624996,0.00883372720527072,-0.06888995579424143,jump_2
Peromyscus_maniculatus,2,42,59407.54369680912,0.031123508002370168,0.012387155874871613,1.329159700231564,groom_6
Peromyscus_maniculatus,2,43,187.86502100821767,9.842215518209947e-05,0.011291136998855773,-6.841991947118242,very_fast
Peromyscus_maniculatus,2,44,31262.739701729504,0.01637849452669856,0.008633185446083932,0.9238378699792331,groom_7
Peromyscus_maniculatus,2,45,10834.630978525478,0.0056762441767303305,0.001980982452708621,1.5187205505125312,idle_enter_groom
Peromyscus_maniculatus,2,46,30679.25679755149,0.016072808856035056,0.005638575548418596,1.5112194226297266,groom_9
Peromyscus_maniculatus,2,47,15951.97797221966,0.008357213296106671,0.006012915450013826,0.4749572849951548,groom_10
Peromyscus_maniculatus,2,48,13428.72818452266,0.007035287155545089,0.00627466080249054,0.16507183884691182,groom_11
Peromyscus_maniculatus,2,49,2339.691771260536,0.0012257604175245202,0.0009031806159642048,0.440590594412533,groom_12
Peromyscus_maniculatus,2,50,0.1924217829240947,1.0080943476190326e-07,0.0001441801816296132,-10.482026489301909,unnamed_50
Peromyscus_maniculatus,2,51,0.336421803301697,1.7625079300820452e-07,1.4275265507881752e-06,-3.017815924965816,unnamed_51
Peromyscus_maniculatus,2,52,15.03036074671617,7.874379647244317e-06,2.5271078128817684e-06,1.6396790561337413,unnamed_52
Peromyscus_maniculatus,2,53,0.6626510017145748,3.471616981826153e-07,2.9579378980295527e-07,0.23101602289123793,unnamed_53
Peromyscus_maniculatus,2,54,1.217507041375682,6.378498047081077e-07,3.5366648780788137e-07,0.8508272299643049,unnamed_54
Peromyscus_maniculatus,2,55,2.047890120159487,1.0728860440358864e-06,6.623208771674871e-07,0.6958946096411153,unnamed_55
Peromyscus_maniculatus,2,56,0.3908365304093475,2.047585731518349e-07,3.0865438935960555e-07,-0.5920684498645707,unnamed_56
Peromyscus_maniculatus,2,57,0.3500245697129464,1.8337725848564576e-07,9.645449667487674e-08,0.9268943314366355,unnamed_57
Peromyscus_maniculatus,2,60,2.228958381729451,1.1677473888628856e-06,4.308300851477829e-07,1.438537316354342,unnamed_60
Peromyscus_maniculatus,2,61,0.5953226785480524,3.1188850770105064e-07,0.0010947135251613783,-11.777235366835749,unnamed_61
Peromyscus_maniculatus,2,62,1.240734062075104,6.500184001359725e-07,6.108784789408859e-07,0.08959514161702635,unnamed_62
Peromyscus_maniculatus,2,64,0.5300375520838315,2.776857443901335e-07,2.5078169135467955e-07,0.14702108898092076,unnamed_64
Peromyscus_maniculatus,2,65,0.3353551329424582,1.7569196627685385e-07,5.337148816009846e-07,-1.6030210147152604,unnamed_65
Peromyscus_maniculatus,2,67,2.673093902181785,1.400429209466041e-06,5.465754811576348e-07,1.3573764096843757,unnamed_67
Peromyscus_maniculatus,2,68,2.345019182456085,1.2285514389110093e-06,5.401451813793101e-07,1.1855391287989803,unnamed_68
Peromyscus_maniculatus,2,69,0.5118387668656221,2.6815143271646677e-07,2.250604922413791e-07,0.2527351373830328,unnamed_69
Peromyscus_maniculatus,2,72,0.8018106072869806,4.2006717159763684e-07,5.530057809359598e-07,-0.39667451889905525,unnamed_72
Peromyscus_maniculatus,2,80,0.6825925569947973,3.576090440367252e-07,6.623208771674869e-07,-0.8891471113076445,unnamed_80
Peromyscus_maniculatus,2,81,3.65287176097808,1.913733112155919e-06,5.079936824876843e-07,1.913507186064829,unnamed_81
Peromyscus_maniculatus,2,82,9.124898313522348,4.780518230666737e-06,7.201935751724131e-07,2.7307103871589424,unnamed_82
Peromyscus_maniculatus,2,85,0.6807615578110524,3.566497867740709e-07,3.3437558847290595e-07,0.0930385856095288,unnamed_85
Peromyscus_maniculatus,2,86,0.390331375800881,2.044939235379865e-07,5.144239822660094e-07,-1.3308999275221751,unnamed_86
Peromyscus_maniculatus,2,87,0.7934623045785396,4.1569351044311365e-07,4.436906847044331e-07,-0.0940340384109203,unnamed_87
Peromyscus_maniculatus,2,88,4.962087598216953,2.5996289942528326e-06,3.5366648780788116e-07,2.8778443179692785,unnamed_88
Peromyscus_maniculatus,2,89,0.1954182652046737,1.0237928657591742e-07,1.6718779423645303e-07,-0.7075456672845072,unnamed_89
Peromyscus_maniculatus,2,90,0.2276818704426844,1.1928213280257388e-07,4.5012098448275814e-08,1.4059932294702278,unnamed_90
Peromyscus_maniculatus,2,91,0.0253431753019735,1.3277245114559556e-08,6.430299778325115e-09,1.0459979318729649,unnamed_91
Peromyscus_maniculatus,2,95,0.7266010224360123,3.8066500193530527e-07,3.0865438935960576e-07,0.30252962765426245,unnamed_95
Peromyscus_polionotus,1,0,391367.1320189701,0.046885539700883556,0.040573731923181575,0.2085970336095296,head_low
Peromyscus_polionotus,1,1,356210.4717668893,0.04267379360586526,0.04248248924878019,0.006482065734012623,head_down
Peromyscus_polionotus,1,2,310708.56763445545,0.037222693709812626,0.030048559373321234,0.30888663822030715,sniff_floor
Peromyscus_polionotus,1,3,177331.3797608466,0.021244189319369385,0.033851374359223356,-0.6721461168296038,step_to_stop
Peromyscus_polionotus,1,4,282260.38765665365,0.033814619391240426,0.03130655107045301,0.11118253450972154,turn_left
Peromyscus_polionotus,1,5,248274.11064949183,0.029743084483124346,0.023451399746048342,0.3428802331061483,enter_rear
Peromyscus_polionotus,1,6,248228.4223120465,0.02973761104863303,0.026279702800546055,0.17833979390265647,turn_right
Peromyscus_polionotus,1,7,162583.1651856085,0.019477362359687552,0.023833783952666693,-0.29120969839105365,extend_rear
Peromyscus_polionotus,1,8,239030.53400400613,0.028635709733603805,0.01763438337878145,0.699424231028367,extend_rear_2
Peromyscus_polionotus,1,9,177526.9829279768,0.021267622457483946,0.024648901613166296,-0.21286459862465662,still
Peromyscus_polionotus,1,10,117894.8936031248,0.014123735138526713,0.016897503175684246,-0.25868841373295254,motionless_rear
Peromyscus_polionotus,1,11,173886.78133664746,0.02083152856439428,0.042130944759894096,-1.0161115632479751,start_moving
Peromyscus_polionotus,1,12,112860.11746892837,0.013520572080077835,0.011464369274883191,0.2379992103530933,leave_rear_turn_right
Peromyscus_polionotus,1,13,210210.72592280208,0.025183114598717412,0.03435619147361984,-0.44811339279535223,take_a_step
Peromyscus_polionotus,1,14,535421.4975995651,0.06414316335893566,0.06941183880562808,-0.11388624308083425,curve_spine
Peromyscus_polionotus,1,15,136827.2531338347,0.016391820068983966,0.012744230421561972,0.3631317964574544,leave_rear_turn_left
Peromyscus_polionotus,1,16,346954.1389139121,0.04156489067059828,0.017884303409966176,1.2166714900359084,brief_walk
Peromyscus_polionotus,1,17,297195.9815467452,0.035603894276634275,0.017462096356820934,1.0278082811119047,slow_locomotion
Peromyscus_polionotus,1,18,185756.62566653508,0.02225352855376814,0.019430739064254514,0.19569333409727796,leave_rear_turn_right_2
Peromyscus_polionotus,1,19,171102.5018822286,0.020497973612487428,0.027835185886624505,-0.4414284228066123,high_rear
Peromyscus_polionotus,1,20,159495.20479855788,0.019107426620385868,0.009911856987303822,0.9469062129864704,enter_wall_rear
Peromyscus_polionotus,1,21,151356.40273503383,0.018132403180633923,0.016183347652003455,0.16406007415773544,leave_rear_turn_left_2
Peromyscus_polionotus,1,22,326504.4800849726,0.03911503422519986,0.01993118357480233,0.9726958429327428,stopping
Peromyscus_polionotus,1,23,319327.61999983457,0.03825525083788896,0.04476507848228931,-0.22671593283498742,scrunch_idle
Peromyscus_polionotus,1,24,123628.12283451683,0.014810572444858477,0.008457368189545029,0.8083467109487238,end_and_enter_rear
Peromyscus_polionotus,1,25,93470.3679648948,0.011197692114476921,0.009207616985881323,0.28230169088582185,mid_rear
Peromyscus_polionotus,1,26,118214.48590213746,0.014162022097746191,0.02360235103334481,-0.7369033011587844,still_2
Peromyscus_polionotus,1,27,68093.91531337994,0.00815760882459421,0.013416974814670387,-0.717841183820447,stop_rear_start_walking
Peromyscus_polionotus,1,28,239412.73132840192,0.02868149673603829,0.04318116061059329,-0.5902817075672941,mid_rear_2
Peromyscus_polionotus,1,29,285648.62224281643,0.034220527793374055,0.012102261443192942,1.4995853546849438,mid_rear_3
Peromyscus_polionotus,1,30,131646.98111871927,0.015771226694233483,0.008922034512126331,0.8218502442112748,mid_rear_4
Peromyscus_polionotus,1,31,113475.08257954584,0.013594244518945583,0.02172565518244134,-0.6764037073345521,groom_1
Peromyscus_polionotus,1,32,139978.47122853223,0.016769334042431083,0.034270983571263666,-1.0311622009985475,slow_locomotion_2
Peromyscus_polionotus,1,33,107016.8578694642,0.012820553203888798,0.006767273207908814,0.9218119760300649,jump_1
Peromyscus_polionotus,1,34,48961.97918429647,0.00586561474142365,0.016640496954143852,-1.5043442970910457,very_slow_locomotion
Peromyscus_polionotus,1,35,107164.0958350703,0.012838192220855525,0.020018789978982026,-0.6409127070386136,groom_2
Peromyscus_polionotus,1,36,106655.16939587552,0.012777223149061986,0.017230361213409588,-0.4313786141830513,groom_3
Peromyscus_polionotus,1,37,91169.33086776122,0.010922029297279404,0.016859500103994448,-0.626320828175224,groom_4
Peromyscus_polionotus,1,38,236610.26638997567,0.028345763174425484,0.006297115409316486,2.170370098994974,brief_fast
Peromyscus_polionotus,1,39,57034.8011892902,0.006832733811082656,0.011957200310493793,-0.8073448041041523,paused_in_rear
Peromyscus_polionotus,1,40,86508.23885071046,0.010363633364316102,0.01160799645073193,-0.16358910028564988,groom_5
Peromyscus_polionotus,1,41,118375.75977175371,0.01418134260730866,0.00883372720527072,0.6828999387987753,jump_2
Peromyscus_polionotus,1,42,80830.89234658783,0.009683490774054301,0.012387155874871613,-0.3552458593348856,groom_6
Peromyscus_polionotus,1,43,2170.786460136177,0.0002600588716630447,0.011291136998855773,-5.440208705255876,very_fast
Peromyscus_polionotus,1,44,24368.03379402386,0.002919275336148563,0.008633185446083932,-1.5642826914322876,groom_7
Peromyscus_polionotus,1,45,36334.70743359897,0.0043528754167721445,0.001980982452708621,1.135752628406695,idle_enter_groom
Peromyscus_polionotus,1,46,35104.91167988569,0.00420554664816235,0.005638575548418596,-0.42303740815628527,groom_9
Peromyscus_polionotus,1,47,27213.09154246112,0.003260111489985814,0.006012915450013826,-0.883143369478392,groom_10
Peromyscus_polionotus,1,48,27197.997019531125,0.003258303175500003,0.00627466080249054,-0.9454166228995742,groom_11
Peromyscus_polionotus,1,49,2421.2043930317973,0.0002900587847217164,0.0009031806159642048,-1.6386692099104059,groom_12
Peromyscus_polionotus,1,51,3.135619422352791,3.756452621740789e-07,1.4275265507881752e-06,-1.9260747672456529,unnamed_51
Peromyscus_polionotus,1,52,28.81413364205899,3.4519153405959454e-06,2.5271078128817684e-06,0.44990986770612623,unnamed_52
Peromyscus_polionotus,1,54,4.645706143447195,5.565527148474856e-07,3.5366648780788137e-07,0.6541288205719727,unnamed_54
Peromyscus_polionotus,1,58,29.44789670378057,3.527839762348001e-06,3.0865438935960555e-07,3.514720820760471,unnamed_58
Peromyscus_polionotus,1,65,18.105504273969757,2.169028183492372e-06,5.337148816009846e-07,2.0229076551956697,unnamed_65
Peromyscus_polionotus,1,66,32.46991604605605,3.889875805380421e-06,4.1796948559113256e-07,3.218254568649406,unnamed_66
Peromyscus_polionotus,1,74,99.0347983991903,1.186430742960083e-05,9.516843671921168e-07,3.6400009035676844,unnamed_74
Peromyscus_polionotus,1,80,43.61788052438998,5.225395036227917e-06,6.623208771674869e-07,2.9799378684773545,unnamed_80
Peromyscus_polionotus,1,82,7.066064794470144,8.465101802010476e-07,7.201935751724131e-07,0.23314268885266162,unnamed_82
Peromyscus_polionotus,2,0,70558.86798103388,0.03155548619132794,0.040573731923181575,-0.36265515411223526,head_low
Peromyscus_polionotus,2,1,60917.52823311461,0.027243665834981712,0.04248248924878019,-0.6409474612973313,head_down
Peromyscus_polionotus,2,2,66727.43236554654,0.029841983450751498,0.030048559373321234,-0.009952397386983886,sniff_floor
Peromyscus_polionotus,2,3,30872.62023915387,0.013806918528066453,0.033851374359223356,-1.293823037868103,step_to_stop
Peromyscus_polionotus,2,4,51123.61234334981,0.022863610053735717,0.03130655107045301,-0.45341136460821907,turn_left
Peromyscus_polionotus,2,5,32094.88935050706,0.014353544305506073,0.023451399746048342,-0.7082670115428409,enter_rear
Peromyscus_polionotus,2,6,44623.57768795587,0.019956650805656933,0.026279702800546055,-0.3970793372835248,turn_right
Peromyscus_polionotus,2,7,15804.834814391485,0.007068271657586786,0.023833783952666693,-1.7535786243807212,extend_rear
Peromyscus_polionotus,2,8,21272.46599599576,0.009513517240279023,0.01763438337878145,-0.8903404066769257,extend_rear_2
Peromyscus_polionotus,2,9,40089.01707202444,0.017928695015064798,0.024648901613166296,-0.4592528778257968,still
Peromyscus_polionotus,2,10,11892.10639687542,0.005318412978128768,0.016897503175684246,-1.66774237259231,motionless_rear
Peromyscus_polionotus,2,11,22564.218663352854,0.010091217600612958,0.042130944759894096,-2.0617800080749733,start_moving
Peromyscus_polionotus,2,12,11628.882531072411,0.00520069344406811,0.011464369274883191,-1.140381080017709,leave_rear_turn_right
Peromyscus_polionotus,2,13,34305.27407719929,0.015342077238594052,0.03435619147361984,-1.1630762870316316,take_a_step
Peromyscus_polionotus,2,14,206023.50240044197,0.09213826654409578,0.06941183880562808,0.4086187076131035,curve_spine
Peromyscus_polionotus,2,15,15555.746866165558,0.0069568740184865925,0.012744230421561972,-0.8733331564059656,leave_rear_turn_left
Peromyscus_polionotus,2,16,44923.8610860909,0.02009094418215898,0.017884303409966176,0.16785143896461233,brief_walk
Peromyscus_polionotus,2,17,44993.01845325973,0.02012187288619248,0.017462096356820934,0.20453782574730364,slow_locomotion
Peromyscus_polionotus,2,18,37259.37433346585,0.01666321620399631,0.019430739064254514,-0.2216738907460889,leave_rear_turn_right_2
Peromyscus_polionotus,2,19,22734.498117770883,0.010167370338409138,0.027835185886624505,-1.4529631250854167,high_rear
Peromyscus_polionotus,2,20,15388.79520144215,0.0068822095418368985,0.009911856987303822,-0.5262835534683337,enter_wall_rear
Peromyscus_polionotus,2,21,26309.597264966804,0.011766233741408933,0.016183347652003455,-0.4598574699686022,leave_rear_turn_left_2
Peromyscus_polionotus,2,22,45090.51991502888,0.02016547769616928,0.01993118357480233,0.016860197500727023,stopping
Peromyscus_polionotus,2,23,108980.3800001669,0.048738436069372844,0.04476507848228931,0.12268624264218418,scrunch_idle
Peromyscus_polionotus,2,24,12612.877165483203,0.005640757605908643,0.008457368189545029,-0.5843198444649554,end_and_enter_rear
Peromyscus_polionotus,2,25,8499.632035105064,0.0038012234179723645,0.009207616985881323,-1.2763639996713567,mid_rear
Peromyscus_polionotus,2,26,49886.514097863954,0.022310352359561286,0.02360235103334481,-0.0812172747595009,still_2
Peromyscus_polionotus,2,27,7504.08468661987,0.003355992626906074,0.013416974814670387,-1.9992479659982514,stop_rear_start_walking
Peromyscus_polionotus,2,28,40744.26867159909,0.018221738021477276,0.04318116061059329,-1.2447414477186391,mid_rear_2
Peromyscus_polionotus,2,29,37565.37775719001,0.016800067702441867,0.012102261443192942,0.47319039049101974,mid_rear_3
Peromyscus_polionotus,2,30,12027.018881280468,0.005378748824784153,0.008922034512126331,-0.7301021087853896,mid_rear_4
Peromyscus_polionotus,2,31,116427.91742045328,0.052069139508215075,0.02172565518244134,1.261028879851457,groom_1
Peromyscus_polionotus,2,32,18661.52877146693,0.008345848371821698,0.034270983571263666,-2.0378569826184596,slow_locomotion_2
Peromyscus_polionotus,2,33,14371.14213053687,0.006427092582829764,0.006767273207908814,-0.07440837944029079,jump_1
Peromyscus_polionotus,2,34,7156.02081570362,0.003200330766296998,0.016640496954143852,-2.3784055930462897,very_slow_locomotion
Peromyscus_polionotus,2,35,130802.90416492788,0.05849795148742257,0.020018789978982026,1.5470313303434962,groom_2
Peromyscus_polionotus,2,36,121765.8306041246,0.05445637233347985,0.017230361213409588,1.6601479327744906,groom_3
Peromyscus_polionotus,2,37,103712.66913223898,0.046382599272253466,0.016859500103994448,1.4600219106175494,groom_4
Peromyscus_polionotus,2,38,29197.73361002461,0.013057872186907257,0.006297115409316486,1.052156811798318,brief_fast
Peromyscus_polionotus,2,39,5706.198810709611,0.002551938302421737,0.011957200310493793,-2.228214277806589,paused_in_rear
Peromyscus_polionotus,2,40,93651.76114928922,0.041883138722326144,0.01160799645073193,1.8512505784852407,groom_5
Peromyscus_polionotus,2,41,24842.240228247127,0.011109999223553546,0.00883372720527072,0.33076452965332903,jump_2
Peromyscus_polionotus,2,42,118358.10765341378,0.05293236326712222,0.012387155874871613,2.095305088561692,groom_6
Peromyscus_polionotus,2,43,282.21353986381945,0.00012621213626290442,0.011291136998855773,-6.483196317048681,very_fast
Peromyscus_polionotus,2,44,29954.966205976016,0.013396523350239282,0.008633185446083932,0.633893758855724,groom_7
Peromyscus_polionotus,2,45,16008.292566401067,0.007159262463813762,0.001980982452708621,1.8535948698504205,idle_enter_groom
Peromyscus_polionotus,2,46,56486.08832011426,0.025261827903285163,0.005638575548418596,2.1635563825992006,groom_9
Peromyscus_polionotus,2,47,47086.90845753881,0.0210583068031021,0.006012915450013826,1.8082528633931927,groom_10
Peromyscus_polionotus,2,48,47385.00298046902,0.021191621266204927,0.00627466080249054,1.755884588759963,groom_11
Peromyscus_polionotus,2,49,3517.7956069682004,0.001573235992525239,0.0009031806159642048,0.80064866930039,groom_12
Peromyscus_polionotus,2,51,0.8643805776472092,3.865701103556581e-07,1.4275265507881752e-06,-1.8847155811154344,unnamed_51
Peromyscus_polionotus,2,52,8.185866357941022,3.660900468123963e-06,2.5271078128817684e-06,0.534711335797742,unnamed_52
Peromyscus_polionotus,2,54,1.354293856552805,6.056701632591316e-07,3.5366648780788137e-07,0.7761428217715088,unnamed_54
Peromyscus_polionotus,2,58,5.552103296219432,2.4830233804739034e-06,3.0865438935960555e-07,3.0080336330665,unnamed_58
Peromyscus_polionotus,2,65,2.8944957260302457,1.294482501308786e-06,5.337148816009846e-07,1.2782343194118686,unnamed_65
Peromyscus_polionotus,2,66,1.5300839539439506,6.842873824623867e-07,4.1796948559113256e-07,0.71120472552887,unnamed_66
Peromyscus_polionotus,2,74,41.96520160080966,1.8767766228712652e-05,9.516843671921168e-07,4.301629965243806,unnamed_74
Peromyscus_polionotus,2,80,8.382119475610025,3.748669202541215e-06,6.623208771674869e-07,2.5007762825224877,unnamed_80
Peromyscus_polionotus,2,82,4.933935205529857,2.2065649393475835e-06,7.201935751724131e-07,1.615345572091772,unnamed_82
