species,aligned_arm,moseq_cluster,soft_frames,p_syllable_given_species_arm,p_syllable_repertoire,log2_enrichment_vs_repertoire,moseq_label
Mus_caroli,1,0,110671.35454634333,0.020873979166042216,0.04077517685120978,-0.9659854893836981,head_low
Mus_caroli,1,1,336010.4183708221,0.06337569917162826,0.04244067230866573,0.5784822478949637,head_down
Mus_caroli,1,2,39805.01987161499,0.0075077165081236545,0.02986160508144264,-1.9918456333405952,sniff_floor
Mus_caroli,1,3,62304.756726239335,0.01175144371531341,0.03409158934246711,-1.5365778502158014,step_to_stop
Mus_caroli,1,4,149428.15022670655,0.02818398769436186,0.03143200346235813,-0.15735848178881184,turn_left
Mus_caroli,1,5,208235.6208531317,0.039275800220697266,0.023397705516331056,0.7472736102428506,enter_rear
Mus_caroli,1,6,129306.26073337492,0.024388751756508363,0.026322317845254867,-0.11007061173399164,turn_right
Mus_caroli,1,7,31896.052502126924,0.006015987950428357,0.02382739870176507,-1.9857478748854736,extend_rear
Mus_caroli,1,8,94709.29510027028,0.017863338357585017,0.017154155232421586,0.05844363991594162,extend_rear_2
Mus_caroli,1,9,65080.99806122031,0.012275076989920445,0.024899784486745867,-1.020401182269652,still
Mus_caroli,1,10,8903.145558181755,0.0016792427964356896,0.016568283149204797,-3.302541369091582,motionless_rear
Mus_caroli,1,11,1481837.547453844,0.27949279395562115,0.041246050158697124,2.760483212725053,start_moving
Mus_caroli,1,12,40940.00696345539,0.007721789038508041,0.011388424399465157,-0.560561117382192,leave_rear_turn_right
Mus_caroli,1,13,201157.43558048183,0.03794076738839548,0.034911518752257384,0.12004573926303518,take_a_step
Mus_caroli,1,14,290432.7004149048,0.05477918077761896,0.07085788080866151,-0.3713006278034663,curve_spine
Mus_caroli,1,15,55718.021516596265,0.010509104411688532,0.012663089991945754,-0.26898976013832737,leave_rear_turn_left
Mus_caroli,1,16,6260.724477630758,0.0011808496683364481,0.017639011971229693,-3.9008725374197577,brief_walk
Mus_caroli,1,17,7095.37922496847,0.0013382758232631953,0.016568400775439574,-3.629986960489682,slow_locomotion
Mus_caroli,1,18,225813.5537131308,0.04259121463670193,0.019293884658760446,1.1424122269964108,leave_rear_turn_right_2
Mus_caroli,1,19,87278.3069122484,0.016461762554562557,0.027514557823120248,-0.7410763309730934,high_rear
Mus_caroli,1,20,70788.3839055196,0.013351560183740757,0.009685420371062483,0.46312176469404787,enter_wall_rear
Mus_caroli,1,21,192639.4202075336,0.03633416488353056,0.016056128338174516,1.17820269386387,leave_rear_turn_left_2
Mus_caroli,1,22,141050.27001267724,0.026603816404689836,0.019700935956849817,0.4333690486900272,stopping
Mus_caroli,1,23,91115.8243005228,0.017185565550744564,0.04558875032176166,-1.4074805332224753,scrunch_idle
Mus_caroli,1,24,81896.71441262198,0.015446727994103729,0.008146699273332204,0.92301371261333,end_and_enter_rear
Mus_caroli,1,25,24014.434632501583,0.004529417844914985,0.009276973715208817,-1.0343286177385422,mid_rear
Mus_caroli,1,26,14289.972648954836,0.002695264665191107,0.023482111877213278,-3.1230633114352733,still_2
Mus_caroli,1,27,194712.9332411128,0.03672525495413528,0.012216392551226645,1.5879541799620238,stop_rear_start_walking
Mus_caroli,1,28,245533.910359674,0.046310716539197314,0.04345623456121416,0.0917829073402883,mid_rear_2
Mus_caroli,1,29,143645.60446192365,0.027093328414771863,0.01189681296989446,1.1873624968997085,mid_rear_3
Mus_caroli,1,30,33458.63813290714,0.006310710826422476,0.00893772171589966,-0.5021046090327589,mid_rear_4
Mus_caroli,1,31,34098.84323959034,0.006431461386616469,0.02206763499354126,-1.7787135272934091,groom_1
Mus_caroli,1,32,82613.71021141822,0.015581962223661705,0.03514998148245249,-1.173647007026855,slow_locomotion_2
Mus_caroli,1,33,23799.62951574221,0.004488902956935397,0.006265057862816775,-0.48096492627135445,jump_1
Mus_caroli,1,34,33308.914531409,0.006282471112983095,0.016880286297354247,-1.4259353353457576,very_slow_locomotion
Mus_caroli,1,35,6407.616255854414,0.0012085552650635534,0.020439097519108638,-4.079976144428949,groom_2
Mus_caroli,1,36,9924.592179860483,0.0018719001971474302,0.01768222169679371,-3.2397241318062684,groom_3
Mus_caroli,1,37,12203.386190264244,0.0023017087857551636,0.017299353431300353,-2.909940898627284,groom_4
Mus_caroli,1,38,15983.710342554616,0.0030147244339259094,0.005605467526515181,-0.8948085705418951,brief_fast
Mus_caroli,1,39,67221.0744723222,0.012678721732520692,0.011480408382672877,0.14323533776312045,paused_in_rear
Mus_caroli,1,40,17044.51301075893,0.0032148048692485515,0.011858126656289705,-1.8830730340229942,groom_5
Mus_caroli,1,41,70629.40730708891,0.013321575241231167,0.008143393049886337,0.7100627449980138,jump_2
Mus_caroli,1,42,7241.823688193815,0.0013658970508778625,0.012599242257600195,-3.2054163145402548,groom_6
Mus_caroli,1,43,28441.809572227485,0.0053644752328987615,0.011600752846795138,-1.1127094793011305,very_fast
Mus_caroli,1,44,16188.708475837935,0.003053389604156944,0.008860630076802925,-1.5369976068199187,groom_7
Mus_caroli,1,45,1015.7106506895268,0.00019157552600788054,0.001988821924918044,-3.375928933945968,idle_enter_groom
Mus_caroli,1,46,3962.9542382583713,0.0007474619294620097,0.005825013950637689,-2.9621894995654383,groom_9
Mus_caroli,1,47,3281.0233806465258,0.0006188413792498926,0.006212833208441901,-3.327609751871211,groom_10
Mus_caroli,1,48,2147.2206412195574,0.00040499223230293217,0.006494491304343986,-4.003250385084151,groom_11
Mus_caroli,1,49,292.5268298989662,5.51741593644491e-05,0.0009277460785330262,-4.071665349014172,groom_12
Mus_caroli,1,51,2.252259044038829,4.248037674654994e-07,1.4464723531203886e-06,-1.7676702826791426,unnamed_51
Mus_caroli,1,52,0.5310974641861762,1.0017151636034068e-07,2.6481776082607227e-06,-4.724455640705459,unnamed_52
Mus_caroli,1,55,0.6412413881404146,1.2094601562721422e-07,6.873962506761108e-07,-2.5067787398942123,unnamed_55
Mus_caroli,1,56,1.288002002481719,2.429330252243884e-07,1.5139002685882227e-07,0.6822884608291269,unnamed_56
Mus_caroli,1,61,0.0408424848487209,7.703395167758554e-09,0.0011500390773110096,-17.18775701843357,unnamed_61
Mus_caroli,1,62,0.5310974641861762,1.0017151636034068e-07,6.348665620842472e-07,-2.6639810559291317,unnamed_62
Mus_caroli,1,81,18.146402826103785,3.4226348460575106e-06,4.940423812527973e-07,2.7924006690409673,unnamed_81
Mus_caroli,1,89,19.58765810268635,3.694473324403188e-06,1.7608229971655845e-07,4.391046913907306,unnamed_89
Mus_caroli,2,0,51124.72576394387,0.023055149115627872,0.04077517685120978,-0.8226021374331637,head_low
Mus_caroli,2,1,144915.62514875107,0.06535098813860421,0.04244067230866573,0.6227615400646859,head_down
Mus_caroli,2,2,18848.092259782723,0.008499714592129294,0.02986160508144264,-1.8128054097833033,sniff_floor
Mus_caroli,2,3,33152.495444773,0.014950412244039249,0.03409158934246711,-1.189230593196843,step_to_stop
Mus_caroli,2,4,73610.26312852066,0.03319520188146493,0.03143200346235813,0.07874049401945872,turn_left
Mus_caroli,2,5,59004.01658702081,0.026608385287303398,0.023397705516331056,0.18551390438276785,enter_rear
Mus_caroli,2,6,63264.26018611193,0.028529579973010952,0.026322317845254867,0.11617197396791966,turn_right
Mus_caroli,2,7,7809.6166923391,0.003521816003651946,0.02382739870176507,-2.758230014378046,extend_rear
Mus_caroli,2,8,17513.6764445245,0.007897947929456497,0.017154155232421586,-1.1190083198168934,extend_rear_2
Mus_caroli,2,9,30935.292858545632,0.013950545047077597,0.024899784486745867,-0.8358117663195681,still
Mus_caroli,2,10,1814.230751949808,0.0008181434695510797,0.016568283149204797,-4.339926447875399,motionless_rear
Mus_caroli,2,11,637109.9889012073,0.28731040759015,0.041246050158697124,2.8002823798656715,start_moving
Mus_caroli,2,12,12548.434265747148,0.005658827873234095,0.011388424399465157,-1.0089930022854139,leave_rear_turn_right
Mus_caroli,2,13,97641.638265656,0.04403236391923167,0.034911518752257384,0.33486117913411406,take_a_step
Mus_caroli,2,14,169816.63017073518,0.07658031749601912,0.07085788080866151,0.11204532299071279,curve_spine
Mus_caroli,2,15,16586.88016817211,0.0074800009178720836,0.012663089991945754,-0.7595191356125469,leave_rear_turn_left
Mus_caroli,2,16,2578.691266460811,0.0011628837276492616,0.017639011971229693,-3.922990992763478,brief_walk
Mus_caroli,2,17,3067.637876085024,0.0013833785435337725,0.016568400775439574,-3.5821664663072217,slow_locomotion
Mus_caroli,2,18,95271.90544662817,0.042963711859186474,0.019293884658760446,1.1549749937100628,leave_rear_turn_right_2
Mus_caroli,2,19,21866.80693966033,0.009861030785852468,0.027514557823120248,-1.4803847774926597,high_rear
Mus_caroli,2,20,17613.894698793636,0.007943142241245107,0.009685420371062483,-0.2861048282139311,enter_wall_rear
Mus_caroli,2,21,76862.31391933296,0.03466174306664329,0.016056128338174516,1.1102201529827056,leave_rear_turn_left_2
Mus_caroli,2,22,55599.68839241245,0.02507317325452638,0.019700935956849817,0.34788042363373384,stopping
Mus_caroli,2,23,52311.77369425985,0.02359045892182997,0.04558875032176166,-0.9504743779925883,scrunch_idle
Mus_caroli,2,24,21391.829630119555,0.009646835549900212,0.008146699273332204,0.24384011930023916,end_and_enter_rear
Mus_caroli,2,25,6792.00152625117,0.0030629134071899437,0.009276973715208817,-1.5987496733086013,mid_rear
Mus_caroli,2,26,6645.741109410781,0.0029969559732950664,0.023482111877213278,-2.969992368644387,still_2
Mus_caroli,2,27,81169.77727839316,0.03660423192246176,0.012216392551226645,1.583192126016422,stop_rear_start_walking
Mus_caroli,2,28,73355.2801472039,0.03308021504156776,0.04345623456121416,-0.39359455893112977,mid_rear_2
Mus_caroli,2,29,43994.02010499973,0.01983949407181045,0.01189681296989446,0.7378000933563276,mid_rear_3
Mus_caroli,2,30,9878.60444016926,0.004454844402960696,0.00893772171589966,-1.0045320830623354,mid_rear_4
Mus_caroli,2,31,23342.897098527865,0.010526686751968236,0.02206763499354126,-1.0678805999023715,groom_1
Mus_caroli,2,32,38553.46924201536,0.017386029343287153,0.03514998148245249,-1.0155954446263855,slow_locomotion_2
Mus_caroli,2,33,6832.481304334049,0.0030811681226123296,0.006265057862816775,-1.023850429491552,jump_1
Mus_caroli,2,34,16643.45466549317,0.007505513689870141,0.016880286297354247,-1.1693166522268705,very_slow_locomotion
Mus_caroli,2,35,3749.2907751955368,0.0016907759720628949,0.020439097519108638,-3.5955740756812733,groom_2
Mus_caroli,2,36,6265.020744541915,0.0028252667436268965,0.01768222169679371,-2.6458405655677586,groom_3
Mus_caroli,2,37,8137.858522705745,0.003669839572130953,0.017299353431300353,-2.236929215876304,groom_4
Mus_caroli,2,38,6165.100795830176,0.0027802069553786103,0.005605467526515181,-1.0116424271810411,brief_fast
Mus_caroli,2,39,21938.058936380898,0.009893162506553792,0.011480408382672877,-0.21467028246127048,paused_in_rear
Mus_caroli,2,40,11812.681516165056,0.005327033636680721,0.011858126656289705,-1.1544718156026272,groom_5
Mus_caroli,2,41,26993.144932316904,0.012172798430015737,0.008143393049886337,0.5799589279605858,jump_2
Mus_caroli,2,42,7884.138245973522,0.0035554221600801053,0.012599242257600195,-1.8252441935334407,groom_6
Mus_caroli,2,43,12186.37914738399,0.005495555902241424,0.011600752846795138,-1.0778811047702448,very_fast
Mus_caroli,2,44,10390.862031448078,0.004685851513044302,0.008860630076802925,-0.9190980537650615,groom_7
Mus_caroli,2,45,579.5624448939291,0.0002613588315474346,0.001988821924918044,-2.927810290783088,idle_enter_groom
Mus_caroli,2,46,3552.0931162574498,0.0016018479364767026,0.005825013950637689,-1.8625243058409506,groom_9
Mus_caroli,2,47,4249.90446692366,0.00191653216223608,0.006212833208441901,-1.6967531148896682,groom_10
Mus_caroli,2,48,3511.78309166527,0.0015836697728985076,0.006494491304343986,-2.0359449920082766,groom_11
Mus_caroli,2,49,602.2645250204848,0.00027159653619487564,0.0009277460785330262,-1.7722649175479976,groom_12
Mus_caroli,2,51,0.8045745736882033,3.6283004933214723e-07,1.4464723531203886e-06,-1.9951728999221412,unnamed_51
Mus_caroli,2,52,0.2067354135030109,9.322917071086545e-08,2.6481776082607227e-06,-4.828074639977628,unnamed_52
Mus_caroli,2,55,0.3587586118595854,1.6178538210901774e-07,6.873962506761108e-07,-2.087060721745075,unnamed_55
Mus_caroli,2,56,0.6990648172607484,3.152494876520664e-07,1.5139002685882227e-07,1.0582238580283794,unnamed_56
Mus_caroli,2,61,0.3062361607484907,1.3809991633506597e-07,0.0011500390773110096,-13.023682817484127,unnamed_61
Mus_caroli,2,62,0.2067354135030109,9.322917071086545e-08,6.348665620842472e-07,-2.7676000552013,unnamed_62
Mus_caroli,2,81,3.803018741252143,1.7150050755075544e-06,4.940423812527973e-07,1.7955061326978057,unnamed_81
Mus_caroli,2,89,4.41234189731366,1.9897847640572143e-06,1.7608229971655845e-07,3.498290584370937,unnamed_89
Mus_musculus,1,0,3021633.7032494443,0.04355241439472787,0.04077517685120978,0.09506156480098053,head_low
Mus_musculus,1,1,3492158.97570986,0.05033434551607814,0.04244067230866573,0.24609564506303008,head_down
Mus_musculus,1,2,1788089.5983372177,0.025772686834257277,0.02986160508144264,-0.2124487656216036,sniff_floor
Mus_musculus,1,3,2747994.0520108626,0.039608300496092395,0.03409158934246711,0.21638694056722438,step_to_stop
Mus_musculus,1,4,2575149.2949250336,0.03711699704046084,0.03143200346235813,0.23984576177120917,turn_left
Mus_musculus,1,5,1743444.1140764295,0.02512918771347102,0.023397705516331056,0.10299697806967109,enter_rear
Mus_musculus,1,6,2081871.6592195125,0.030007124000987085,0.026322317845254867,0.18901851906255074,turn_right
Mus_musculus,1,7,1431230.8379451665,0.02062909163399535,0.02382739870176507,-0.20794116133912638,extend_rear
Mus_musculus,1,8,1018575.70775456,0.01468127366623686,0.017154155232421586,-0.22458094731922787,extend_rear_2
Mus_musculus,1,9,2157049.5782523854,0.031090703350638883,0.024899784486745867,0.32034999897628047,still
Mus_musculus,1,10,846298.4185610845,0.01219814942729094,0.016568283149204797,-0.4417618201659051,motionless_rear
Mus_musculus,1,11,2655015.0234711645,0.03826814428303937,0.041246050158697124,-0.10811202646279776,start_moving
Mus_musculus,1,12,693940.333046285,0.010002131270096009,0.011388424399465157,-0.1872607179519396,leave_rear_turn_right
Mus_musculus,1,13,3541643.017538394,0.05104758534171442,0.034911518752257384,0.5481396005316758,take_a_step
Mus_musculus,1,14,5698004.281621655,0.08212836765397753,0.07085788080866151,0.2129523055004973,curve_spine
Mus_musculus,1,15,839360.9183268087,0.012098155544927972,0.012663089991945754,-0.06584237334834521,leave_rear_turn_left
Mus_musculus,1,16,153261.15034320723,0.002209034511093094,0.017639011971229693,-2.9972818894913926,brief_walk
Mus_musculus,1,17,305355.1252769754,0.004401245901948761,0.016568400775439574,-1.9124504727603335,slow_locomotion
Mus_musculus,1,18,1362262.58716182,0.01963501553702647,0.019293884658760446,0.025285092649328007,leave_rear_turn_right_2
Mus_musculus,1,19,2661803.5602743225,0.03836599107620528,0.027514557823120248,0.479632879499158,high_rear
Mus_musculus,1,20,292051.2843330771,0.004209490563369135,0.009685420371062483,-1.2021690191974967,enter_wall_rear
Mus_musculus,1,21,1141073.4515906204,0.016446898829945492,0.016056128338174516,0.034691526584217064,leave_rear_turn_left_2
Mus_musculus,1,22,1342516.296058312,0.01935040173622922,0.019700935956849817,-0.025900652554536018,stopping
Mus_musculus,1,23,2950543.5372888204,0.042527754005224835,0.04558875032176166,-0.10027319788730016,scrunch_idle
Mus_musculus,1,24,283760.46704428986,0.004089990602191204,0.008146699273332204,-0.9941181254263604,end_and_enter_rear
Mus_musculus,1,25,605926.7020601018,0.008733543974100234,0.009276973715208817,-0.08708705171346906,mid_rear
Mus_musculus,1,26,1163332.7061986944,0.016767733310897325,0.023482111877213278,-0.48587448763791097,still_2
Mus_musculus,1,27,391095.8527784785,0.0056370726305939815,0.012216392551226645,-1.115800265287477,stop_rear_start_walking
Mus_musculus,1,28,4606507.657154055,0.06639604601348939,0.04345623456121416,0.6115341575566906,mid_rear_2
Mus_musculus,1,29,599566.1236813336,0.008641865573424352,0.01189681296989446,-0.4611604478802857,mid_rear_3
Mus_musculus,1,30,528672.900719761,0.00762004382816122,0.00893772171589966,-0.23010783012600716,mid_rear_4
Mus_musculus,1,31,1107020.120045191,0.015956070042395007,0.02206763499354126,-0.4678266615435137,groom_1
Mus_musculus,1,32,4272770.201325532,0.061585710478889305,0.03514998148245249,0.8090717169040029,slow_locomotion_2
Mus_musculus,1,33,79415.13199819054,0.0011446525547678804,0.006265057862816775,-2.4524180816504626,jump_1
Mus_musculus,1,34,1492526.250015388,0.0215125750238275,0.016880286297354247,0.34984085056903885,very_slow_locomotion
Mus_musculus,1,35,684433.7060864837,0.009865107197189983,0.020439097519108638,-1.050924863108653,groom_2
Mus_musculus,1,36,697454.7517049941,0.01005278645626767,0.01768222169679371,-0.814704108059663,groom_3
Mus_musculus,1,37,723596.190051172,0.01042957691717053,0.017299353431300353,-0.7300374825487833,groom_4
Mus_musculus,1,38,15276.39813425028,0.00022018685497392717,0.005605467526515181,-4.670034458133227,brief_fast
Mus_musculus,1,39,1076650.3279515891,0.015518334068997613,0.011480408382672877,0.4347997263334397,paused_in_rear
Mus_musculus,1,40,520874.3840928739,0.007507639658379452,0.011858126656289705,-0.6594447989032332,groom_5
Mus_musculus,1,41,241264.27023032884,0.0034774703050250736,0.008143393049886337,-1.2275918419871985,jump_2
Mus_musculus,1,42,629080.7511568456,0.00906727560414289,0.012599242257600195,-0.47459592780483273,groom_6
Mus_musculus,1,43,1557325.136856908,0.02244655585975875,0.011600752846795138,0.9522756645631497,very_fast
Mus_musculus,1,44,504817.791643258,0.007276207447591988,0.008860630076802925,-0.284222616658881,groom_7
Mus_musculus,1,45,37228.720337978535,0.0005365973558613115,0.001988821924918044,-1.8900022552658047,idle_enter_groom
Mus_musculus,1,46,292476.2521249789,0.00421561585028178,0.005825013950637689,-0.46651809816946216,groom_9
Mus_musculus,1,47,328257.18198889605,0.004731345431662269,0.006212833208441901,-0.39300082910125916,groom_10
Mus_musculus,1,48,356539.44183677435,0.0051389926920133635,0.006494491304343986,-0.3377309272236986,groom_11
Mus_musculus,1,49,42456.26896210757,0.0006119447957915121,0.0009277460785330262,-0.6003284861513117,groom_12
Mus_musculus,1,50,6.294591848442461,9.072730170246275e-08,0.00015063357231778526,-10.697218972155776,unnamed_50
Mus_musculus,1,51,51.28342377515536,7.391752750950908e-07,1.4464723531203886e-06,-0.9685503433322368,unnamed_51
Mus_musculus,1,52,2.5839576235442987,3.72439561678159e-08,2.6481776082607227e-06,-6.151849745440572,unnamed_52
Mus_musculus,1,53,1.6263459718802986,2.344138988135978e-08,3.064001561399167e-07,-3.708287015110018,unnamed_53
Mus_musculus,1,54,2.3822016899563856,3.433594054144578e-08,3.5537980395131967e-07,-3.37157030804172,unnamed_54
Mus_musculus,1,55,30.08131328347528,4.335779748057019e-07,6.873962506761108e-07,-0.6648505111861495,unnamed_55
Mus_musculus,1,56,13.623643399732142,1.9636482154440391e-07,1.5139002685882227e-07,0.3752663283658624,unnamed_56
Mus_musculus,1,58,1.3853868501543567,1.9968317844099823e-08,3.1879547339901934e-07,-3.9968464359471207,unnamed_58
Mus_musculus,1,59,80.58808425875236,1.1615589398344372e-06,6.356438573385249e-07,0.8697717867962982,unnamed_59
Mus_musculus,1,61,64.55490154138172,9.304641459742862e-07,0.0011500390773110096,-10.271444703765333,unnamed_61
Mus_musculus,1,63,0.8834768186607566,1.2734021490781833e-08,6.772396142944554e-09,0.9109498346463244,unnamed_63
Mus_musculus,1,64,18.50021402264134,2.6665342878547977e-07,2.574055681388583e-07,0.050922617207352416,unnamed_64
Mus_musculus,1,65,23.61991463944829,3.4044639799956215e-07,5.597521518966019e-07,-0.7173605001197217,unnamed_65
Mus_musculus,1,66,27.02687850304962,3.8955278103197927e-07,3.610548802285271e-07,0.10960067125478547,unnamed_66
Mus_musculus,1,67,16.003101393031987,2.306612157260012e-07,5.756536721502871e-07,-1.3194256666714987,unnamed_67
Mus_musculus,1,68,44.97919719501129,6.48309102877913e-07,5.68842933783198e-07,0.18865147247964317,unnamed_68
Mus_musculus,1,70,11.179226451682007,1.6113213938293318e-07,5.824092741838965e-07,-1.853789046545546,unnamed_70
Mus_musculus,1,72,34.72410886228699,5.004970579430684e-07,5.824091591689039e-07,-0.2186714555038055,unnamed_72
Mus_musculus,1,73,9.940551296894482,1.4327845527034685e-07,8.804114985827918e-07,-2.619356299243573,unnamed_73
Mus_musculus,1,74,3.851824960671261,5.551840273779948e-08,7.958462588203534e-07,-3.841451791235282,unnamed_74
Mus_musculus,1,75,23.04244260720985,3.321229863225056e-07,5.722496014306879e-07,-0.7849269773370978,unnamed_75
Mus_musculus,1,77,2.831141580510008,4.080675006765957e-08,2.641234495748375e-07,-2.694332672328482,unnamed_77
Mus_musculus,1,78,24.60183705720964,3.5459936829368686e-07,3.18302618718394e-07,0.15579093985985287,unnamed_78
Mus_musculus,1,85,7.756185942200518,1.1179403509896362e-07,3.5216459943311707e-07,-1.6554066791726967,unnamed_85
Mus_musculus,1,86,58.32716201993129,8.407004224332921e-07,5.305038136505874e-07,0.6642286756959266,unnamed_86
Mus_musculus,1,87,31.967693245999698,4.607673729598939e-07,4.672953338631741e-07,-0.02029606852865055,unnamed_87
Mus_musculus,1,90,0.8818878052635699,1.2711118195164425e-08,4.7313163352302765e-08,-1.8961506728957078,unnamed_90
Mus_musculus,2,0,307057.7181154055,0.026959644270237802,0.04077517685120978,-0.5968896738158977,head_low
Mus_musculus,2,1,372560.03888918087,0.03271074304663228,0.04244067230866573,-0.3756829787833164,head_down
Mus_musculus,2,2,217277.35634847116,0.01907693534324675,0.02986160508144264,-0.6464622883888833,sniff_floor
Mus_musculus,2,3,302362.74307683954,0.026547425819341178,0.03409158934246711,-0.36084388280453294,step_to_stop
Mus_musculus,2,4,281884.6071449883,0.024749447043791273,0.03143200346235813,-0.34483793920486605,turn_left
Mus_musculus,2,5,140847.1744193227,0.012366371189490601,0.023397705516331056,-0.9199448442630412,enter_rear
Mus_musculus,2,6,223284.6774986901,0.019604377682820535,0.026322317845254867,-0.4251106870397746,turn_right
Mus_musculus,2,7,80133.89706210025,0.007035750060417346,0.02382739870176507,-1.7598453192002312,extend_rear
Mus_musculus,2,8,51482.47601988112,0.004520157474515563,0.017154155232421586,-1.924113141541677,extend_rear_2
Mus_musculus,2,9,287149.4497665826,0.025211699825086357,0.024899784486745867,0.017960135470953598,still
Mus_musculus,2,10,43330.70124432584,0.003804432269922369,0.016568283149204797,-2.1226710307486445,motionless_rear
Mus_musculus,2,11,242057.5617970196,0.0212526354947902,0.041246050158697124,-0.9566142113820384,start_moving
Mus_musculus,2,12,42139.9865298893,0.003699887608659427,0.011388424399465157,-1.6220148106413208,leave_rear_turn_right
Mus_musculus,2,13,381969.4033343534,0.03353688452846123,0.034911518752257384,-0.05795444639576747,take_a_step
Mus_musculus,2,14,1331339.8880387817,0.1168915407975964,0.07085788080866151,0.7221703051260514,curve_spine
Mus_musculus,2,15,52645.7138509902,0.004622289667514525,0.012663089991945754,-1.453949909973598,leave_rear_turn_left
Mus_musculus,2,16,11968.44346543484,0.0010508284249520282,0.017639011971229693,-4.069170716086671,brief_walk
Mus_musculus,2,17,27971.18774563657,0.0024558681542568355,0.016568400775439574,-2.7541293412813177,slow_locomotion
Mus_musculus,2,18,205618.3784655842,0.018053277972878787,0.019293884658760446,-0.09588283278017688,leave_rear_turn_right_2
Mus_musculus,2,19,189430.7439319922,0.016632004893404415,0.027514557823120248,-0.7262330560306738,high_rear
Mus_musculus,2,20,16304.462736506655,0.0014315305867946327,0.009685420371062483,-2.7582561706935746,enter_wall_rear
Mus_musculus,2,21,163975.59890310967,0.01439704509809955,0.016056128338174516,-0.1573513153865155,leave_rear_turn_left_2
Mus_musculus,2,22,110382.31207186978,0.009691558595070147,0.019700935956849817,-1.023463567794361,stopping
Mus_musculus,2,23,909777.5335526512,0.07987839817273508,0.04558875032176166,0.8091275396365294,scrunch_idle
Mus_musculus,2,24,17078.161623295167,0.0014994612901429122,0.008146699273332204,-2.441771375334184,end_and_enter_rear
Mus_musculus,2,25,53218.663607268754,0.004672594612489671,0.009276973715208817,-0.9894303773230237,mid_rear
Mus_musculus,2,26,261558.75452072776,0.022964838731052525,0.023482111877213278,-0.032135511518590405,still_2
Mus_musculus,2,27,30513.795551929456,0.0026791089260475736,0.012216392551226645,-2.1889931823805724,stop_rear_start_walking
Mus_musculus,2,28,414726.7742084364,0.036412979196961334,0.04345623456121416,-0.25511038942554287,mid_rear_2
Mus_musculus,2,29,60744.229863360815,0.005333338756755388,0.01189681296989446,-1.1574642711250682,mid_rear_3
Mus_musculus,2,30,47648.27999341611,0.00418351535533911,0.00893772171589966,-1.0951913953873864,mid_rear_4
Mus_musculus,2,31,653538.2586759087,0.057380609349383334,0.02206763499354126,1.3786312656907478,groom_1
Mus_musculus,2,32,363325.1124645346,0.031899917209723315,0.03514998148245249,-0.1399712495147129,slow_locomotion_2
Mus_musculus,2,33,6976.298784938027,0.0006125185021212637,0.006265057862816775,-3.354502505205572,jump_1
Mus_musculus,2,34,131446.4720920085,0.011540990240950061,0.016880286297354247,-0.5485723574911319,very_slow_locomotion
Mus_musculus,2,35,357998.3475301155,0.03143222765407716,0.020439097519108638,0.6209130259401698,groom_2
Mus_musculus,2,36,386333.367114266,0.03392004021605227,0.01768222169679371,0.9398383256978602,groom_3
Mus_musculus,2,37,383976.2594291979,0.03371308634078053,0.017299353431300353,0.962590590455268,groom_4
Mus_musculus,2,38,1547.47731133908,0.00013586839010601147,0.005605467526515181,-5.366552950616952,brief_fast
Mus_musculus,2,39,73200.2113907198,0.006426972986421748,0.011480408382672877,-0.8369626490479266,paused_in_rear
Mus_musculus,2,40,301537.0666777043,0.026474931494366576,0.011858126656289705,1.1587508398493145,groom_5
Mus_musculus,2,41,41365.57586990918,0.003631894411679121,0.008143393049886337,-1.164907776820345,jump_2
Mus_musculus,2,42,333175.76293199445,0.02925280661642811,0.012599242257600195,1.215238078627508,groom_6
Mus_musculus,2,43,98422.50893200997,0.008641488790045707,0.011600752846795138,-0.4248666419156244,very_fast
Mus_musculus,2,44,398157.52538766776,0.0349582004121301,0.008860630076802925,1.9801497221359396,groom_7
Mus_musculus,2,45,12985.502951117292,0.0011401261703529904,0.001988821924918044,-0.802720619058196,idle_enter_groom
Mus_musculus,2,46,241036.84693255895,0.021163016807410846,0.005825013950637689,1.8612118895385974,groom_9
Mus_musculus,2,47,317420.720269407,0.027869515070289088,0.006212833208441901,2.1653646708644283,groom_10
Mus_musculus,2,48,354270.2409435726,0.031104900179647902,0.006494491304343986,2.259853443559592,groom_11
Mus_musculus,2,49,54111.77875479372,0.0047510100544378995,0.0009277460785330262,2.3564323569333334,groom_12
Mus_musculus,2,50,0.7054081515575403,6.193478199486151e-08,0.00015063357231778526,-11.24800588363483,unnamed_50
Mus_musculus,2,51,141.2418757298244,1.240102593449891e-05,1.4464723531203886e-06,3.0998488254727152,unnamed_51
Mus_musculus,2,52,3.416042376455702,2.999282605451074e-07,2.6481776082607227e-06,-3.142310513491133,unnamed_52
Mus_musculus,2,53,7.373654028119702,6.474062622167959e-07,3.064001561399167e-07,1.07925428802996,unnamed_53
Mus_musculus,2,54,1.6177983100436149,1.4204256843781806e-07,3.5537980395131967e-07,-1.3230383433265132,unnamed_54
Mus_musculus,2,55,10.918686716524716,9.586598623293439e-07,6.873962506761108e-07,0.47987704735976744,unnamed_55
Mus_musculus,2,56,1.5663706337933772,1.3752722237890457e-07,1.5139002685882227e-07,-0.138552951355132,unnamed_56
Mus_musculus,2,58,10.614613149845644,9.319622263279939e-07,3.1879547339901934e-07,1.5476403371723157,unnamed_58
Mus_musculus,2,59,13.269960061459969,1.1651014829816607e-06,6.356438573385249e-07,0.8741650479098978,unnamed_59
Mus_musculus,2,61,13.44509845861825,1.1804786209165954e-06,0.0011500390773110096,-9.928095254322862,unnamed_61
Mus_musculus,2,63,0.1165231813392434,1.0230726449161363e-08,6.772396142944554e-09,0.5951703201204026,unnamed_63
Mus_musculus,2,64,2.499785977358661,2.194810184708951e-07,2.574055681388583e-07,-0.2299470863879876,unnamed_64
Mus_musculus,2,65,11.38008536055171,9.991706281426385e-07,5.597521518966019e-07,0.835942898414951,unnamed_65
Mus_musculus,2,66,1.0674834125663302,9.372496234193788e-08,3.610548802285271e-07,-1.9457128970127873,unnamed_66
Mus_musculus,2,67,0.9968986069680148,8.75276217849444e-08,5.756536721502871e-07,-2.7173908341151223,unnamed_67
Mus_musculus,2,68,15.015141260191973,1.3183282593470045e-06,5.68842933783198e-07,1.212607378830324,unnamed_68
Mus_musculus,2,70,0.8182937599268864,7.18461298142416e-08,5.824092741838965e-07,-3.019050979719361,unnamed_70
Mus_musculus,2,72,3.2733943664121377,2.874037761249294e-07,5.824091591689039e-07,-1.0189540269167165,unnamed_72
Mus_musculus,2,73,1.059448703105518,9.301951546306542e-08,8.804114985827918e-07,-3.2425726575963734,unnamed_73
Mus_musculus,2,74,2.14817503932874,1.8860960488457854e-07,7.958462588203534e-07,-2.077086611909982,unnamed_74
Mus_musculus,2,75,2.9575573927901555,2.5967331388969296e-07,5.722496014306879e-07,-1.139946794218126,unnamed_75
Mus_musculus,2,77,6.168858419489993,5.416252995158554e-07,2.641234495748375e-07,1.0360827358467706,unnamed_77
Mus_musculus,2,78,2.398162942790359,2.1055852377368057e-07,3.18302618718394e-07,-0.5961777467856942,unnamed_78
Mus_musculus,2,85,0.2438140577994826,2.1406855710061583e-08,3.5216459943311707e-07,-4.0401050828175755,unnamed_85
Mus_musculus,2,86,4.006089971428281,3.517343944557078e-07,5.305038136505874e-07,-0.5928767060891244,unnamed_86
Mus_musculus,2,87,4.0323067540003015,3.540362259693068e-07,4.672953338631741e-07,-0.40043764294685424,unnamed_87
Mus_musculus,2,88,3.0,2.6339977157101e-07,3.7248178786195045e-07,-0.49991579367341027,unnamed_88
Mus_musculus,2,90,0.1181121947364301,1.0370241704442114e-08,4.7313163352302765e-08,-2.1897921023255833,unnamed_90
Mus_spretus,1,0,155179.0644958518,0.029569893732736365,0.04077517685120978,-0.4635620754871282,head_low
Mus_spretus,1,1,186347.51764420132,0.03550914752579622,0.04244067230866573,-0.25725678462199625,head_down
Mus_spretus,1,2,149822.67632326635,0.02854921591405502,0.02986160508144264,-0.06484058995332082,sniff_floor
Mus_spretus,1,3,180849.3489590939,0.0344614529526173,0.03409158934246711,0.015567670112041153,step_to_stop
Mus_spretus,1,4,142645.23883913297,0.027181531011657274,0.03143200346235813,-0.20960751300283412,turn_left
Mus_spretus,1,5,58333.06512688992,0.011115562157245984,0.023397705516331056,-1.073786146701859,enter_rear
Mus_spretus,1,6,129566.1872932806,0.02468927365985339,0.026322317845254867,-0.09240213893245347,turn_right
Mus_spretus,1,7,35032.544206129445,0.0066755693670928675,0.02382739870176507,-1.835658661104454,extend_rear
Mus_spretus,1,8,15450.827419112358,0.0029442072379435875,0.017154155232421586,-2.54260695215368,extend_rear_2
Mus_spretus,1,9,224932.10204270505,0.042861570122828,0.024899784486745867,0.783551444889839,still
Mus_spretus,1,10,26721.37160802049,0.005091847417750392,0.016568283149204797,-1.702163021085926,motionless_rear
Mus_spretus,1,11,159197.4056361541,0.030335602179856157,0.041246050158697124,-0.44324401929987384,start_moving
Mus_spretus,1,12,11892.577194545422,0.0022661706654409724,0.011388424399465157,-2.329239742662981,leave_rear_turn_right
Mus_spretus,1,13,126405.83744195718,0.024087058344498133,0.034911518752257384,-0.5354449058770796,take_a_step
Mus_spretus,1,14,789194.8747270077,0.15038374316737568,0.07085788080866151,1.0856483931297565,curve_spine
Mus_spretus,1,15,17017.164654361783,0.0032426780770766052,0.012663089991945754,-1.965371778101154,leave_rear_turn_left
Mus_spretus,1,16,1621.732551726558,0.0003090266033840899,0.017639011971229693,-5.834894900297683,brief_walk
Mus_spretus,1,17,19374.98365232483,0.0036919684335902443,0.016568400775439574,-2.1659722335765403,slow_locomotion
Mus_spretus,1,18,131834.94475663744,0.02512159304078771,0.019293884658760446,0.38078430610193204,leave_rear_turn_right_2
Mus_spretus,1,19,92211.5236363908,0.01757121660528294,0.027514557823120248,-0.646981058909247,high_rear
Mus_spretus,1,20,1179.02886835423,0.00022466792449309399,0.009685420371062483,-5.429948593802633,enter_wall_rear
Mus_spretus,1,21,72908.35360950646,0.013892932500050626,0.016056128338174516,-0.20877290001863416,leave_rear_turn_left_2
Mus_spretus,1,22,23097.616734046867,0.004401328713535946,0.019700935956849817,-2.1622531425695133,stopping
Mus_spretus,1,23,665539.7082167157,0.12682083443936942,0.04558875032176166,1.4760420067267057,scrunch_idle
Mus_spretus,1,24,1147.2012651847683,0.0002186030674420074,0.008146699273332204,-5.2198301034469115,end_and_enter_rear
Mus_spretus,1,25,13562.03583861919,0.0025842916365709347,0.009276973715208817,-1.8438853668912503,mid_rear
Mus_spretus,1,26,159442.06098924953,0.030382222081939476,0.023482111877213278,0.37166522502078253,still_2
Mus_spretus,1,27,812.7911922711171,0.00015488010100101805,0.012216392551226645,-6.301522717567904,stop_rear_start_walking
Mus_spretus,1,28,139342.84407985327,0.026552248560363357,0.04345623456121416,-0.7107291319489986,mid_rear_2
Mus_spretus,1,29,8493.17208216251,0.0016184025644135913,0.01189681296989446,-2.8779327264579626,mid_rear_3
Mus_spretus,1,30,12192.67974434892,0.0023233562177282134,0.00893772171589966,-1.9436967602325907,mid_rear_4
Mus_spretus,1,31,290848.19045879465,0.05542210292455479,0.02206763499354126,1.3285294300768336,groom_1
Mus_spretus,1,32,98999.54912241235,0.01886469773902266,0.03514998148245249,-0.8978349446161379,slow_locomotion_2
Mus_spretus,1,33,502.5054720377516,9.575411126848265e-05,0.006265057862816775,-6.031849592356075,jump_1
Mus_spretus,1,34,150145.2949592477,0.028610691982448404,0.016880286297354247,0.7612150183012725,very_slow_locomotion
Mus_spretus,1,35,157334.61409328552,0.029980640973279637,0.020439097519108638,0.5526997318094888,groom_2
Mus_spretus,1,36,147947.6244595854,0.028191918462027288,0.01768222169679371,0.6729821020648046,groom_3
Mus_spretus,1,37,114240.97549912224,0.0217690029026015,0.017299353431300353,0.3315572108041532,groom_4
Mus_spretus,1,38,2012.528772060083,0.0003834941402516437,0.005605467526515181,-3.869558267883893,brief_fast
Mus_spretus,1,39,122473.33329604438,0.023337706425951833,0.011480408382672877,1.0234888207153356,paused_in_rear
Mus_spretus,1,40,79070.23938378706,0.015067100601467476,0.011858126656289705,0.3455257110509335,groom_5
Mus_spretus,1,41,12004.44574466946,0.0022874875946926727,0.008143393049886337,-1.8318661177618503,jump_2
Mus_spretus,1,42,64526.04148596789,0.01229565467437918,0.012599242257600195,-0.03518841754299399,groom_6
Mus_spretus,1,43,3298.822982876378,0.0006286018372624642,0.011600752846795138,-4.205928135025094,very_fast
Mus_spretus,1,44,63108.48021620042,0.012025533596881723,0.008860630076802925,0.4406197135071666,groom_7
Mus_spretus,1,45,4852.181027621006,0.0009245994479016085,0.001988821924918044,-1.105013699743882,idle_enter_groom
Mus_spretus,1,46,20873.82258915223,0.003977577244472453,0.005825013950637689,-0.5503715570207198,groom_9
Mus_spretus,1,47,49659.487086048015,0.009462782629391911,0.006212833208441901,0.6070131616134644,groom_10
Mus_spretus,1,48,42139.16253780416,0.008029759441310997,0.006494491304343986,0.306140239804282,groom_11
Mus_spretus,1,49,8715.097588380844,0.0016606912175690903,0.0009277460785330262,0.8399819462051956,groom_12
Mus_spretus,1,51,1.2632723362780314,2.4072080122796165e-07,1.4464723531203886e-06,-2.587106030000688,unnamed_51
Mus_spretus,1,52,0.549313440152338,1.0467352734751585e-07,2.6481776082607227e-06,-4.661031358167751,unnamed_52
Mus_spretus,1,53,2.0392869023548834,3.885929921610462e-07,3.064001561399167e-07,0.34284285131732245,unnamed_53
Mus_spretus,1,54,0.549313440152338,1.0467352734751585e-07,3.5537980395131967e-07,-1.7634650751545458,unnamed_54
Mus_spretus,1,55,0.0050195258429872,9.56487566464374e-10,6.873962506761108e-07,-9.48918005251084,unnamed_55
Mus_spretus,1,56,1.0675752895717656,2.0343006942908995e-07,1.5139002685882227e-07,0.4262627749258997,unnamed_56
Mus_spretus,1,58,0.549313440152338,1.0467352734751585e-07,3.1879547339901934e-07,-1.606734523602266,unnamed_58
Mus_spretus,1,61,63713.33417293548,0.012140790556849792,0.0011500390773110096,3.4001075782246972,unnamed_61
Mus_spretus,1,64,0.0050195258429872,9.56487566464374e-10,2.574055681388583e-07,-8.072081331741565,unnamed_64
Mus_spretus,1,71,1.0008871400258437,1.9072241777703055e-07,1.3544792285889108e-08,3.8156642553991262,unnamed_71
Mus_spretus,1,74,0.0284214642048907,5.415805791829955e-09,7.958462588203534e-07,-7.199169942862176,unnamed_74
Mus_spretus,1,75,52.32474755359175,9.970656994090368e-06,5.722496014306879e-07,4.1229721128478305,unnamed_75
Mus_spretus,2,0,29152.107890383628,0.008698125966649707,0.04077517685120978,-2.228914627006944,head_low
Mus_spretus,2,1,38016.34457985593,0.011342951775237694,0.04244067230866573,-1.9036513888407562,head_down
Mus_spretus,2,2,37151.080193237634,0.011084782497820038,0.02986160508144264,-1.4297112510232364,sniff_floor
Mus_spretus,2,3,51020.60807931436,0.01522303902131662,0.03409158934246711,-1.1631594620068137,step_to_stop
Mus_spretus,2,4,48679.68328737853,0.014524576364850265,0.03143200346235813,-1.1137381463557825,turn_left
Mus_spretus,2,5,16552.708046612304,0.004938838049721397,0.023397705516331056,-2.244123492669663,enter_rear
Mus_spretus,2,6,66555.74390438235,0.019858263644645765,0.026322317845254867,-0.4065470501702503,turn_right
Mus_spretus,2,7,5148.61126279117,0.001536193179768027,0.02382739870176507,-3.9551899026615276,extend_rear
Mus_spretus,2,8,1617.5507979166373,0.00048262927163406934,0.017154155232421586,-5.151498852794163,extend_rear_2
Mus_spretus,2,9,57520.42931490711,0.01716239325533892,0.024899784486745867,-0.5368825082030698,still
Mus_spretus,2,10,6444.822574306948,0.001922944261691664,0.016568283149204797,-3.107035263746557,motionless_rear
Mus_spretus,2,11,37791.49919660856,0.011275864569267574,0.041246050158697124,-1.8710179139294858,start_moving
Mus_spretus,2,12,1705.15605388496,0.0005087680865224576,0.011388424399465157,-4.484416174665039,leave_rear_turn_right
Mus_spretus,2,13,29732.51237169568,0.008871301481402983,0.034911518752257384,-1.9764854411458357,take_a_step
Mus_spretus,2,14,481330.6032106753,0.1436148025409509,0.07085788080866151,1.0192042334192455,curve_spine
Mus_spretus,2,15,2616.0809388318467,0.0007805611048941265,0.012663089991945754,-4.019974102102713,leave_rear_turn_left
Mus_spretus,2,16,952.8653355977264,0.0002843068072280623,0.017639011971229693,-5.95517729981366,brief_walk
Mus_spretus,2,17,9700.883934335334,0.00289445657809641,0.016568400775439574,-2.5170699377552608,slow_locomotion
Mus_spretus,2,18,108544.23592244326,0.03238638662278672,0.019293884658760446,0.7472438674280584,leave_rear_turn_right_2
Mus_spretus,2,19,21687.6583780056,0.006470955211982653,0.027514557823120248,-2.0881445468949673,high_rear
Mus_spretus,2,20,277.89707491413344,8.291626020511459e-05,0.009685420371062483,-6.868015808831233,enter_wall_rear
Mus_spretus,2,21,50541.078173705966,0.015079961493631791,0.016056128338174516,-0.09049130873967114,leave_rear_turn_left_2
Mus_spretus,2,22,7589.226995347619,0.0022644006616347415,0.019700935956849817,-3.121063015790565,stopping
Mus_spretus,2,23,509908.71718254953,0.1521416657150074,0.04558875032176166,1.7386655377995273,scrunch_idle
Mus_spretus,2,24,482.4981538266267,0.0001439631650802284,0.008146699273332204,-5.822444022644493,end_and_enter_rear
Mus_spretus,2,25,4142.009728097291,0.0012358530815524036,0.009276973715208817,-2.9081470082551357,mid_rear
Mus_spretus,2,26,156010.17079522662,0.04654881639289786,0.023482111877213278,0.9871823206332774,still_2
Mus_spretus,2,27,519.9078576985047,0.0001551251132273809,0.012216392551226645,-6.299242252715654,stop_rear_start_walking
Mus_spretus,2,28,36195.366844502016,0.010799625927785073,0.04345623456121416,-2.00858182998649,mid_rear_2
Mus_spretus,2,29,2836.298603096007,0.0008462675365200501,0.01189681296989446,-3.8133175075511656,mid_rear_3
Mus_spretus,2,30,3149.3331926394444,0.0009396677908689125,0.00893772171589966,-3.249684422605507,mid_rear_4
Mus_spretus,2,31,335689.78943567176,0.10015989530529845,0.02206763499354126,2.182301031160642,groom_1
Mus_spretus,2,32,12302.141438837329,0.0036705948090239525,0.03514998148245249,-3.259438157677957,slow_locomotion_2
Mus_spretus,2,33,540.1027239267895,0.00016115066345495828,0.006265057862816775,-5.280845800973451,jump_1
Mus_spretus,2,34,20241.957625339688,0.006039600906350557,0.016880286297354247,-1.4828142477349118,very_slow_locomotion
Mus_spretus,2,35,276889.86664618074,0.08261573907565645,0.020439097519108638,2.0150851587998027,groom_2
Mus_spretus,2,36,213267.78476232637,0.0636327933289163,0.01768222169679371,1.8474708991922966,groom_3
Mus_spretus,2,37,154491.75162201404,0.046095765063352806,0.017299353431300353,1.4139160949389828,groom_4
Mus_spretus,2,38,2566.3157276333272,0.0007657126391368892,0.005605467526515181,-2.8719597303931272,brief_fast
Mus_spretus,2,39,22513.372265973263,0.006717323791467913,0.011480408382672877,-0.7732154855369205,paused_in_rear
Mus_spretus,2,40,76595.91092014419,0.02285395225000063,0.011858126656289705,0.946567568132918,groom_5
Mus_spretus,2,41,10477.619020512564,0.0031262113331107016,0.008143393049886337,-1.3812147288951953,jump_2
Mus_spretus,2,42,97906.15261622932,0.029212297497256096,0.012599242257600195,1.2132388582180516,groom_6
Mus_spretus,2,43,357.0489637843167,0.00010653284060746069,0.011600752846795138,-6.766776388902523,very_fast
Mus_spretus,2,44,62694.61533311041,0.018706217184999114,0.008860630076802925,1.078036645745787,groom_7
Mus_spretus,2,45,4125.579648961414,0.001230950832339302,0.001988821924918044,-0.6921409683166933,idle_enter_groom
Mus_spretus,2,46,19110.42212904361,0.005701984212575716,0.005825013950637689,-0.030797460153168015,groom_9
Mus_spretus,2,47,54334.33233093211,0.016211756237501908,0.006212833208441901,1.383717159178301,groom_10
Mus_spretus,2,48,46115.30438193514,0.01375944161611658,0.006494491304343986,1.0831334910907118,groom_11
Mus_spretus,2,49,11742.730563433644,0.0035036831647726596,0.0009277460785330262,1.9170704161385772,groom_12
Mus_spretus,2,51,0.7704654237497168,2.2988407335490937e-07,1.4464723531203886e-06,-2.653560325865023,unnamed_51
Mus_spretus,2,52,0.4506865598476621,1.3447152719697862e-07,2.6481776082607227e-06,-4.299627248108015,unnamed_52
Mus_spretus,2,53,1.960713097645117,5.850187427922814e-07,3.064001561399167e-07,0.9330658139530831,unnamed_53
Mus_spretus,2,54,0.4506865598476621,1.3447152719697862e-07,3.5537980395131967e-07,-1.4020609650948102,unnamed_54
Mus_spretus,2,55,0.0030300190765095,9.040679908270064e-10,6.873962506761108e-07,-9.570494992149971,unnamed_55
Mus_spretus,2,56,0.1093266519410294,3.2619836399851793e-08,1.5139002685882227e-07,-2.2144487162897284,unnamed_56
Mus_spretus,2,58,0.4506865598476621,1.3447152719697862e-07,3.1879547339901934e-07,-1.2453304135425305,unnamed_58
Mus_spretus,2,61,105991.07723670529,0.03162459965544635,0.0011500390773110096,4.781292427829957,unnamed_61
Mus_spretus,2,64,0.0030300190765095,9.040679908270064e-10,2.574055681388583e-07,-8.153396271380698,unnamed_64
Mus_spretus,2,71,0.9991128599741562,2.981056993762553e-07,1.3544792285889108e-08,4.460013783372407,unnamed_71
Mus_spretus,2,74,0.005316295822857,1.5862252883071134e-09,7.958462588203534e-07,-8.970748259761661,unnamed_74
Mus_spretus,2,75,6.172613402892536,1.8417251035044466e-06,5.722496014306879e-07,1.6863412822980703,unnamed_75
Peromyscus_californicus,1,0,288610.0219492036,0.06113954848673418,0.04077517685120978,0.5844147637685818,head_low
Peromyscus_californicus,1,1,195234.1316953517,0.04135867001581211,0.04244067230866573,-0.03725771718331741,head_down
Peromyscus_californicus,1,2,355987.51778456673,0.07541289092203585,0.02986160508144264,1.3365194424609428,sniff_floor
Peromyscus_californicus,1,3,472520.8868051528,0.10009948190538914,0.03409158934246711,1.5539467428095926,step_to_stop
Peromyscus_californicus,1,4,56772.147974093576,0.012026690793048947,0.03143200346235813,-1.3859944998056248,turn_left
Peromyscus_californicus,1,5,162390.82036252803,0.03440109726024266,0.023397705516331056,0.5560875223657881,enter_rear
Peromyscus_californicus,1,6,48030.775548177946,0.010174906299685324,0.026322317845254867,-1.371271024187373,turn_right
Peromyscus_californicus,1,7,391307.9701996624,0.08289522469000944,0.02382739870176507,1.798667537987613,extend_rear
Peromyscus_californicus,1,8,94557.98681239072,0.02003129545009927,0.017154155232421586,0.22369764395928202,extend_rear_2
Peromyscus_californicus,1,9,113374.9686011536,0.02401751104537942,0.024899784486745867,-0.052046604391922185,still
Peromyscus_californicus,1,10,299697.29597596696,0.0634882920382118,0.016568283149204797,1.938066452769475,motionless_rear
Peromyscus_californicus,1,11,180539.63767745323,0.03824576796401346,0.041246050158697124,-0.10895585223158372,start_moving
Peromyscus_californicus,1,12,98442.47987330364,0.02085419186319011,0.011388424399465157,0.8727692438559257,leave_rear_turn_right
Peromyscus_californicus,1,13,170635.9483519242,0.03614775664193156,0.034911518752257384,0.050202995499392875,take_a_step
Peromyscus_californicus,1,14,34435.14629055099,0.007294789287149134,0.07085788080866151,-3.279990107465471,curve_spine
Peromyscus_californicus,1,15,97150.33452504245,0.0205804619953277,0.012663089991945754,0.7006458807009183,leave_rear_turn_left
Peromyscus_californicus,1,16,1286.104396578558,0.00027245014425540713,0.017639011971229693,-6.016633687261217,brief_walk
Peromyscus_californicus,1,17,28257.5241620867,0.005986113222800819,0.016568400775439574,-1.4687428849604116,slow_locomotion
Peromyscus_californicus,1,18,35135.64623722578,0.007443184170200756,0.019293884658760446,-1.374151808161592,leave_rear_turn_right_2
Peromyscus_californicus,1,19,46365.60109878144,0.009822153428180165,0.027514557823120248,-1.486083880183037,high_rear
Peromyscus_californicus,1,20,32173.00018708708,0.006815573110099152,0.009685420371062483,-0.5069796907651314,enter_wall_rear
Peromyscus_californicus,1,21,38182.90493759017,0.00808871969181664,0.016056128338174516,-0.9891407819633522,leave_rear_turn_left_2
Peromyscus_californicus,1,22,80927.4484724285,0.017143783249005007,0.019700935956849817,-0.2005786561475391,stopping
Peromyscus_californicus,1,23,45400.85869331218,0.00961778105511414,0.04558875032176166,-2.2449018732743133,scrunch_idle
Peromyscus_californicus,1,24,17237.3655906821,0.0036515875027394546,0.008146699273332204,-1.1576918514444763,end_and_enter_rear
Peromyscus_californicus,1,25,49071.18111327563,0.010395307261729372,0.009276973715208817,0.16420624267818,mid_rear
Peromyscus_californicus,1,26,122360.31339381388,0.025920978984263286,0.023482111877213278,0.1425580431087369,still_2
Peromyscus_californicus,1,27,845.6426234076943,0.00017914210957436393,0.012216392551226645,-6.091570015561642,stop_rear_start_walking
Peromyscus_californicus,1,28,15768.988013027543,0.0033405243542752442,0.04345623456121416,-3.701416689823395,mid_rear_2
Peromyscus_californicus,1,29,18156.601255484988,0.003846319664565918,0.01189681296989446,-1.6290245685705882,mid_rear_3
Peromyscus_californicus,1,30,54715.21277581892,0.011590946779588744,0.00893772171589966,0.3750193834322157,mid_rear_4
Peromyscus_californicus,1,31,8201.615526223464,0.0017374416409675028,0.02206763499354126,-3.6668955981051443,groom_1
Peromyscus_californicus,1,32,14774.637064671517,0.0031298796663006066,0.03514998148245249,-3.489344832862241,slow_locomotion_2
Peromyscus_californicus,1,33,158021.03982477682,0.03347539687305635,0.006265057862816775,2.417701420595486,jump_1
Peromyscus_californicus,1,34,487505.5792928053,0.10327386000466691,0.016880286297354247,2.613063856866209,very_slow_locomotion
Peromyscus_californicus,1,35,82553.91350703077,0.017488335864237977,0.020439097519108638,-0.22493848260040253,groom_2
Peromyscus_californicus,1,36,29798.87530394376,0.006312635192606979,0.01768222169679371,-1.4859852694535536,groom_3
Peromyscus_californicus,1,37,46988.785884519886,0.009954169759998875,0.017299353431300353,-0.7973452214063266,groom_4
Peromyscus_californicus,1,38,9220.615531209643,0.0019533080193838426,0.005605467526515181,-1.5209152392702423,brief_fast
Peromyscus_californicus,1,39,47977.16777352068,0.010163549954137143,0.011480408382672877,-0.17576956384131315,paused_in_rear
Peromyscus_californicus,1,40,5656.8336562669965,0.0011983515100165085,0.011858126656289705,-3.3067530531787415,groom_5
Peromyscus_californicus,1,41,104543.02978803976,0.022146540842580012,0.008143393049886337,1.4433794336354178,jump_2
Peromyscus_californicus,1,42,53435.22411743577,0.01131979220181923,0.012599242257600195,-0.15448949514596397,groom_6
Peromyscus_californicus,1,43,32.995432022531425,6.989798214066724e-06,0.011600752846795138,-10.69668000605198,very_fast
Peromyscus_californicus,1,44,4826.743032244399,0.0010225039576236624,0.008860630076802925,-3.1153028648885894,groom_7
Peromyscus_californicus,1,45,13726.986670891049,0.002907943949671332,0.001988821924918044,0.5480853557568198,idle_enter_groom
Peromyscus_californicus,1,46,4319.525401497363,0.0009150542692208014,0.005825013950637689,-2.670332291843863,groom_9
Peromyscus_californicus,1,47,553.5611300264061,0.00011726715975087506,0.006212833208441901,-5.727380370332588,groom_10
Peromyscus_californicus,1,48,1197.8975680412125,0.00025376428700832495,0.006494491304343986,-4.67765557388395,groom_11
Peromyscus_californicus,1,49,1551.3686081910885,0.00032864408380797776,0.0009277460785330262,-1.497203983698734,groom_12
Peromyscus_californicus,1,51,1.9100518357307763,4.0462803763408835e-07,1.4464723531203886e-06,-1.83787055262304,unnamed_51
Peromyscus_californicus,1,52,1.9205368413663764,4.0684919581186733e-07,2.6481776082607227e-06,-2.7024338400690304,unnamed_52
Peromyscus_californicus,1,73,8.837749801636317,1.8722012106907016e-06,8.804114985827918e-07,1.0884856009853794,unnamed_73
Peromyscus_californicus,1,77,28.87039379119349,6.1159443774909925e-06,2.641234495748375e-07,4.5332909873542,unnamed_77
Peromyscus_californicus,1,84,12.414739298764603,2.6299556411127504e-06,6.501500297226766e-07,2.0161938856760337,unnamed_84
Peromyscus_californicus,2,0,24205.67827561536,0.05464848651387268,0.04077517685120978,0.42249040686211586,head_low
Peromyscus_californicus,2,1,15120.399738507878,0.034136905885699884,0.04244067230866573,-0.3141152096380395,head_down
Peromyscus_californicus,2,2,39482.04718869056,0.08913751966640104,0.02986160508144264,1.5777411038010567,sniff_floor
Peromyscus_californicus,2,3,26496.050067223605,0.05981939519654935,0.03409158934246711,0.8111974650017704,step_to_stop
Peromyscus_californicus,2,4,3355.4370955236363,0.007575476992421106,0.03143200346235813,-2.0528255954978287,turn_left
Peromyscus_californicus,2,5,5959.59518977675,0.013454812281990294,0.023397705516331056,-0.798244796599615,enter_rear
Peromyscus_californicus,2,6,2841.1461633597837,0.006414376660897807,0.026322317845254867,-2.036905554628514,turn_right
Peromyscus_californicus,2,7,12346.08825102726,0.027873420013395305,0.02382739870176507,0.22626857171786274,extend_rear
Peromyscus_californicus,2,8,2527.440535257883,0.005706132190676827,0.017154155232421586,-1.5879730066811075,extend_rear_2
Peromyscus_californicus,2,9,10211.004664104164,0.023053101190786667,0.024899784486745867,-0.1111724149665309,still
Peromyscus_californicus,2,10,9356.714748274822,0.021124394611588347,0.016568283149204797,0.3504858825562361,motionless_rear
Peromyscus_californicus,2,11,6754.267917674274,0.01524892279436536,0.041246050158697124,-1.4355486370732027,start_moving
Peromyscus_californicus,2,12,3194.805970322636,0.007212824569328371,0.011388424399465157,-0.658931922417858,leave_rear_turn_right
Peromyscus_californicus,2,13,7035.709192155324,0.015884324930913577,0.034911518752257384,-1.1360993415195753,take_a_step
Peromyscus_californicus,2,14,3938.4410795445474,0.008891708869732168,0.07085788080866151,-2.9943957006461144,curve_spine
Peromyscus_californicus,2,15,3501.412210040487,0.00790504094787826,0.012663089991945754,-0.679784647038169,leave_rear_turn_left
Peromyscus_californicus,2,16,44.116623015450266,9.960087259055122e-05,0.017639011971229693,-7.468395655317362,brief_walk
Peromyscus_californicus,2,17,1185.6237519398526,0.0026767497642767456,0.016568400775439574,-2.629880176479537,slow_locomotion
Peromyscus_californicus,2,18,1685.3819191410569,0.0038050398766015753,0.019293884658760446,-2.3421601686654765,leave_rear_turn_right_2
Peromyscus_californicus,2,19,2241.9675204090304,0.005061627706051081,0.027514557823120248,-2.442521840761775,high_rear
Peromyscus_californicus,2,20,1126.1805778183443,0.002542546563592486,0.009685420371062483,-1.9295404712018285,enter_wall_rear
Peromyscus_californicus,2,21,1984.0557493480928,0.004479347474854612,0.016056128338174516,-1.841763564134267,leave_rear_turn_left_2
Peromyscus_californicus,2,22,2492.0655220655167,0.0056262670074186255,0.019700935956849817,-1.8080142454206907,stopping
Peromyscus_californicus,2,23,13219.546751514645,0.029845402972963862,0.04558875032176166,-0.6111691294030109,scrunch_idle
Peromyscus_californicus,2,24,598.6473020326206,0.0013515493612361598,0.008146699273332204,-2.5916014507429312,end_and_enter_rear
Peromyscus_californicus,2,25,2068.254839224713,0.004669441417904256,0.009276973715208817,-0.9904042760211851,mid_rear
Peromyscus_californicus,2,26,40477.53710888099,0.09138500956768703,0.023482111877213278,1.9603953668637777,still_2
Peromyscus_californicus,2,27,35.43282138327837,7.999569520277453e-05,0.012216392551226645,-7.254680244455519,stop_rear_start_walking
Peromyscus_californicus,2,28,915.2431300162356,0.0020663189553334397,0.04345623456121416,-4.394428302116312,mid_rear_2
Peromyscus_californicus,2,29,1001.7438484391062,0.002261609221127587,0.01189681296989446,-2.3951535669574837,mid_rear_3
Peromyscus_californicus,2,30,2303.5252110393326,0.005200604791837771,0.00893772171589966,-0.7812277180459346,mid_rear_4
Peromyscus_californicus,2,31,3180.896505999346,0.007181421558645038,0.02206763499354126,-1.6195906649371858,groom_1
Peromyscus_californicus,2,32,506.8254694808648,0.0011442457640905791,0.03514998148245249,-4.941055072948701,slow_locomotion_2
Peromyscus_californicus,2,33,6591.658156513769,0.01488180325990654,0.006265057862816775,1.2481496123164701,jump_1
Peromyscus_californicus,2,34,19979.10331726876,0.045106265800984834,0.016880286297354247,1.4179884820169937,very_slow_locomotion
Peromyscus_californicus,2,35,64550.21114707565,0.14573321611451184,0.020439097519108638,2.833926338752613,groom_2
Peromyscus_californicus,2,36,14531.834215027417,0.03280811787545625,0.01768222169679371,0.891753277526816,groom_3
Peromyscus_californicus,2,37,25834.913179075244,0.05832676483501155,0.017299353431300353,1.7534399378397374,groom_4
Peromyscus_californicus,2,38,267.3172163575599,0.0006035146434115249,0.005605467526515181,-3.2153740252413807,brief_fast
Peromyscus_californicus,2,39,1662.4608274086956,0.003753291565393083,0.011480408382672877,-1.6129456907019801,paused_in_rear
Peromyscus_californicus,2,40,2899.652831843899,0.006546465538855287,0.011858126656289705,-0.8570880057772858,groom_5
Peromyscus_californicus,2,41,6051.041178940075,0.013661267347972645,0.008143393049886337,0.746389385439861,jump_2
Peromyscus_californicus,2,42,37119.239727944005,0.08380307498845271,0.012599242257600195,2.733666211833541,groom_6
Peromyscus_californicus,2,43,0.6127342585165403,1.3833530910332513e-06,0.011600752846795138,-13.033761372482187,very_fast
Peromyscus_californicus,2,44,4481.2003437597305,0.010117081362624597,0.008860630076802925,0.19131195542281237,groom_7
Peromyscus_californicus,2,45,1608.5354989128202,0.003631545851287987,0.001988821924918044,0.8686696894321582,idle_enter_groom
Peromyscus_californicus,2,46,3864.2405820691793,0.008724188470616139,0.005825013950637689,0.5827594322238662,groom_9
Peromyscus_californicus,2,47,705.4063642133425,0.0015925763262063682,0.006212833208441901,-1.9638888066842621,groom_10
Peromyscus_californicus,2,48,1128.902958751631,0.002548692807297139,0.006494491304343986,-1.3494590312528418,groom_11
Peromyscus_californicus,2,49,262.44181292382024,0.0005925075806981939,0.0009277460785330262,-0.6468963854939941,groom_12
Peromyscus_californicus,2,51,0.0899481642692236,2.0307346838390989e-07,1.4464723531203886e-06,-2.83246508037594,unnamed_51
Peromyscus_californicus,2,52,0.0794631586336236,1.7940176282165792e-07,2.6481776082607227e-06,-3.8837339126949444,unnamed_52
Peromyscus_californicus,2,73,0.1622501983636814,3.663077595343855e-07,8.804114985827918e-07,-1.2651217254939477,unnamed_73
Peromyscus_californicus,2,77,1.129606208806498,2.5502805153837154e-06,2.641234495748375e-07,3.2713716449477714,unnamed_77
Peromyscus_californicus,2,84,0.5852607012353948,1.3213268049911336e-06,6.501500297226766e-07,1.0231427534041597,unnamed_84
Peromyscus_gossypinus,1,0,182444.31240037427,0.04759355769633159,0.04077517685120978,0.22307516809781236,head_low
Peromyscus_gossypinus,1,1,172398.57398835328,0.04497296391390906,0.04244067230866573,0.08361045664864963,head_down
Peromyscus_gossypinus,1,2,207438.6562321456,0.054113737632820076,0.02986160508144264,0.8577031782378075,sniff_floor
Peromyscus_gossypinus,1,3,163171.34242242182,0.04256589091649579,0.03409158934246711,0.32028196760224314,step_to_stop
Peromyscus_gossypinus,1,4,48200.71054704318,0.012573937045461836,0.03143200346235813,-1.3217977867916273,turn_left
Peromyscus_gossypinus,1,5,70507.93240352164,0.018393137636058043,0.023397705516331056,-0.34719945339152425,enter_rear
Peromyscus_gossypinus,1,6,44433.72244660907,0.011591257108002533,0.026322317845254867,-1.1832494934092983,turn_right
Peromyscus_gossypinus,1,7,226093.61658309575,0.05898018657882681,0.02382739870176507,1.3076089288436517,extend_rear
Peromyscus_gossypinus,1,8,127303.14028115722,0.0332090886922218,0.017154155232421586,0.9530200524577382,extend_rear_2
Peromyscus_gossypinus,1,9,105749.96636330012,0.027586593735253784,0.024899784486745867,0.1478340748942619,still
Peromyscus_gossypinus,1,10,231818.796370705,0.06047369257503179,0.016568283149204797,1.8678835595634455,motionless_rear
Peromyscus_gossypinus,1,11,41358.54682122124,0.010789047674188756,0.041246050158697124,-1.9346884424276982,start_moving
Peromyscus_gossypinus,1,12,74414.23565504016,0.019412160190033438,0.011388424399465157,0.7693925079787409,leave_rear_turn_right
Peromyscus_gossypinus,1,13,53237.82940318313,0.013887951189004327,0.034911518752257384,-1.3298693373056685,take_a_step
Peromyscus_gossypinus,1,14,39274.54131721272,0.01024540104092545,0.07085788080866151,-2.789951860913185,curve_spine
Peromyscus_gossypinus,1,15,80303.92295732407,0.020948580639356396,0.012663089991945754,0.7262230102808322,leave_rear_turn_left
Peromyscus_gossypinus,1,16,43435.69594715057,0.011330905710036188,0.017639011971229693,-0.6385065679749423,brief_walk
Peromyscus_gossypinus,1,17,133747.43466744182,0.034890187393795534,0.016568400775439574,1.074386989558358,slow_locomotion
Peromyscus_gossypinus,1,18,22374.682837512897,0.005836798881553437,0.019293884658760446,-1.724894383669226,leave_rear_turn_right_2
Peromyscus_gossypinus,1,19,90631.03387540062,0.023642575003166903,0.027514557823120248,-0.2188079703024572,high_rear
Peromyscus_gossypinus,1,20,62793.01953653572,0.016380577497426326,0.009685420371062483,0.7580996482911508,enter_wall_rear
Peromyscus_gossypinus,1,21,24662.90744397298,0.0064337193796325,0.016056128338174516,-1.319399137199139,leave_rear_turn_left_2
Peromyscus_gossypinus,1,22,206239.03945378723,0.05380079814129461,0.019700935956849817,1.4493634042784898,stopping
Peromyscus_gossypinus,1,23,84362.21572929794,0.022007252124645993,0.04558875032176166,-1.050698844302992,scrunch_idle
Peromyscus_gossypinus,1,24,66212.21277286431,0.017272529504189886,0.008146699273332204,1.084191817457762,end_and_enter_rear
Peromyscus_gossypinus,1,25,27721.209398099032,0.007231527042647394,0.009276973715208817,-0.35935392833855606,mid_rear
Peromyscus_gossypinus,1,26,311310.78644336725,0.08121046735383113,0.023482111877213278,1.7901035268977943,still_2
Peromyscus_gossypinus,1,27,40409.159464546006,0.010541384585427005,0.012216392551226645,-0.2127539524013976,stop_rear_start_walking
Peromyscus_gossypinus,1,28,23963.086435072222,0.006251159720051931,0.04345623456121416,-2.797367402235473,mid_rear_2
Peromyscus_gossypinus,1,29,20931.87007499163,0.005460417773506801,0.01189681296989446,-1.1234919023099181,mid_rear_3
Peromyscus_gossypinus,1,30,27198.5301845316,0.00709517769319218,0.00893772171589966,-0.33306830989854863,mid_rear_4
Peromyscus_gossypinus,1,31,33583.99924897459,0.008760930855558697,0.02206763499354126,-1.3327759525694904,groom_1
Peromyscus_gossypinus,1,32,8267.934635971757,0.0021568248357508838,0.03514998148245249,-4.026543009848383,slow_locomotion_2
Peromyscus_gossypinus,1,33,37457.69085084979,0.009771446131842334,0.006265057862816775,0.6412442565818999,jump_1
Peromyscus_gossypinus,1,34,25811.419788927626,0.006733327450913958,0.016880286297354247,-1.3259478411399268,very_slow_locomotion
Peromyscus_gossypinus,1,35,87091.34396852717,0.02271918948572636,0.020439097519108638,0.15257987114971502,groom_2
Peromyscus_gossypinus,1,36,67747.66706172934,0.0176730776568054,0.01768222169679371,-0.0007462565261875479,groom_3
Peromyscus_gossypinus,1,37,60354.87164447723,0.01574454707890484,0.017299353431300353,-0.13586586142314602,groom_4
Peromyscus_gossypinus,1,38,188546.6312795091,0.04918544654084742,0.005605467526515181,3.1333248885504754,brief_fast
Peromyscus_gossypinus,1,39,58390.96563548365,0.015232230346640311,0.011480408382672877,0.40795323814382417,paused_in_rear
Peromyscus_gossypinus,1,40,32081.7492430488,0.008369044578641264,0.011858126656289705,-0.502741274017403,groom_5
Peromyscus_gossypinus,1,41,34646.78564207121,0.00903817592202982,0.008143393049886337,0.15040160109391673,jump_2
Peromyscus_gossypinus,1,42,50803.9675682668,0.013253038857997881,0.012599242257600195,0.07298623072412065,groom_6
Peromyscus_gossypinus,1,43,1105.3548614730291,0.000288349741804992,0.011600752846795138,-5.330254893269388,very_fast
Peromyscus_gossypinus,1,44,17041.990208395513,0.004445679525836104,0.008860630076802925,-0.9950053389944835,groom_7
Peromyscus_gossypinus,1,45,30316.164368468337,0.00790846313057885,0.001988821924918044,1.9914832537991463,idle_enter_groom
Peromyscus_gossypinus,1,46,15130.22064554489,0.003946963431075371,0.005825013950637689,-0.561518352347985,groom_9
Peromyscus_gossypinus,1,47,3994.5763533327545,0.0010420500241604368,0.006212833208441901,-2.575826787167245,groom_10
Peromyscus_gossypinus,1,48,4998.546143171735,0.0013039518258083649,0.006494491304343986,-2.3163259572340396,groom_11
Peromyscus_gossypinus,1,49,326.89772043480593,8.527657186797177e-05,0.0009277460785330262,-3.4435086500430123,groom_12
Peromyscus_gossypinus,1,50,21094.654167500896,0.00550288264400319,0.00015063357231778526,5.191072311403021,unnamed_50
Peromyscus_gossypinus,1,70,70.36297869452994,1.8355324110268026e-05,5.824092741838965e-07,4.978021449969588,unnamed_70
Peromyscus_gossypinus,1,73,89.43296059706299,2.3330038158653695e-05,8.804114985827918e-07,4.727866869154113,unnamed_73
Peromyscus_gossypinus,1,78,19.30767687139032,5.036720635851168e-06,3.18302618718394e-07,3.9840137820550336,unnamed_78
Peromyscus_gossypinus,1,84,57.17087387261893,1.4913949623351499e-05,6.501500297226766e-07,4.5197458879424595,unnamed_84
Peromyscus_gossypinus,1,92,98.27451692308864,2.5636501515015382e-05,8.928272602129271e-07,4.8436745109270705,unnamed_92
Peromyscus_gossypinus,1,94,111.81501810716615,2.9168760843151705e-05,9.007286870116254e-07,5.017187678177474,unnamed_94
Peromyscus_gossypinus,2,0,18619.88792872488,0.039318706918698126,0.04077517685120978,-0.052475257956564735,head_low
Peromyscus_gossypinus,2,1,12508.83291645738,0.026414290849646006,0.04244067230866573,-0.6841288323141042,head_down
Peromyscus_gossypinus,2,2,23420.30702595663,0.0494555172095806,0.02986160508144264,0.7278397622339142,sniff_floor
Peromyscus_gossypinus,2,3,16550.488514863,0.03494885735983813,0.03409158934246711,0.03582942880873356,step_to_stop
Peromyscus_gossypinus,2,4,4563.124708263094,0.009635727332218869,0.03143200346235813,-1.7057687573418605,turn_left
Peromyscus_gossypinus,2,5,2562.413684726119,0.005410923688685553,0.023397705516331056,-2.11242025964947,enter_rear
Peromyscus_gossypinus,2,6,4277.030184851094,0.009031595515736374,0.026322317845254867,-1.543233752125093,turn_right
Peromyscus_gossypinus,2,7,6909.7681413608825,0.014591019530638568,0.02382739870176507,-0.707540763979177,extend_rear
Peromyscus_gossypinus,2,8,3307.929793160813,0.00698519360281814,0.017154155232421586,-1.2961860739018,extend_rear_2
Peromyscus_gossypinus,2,9,10235.230240146082,0.021613235246000728,0.024899784486745867,-0.2042182127291138,still
Peromyscus_gossypinus,2,10,6081.542030917874,0.012842094949374881,0.016568283149204797,-0.36754354372946585,motionless_rear
Peromyscus_gossypinus,2,11,2714.834650459191,0.005732783589393021,0.041246050158697124,-2.846948245378884,start_moving
Peromyscus_gossypinus,2,12,2212.9237639316207,0.004672922911271693,0.011388424399465157,-1.2851710199505075,leave_rear_turn_right
Peromyscus_gossypinus,2,13,4098.187265351433,0.008653941667162804,0.034911518752257384,-2.0122738184097924,take_a_step
Peromyscus_gossypinus,2,14,7243.413813624575,0.015295562783135283,0.07085788080866151,-2.211815128286712,curve_spine
Peromyscus_gossypinus,2,15,2307.848290838338,0.0048733703934009205,0.012663089991945754,-1.3776377061314347,leave_rear_turn_left
Peromyscus_gossypinus,2,16,2872.2983525677605,0.006065291989939771,0.017639011971229693,-1.5401207471883718,brief_walk
Peromyscus_gossypinus,2,17,9869.556847172336,0.020841060621677666,0.016568400775439574,0.33099434297503044,slow_locomotion
Peromyscus_gossypinus,2,18,1376.9000077230694,0.002907532422711204,0.019293884658760446,-2.7302764621494653,leave_rear_turn_right_2
Peromyscus_gossypinus,2,19,3470.315591955041,0.00732809575426982,0.027514557823120248,-1.908684883822434,high_rear
Peromyscus_gossypinus,2,20,1931.549090254709,0.004078757770697485,0.009685420371062483,-1.2476848358114234,enter_wall_rear
Peromyscus_gossypinus,2,21,1280.5513292728683,0.0027040776294015665,0.016056128338174516,-2.569915578847332,leave_rear_turn_left_2
Peromyscus_gossypinus,2,22,9725.865742930971,0.020537635142635204,0.019700935956849817,0.06000589727473168,stopping
Peromyscus_gossypinus,2,23,18187.05475676222,0.03840471427286507,0.04558875032176166,-0.2473944464355659,scrunch_idle
Peromyscus_gossypinus,2,24,2285.0179039474265,0.004825160581696339,0.008146699273332204,-0.7556386974571268,end_and_enter_rear
Peromyscus_gossypinus,2,25,1069.0003638671003,0.0022573557995496795,0.009276973715208817,-2.039020422900987,mid_rear
Peromyscus_gossypinus,2,26,109928.26998718124,0.23213015278344334,0.023482111877213278,3.3052998661992743,still_2
Peromyscus_gossypinus,2,27,2267.6200352976366,0.004788422353138271,0.012216392551226645,-1.3511960133212468,stop_rear_start_walking
Peromyscus_gossypinus,2,28,1275.807666813148,0.0026940606693269978,0.04345623456121416,-4.0117089265895,mid_rear_2
Peromyscus_gossypinus,2,29,833.3331297553283,0.0017597088242375385,0.01189681296989446,-2.7571665089354336,mid_rear_3
Peromyscus_gossypinus,2,30,1113.2148602119903,0.0023507213896110817,0.00893772171589966,-1.9268035666757348,mid_rear_4
Peromyscus_gossypinus,2,31,11397.090925343631,0.02406667964569367,0.02206763499354126,0.12510509133228923,groom_1
Peromyscus_gossypinus,2,32,541.393492708568,0.0011432341670896556,0.03514998148245249,-4.9423310850805295,slow_locomotion_2
Peromyscus_gossypinus,2,33,1604.544163137913,0.0033882374550278926,0.006265057862816775,-0.8867928486404745,jump_1
Peromyscus_gossypinus,2,34,1992.7829366485464,0.004208062290095242,0.016880286297354247,-2.0041114075374082,very_slow_locomotion
Peromyscus_gossypinus,2,35,44216.76682841842,0.0933703845304538,0.020439097519108638,2.191633528590747,groom_2
Peromyscus_gossypinus,2,36,24741.71084863281,0.052245861051817145,0.01768222169679371,1.5630171958785297,groom_3
Peromyscus_gossypinus,2,37,22551.56539894686,0.04762103799299117,0.017299353431300353,1.460880949595687,groom_4
Peromyscus_gossypinus,2,38,8047.18800754629,0.016992853447858686,0.005605467526515181,1.6000215191031115,brief_fast
Peromyscus_gossypinus,2,39,2107.175942016238,0.004449620406278241,0.011480408382672877,-1.3674197914457336,paused_in_rear
Peromyscus_gossypinus,2,40,13245.537100989925,0.0279699530549339,0.011858126656289705,1.238001721077021,groom_5
Peromyscus_gossypinus,2,41,2009.190101985249,0.004242708498907554,0.008143393049886337,-0.940644477582305,jump_2
Peromyscus_gossypinus,2,42,18641.328747040603,0.03936398244638551,0.012599242257600195,1.6435392153255728,groom_6
Peromyscus_gossypinus,2,43,66.22851166264296,0.00013985150983147549,0.011600752846795138,-6.374178794664711,very_fast
Peromyscus_gossypinus,2,44,7120.239102295565,0.01503546076785574,0.008860630076802925,0.7628878834086356,groom_7
Peromyscus_gossypinus,2,45,7561.785868410612,0.015967853484408753,0.001988821924918044,3.0051843770909006,idle_enter_groom
Peromyscus_gossypinus,2,46,6937.711934572117,0.014650027072449508,0.005825013950637689,1.3305699206003234,groom_9
Peromyscus_gossypinus,2,47,1865.7482101994656,0.003939809269622285,0.006212833208441901,-0.6571255348183904,groom_10
Peromyscus_gossypinus,2,48,2376.713886937749,0.005018790505497138,0.006494491304343986,-0.371876801425835,groom_11
Peromyscus_gossypinus,2,49,202.10238621542865,0.00042676972716441903,0.0009277460785330262,-1.120272155371001,groom_12
Peromyscus_gossypinus,2,50,1130.6871806655329,0.002387616834402809,0.00015063357231778526,3.9864560806869767,unnamed_50
Peromyscus_gossypinus,2,70,3.637021305470076,7.680120058414974e-06,5.824092741838965e-07,3.7210236297966253,unnamed_70
Peromyscus_gossypinus,2,73,20.567039402936977,4.3430411480719055e-05,8.804114985827918e-07,5.624383823802373,unnamed_73
Peromyscus_gossypinus,2,78,0.6923231286096778,1.4619448995096196e-06,3.18302618718394e-07,2.1994180059678445,unnamed_78
Peromyscus_gossypinus,2,84,25.829126127380984,5.454210272672297e-05,6.501500297226766e-07,6.390453835085108,unnamed_84
Peromyscus_gossypinus,2,92,33.55877241322253,7.086441884707676e-05,8.928272602129271e-07,6.310536542375746,unnamed_92
Peromyscus_gossypinus,2,94,21.18498189283383,4.4735290422304e-05,9.007286870116254e-07,5.63417696209613,unnamed_94
Peromyscus_leucopus,1,0,42047.90122066289,0.03266823171488096,0.04077517685120978,-0.3198027683971186,head_low
Peromyscus_leucopus,1,1,36226.255348031,0.028145226503965448,0.04244067230866573,-0.5925572517588074,head_down
Peromyscus_leucopus,1,2,47444.27525450452,0.036860830922925955,0.02986160508144264,0.3037968794150852,sniff_floor
Peromyscus_leucopus,1,3,20484.071456263853,0.015914668113531517,0.03409158934246711,-1.0990587880284541,step_to_stop
Peromyscus_leucopus,1,4,45761.16005274628,0.035553169997703436,0.03143200346235813,0.17774396756900634,turn_left
Peromyscus_leucopus,1,5,20009.70940016408,0.015546122499706693,0.023397705516331056,-0.5898122701292177,enter_rear
Peromyscus_leucopus,1,6,40503.47164142177,0.031468319664641184,0.026322317845254867,0.2576136111027643,turn_right
Peromyscus_leucopus,1,7,23538.39708020648,0.018287662111306207,0.02382739870176507,-0.3817508041905279,extend_rear
Peromyscus_leucopus,1,8,22211.426566070757,0.017256700304030606,0.017154155232421586,0.008598548446759469,extend_rear_2
Peromyscus_leucopus,1,9,21285.823908538117,0.01653757280386119,0.024899784486745867,-0.5903857477579105,still
Peromyscus_leucopus,1,10,14402.187940151973,0.011189476743703484,0.016568283149204797,-0.5662815415171009,motionless_rear
Peromyscus_leucopus,1,11,11068.517750945386,0.008599451866350642,0.041246050158697124,-2.2619393596083603,start_moving
Peromyscus_leucopus,1,12,25408.69438986363,0.019740750234943,0.011388424399465157,0.7936086570939699,leave_rear_turn_right
Peromyscus_leucopus,1,13,8794.593829211353,0.006832774543090722,0.034911518752257384,-2.353159690692796,take_a_step
Peromyscus_leucopus,1,14,19463.013019435904,0.015121378255051304,0.07085788080866151,-2.228338676894449,curve_spine
Peromyscus_leucopus,1,15,22698.022727117983,0.017634750948157658,0.012663089991945754,0.4777917131609363,leave_rear_turn_left
Peromyscus_leucopus,1,16,62604.34270405518,0.048639126197548885,0.017639011971229693,1.4633475587102243,brief_walk
Peromyscus_leucopus,1,17,40741.1789458067,0.031653001350873615,0.016568400775439574,0.9339079464370357,slow_locomotion
Peromyscus_leucopus,1,18,22130.617611836875,0.017193917488125102,0.019293884658760446,-0.16624535886335232,leave_rear_turn_right_2
Peromyscus_leucopus,1,19,5534.177292188193,0.0042996625487598155,0.027514557823120248,-2.677899801744974,high_rear
Peromyscus_leucopus,1,20,17909.88431962592,0.013914707606208287,0.009685420371062483,0.5227240214054745,enter_wall_rear
Peromyscus_leucopus,1,21,19316.45809926861,0.015007515494913628,0.016056128338174516,-0.09743889594421813,leave_rear_turn_left_2
Peromyscus_leucopus,1,22,37015.00607119988,0.02875802977456243,0.019700935956849817,0.545700668266388,stopping
Peromyscus_leucopus,1,23,28994.785927502027,0.0225268885653093,0.04558875032176166,-1.017029801647107,scrunch_idle
Peromyscus_leucopus,1,24,18527.26565414786,0.014394369037744709,0.008146699273332204,0.8212169924990228,end_and_enter_rear
Peromyscus_leucopus,1,25,7141.04993975614,0.0055480884264646904,0.009276973715208817,-0.7416634720457893,mid_rear
Peromyscus_leucopus,1,26,83344.62511413157,0.0647528520182205,0.023482111877213278,1.4633815733408735,still_2
Peromyscus_leucopus,1,27,86293.90014612283,0.06704422916996897,0.012216392551226645,2.456294831206543,stop_rear_start_walking
Peromyscus_leucopus,1,28,7238.134257578715,0.005623516043502338,0.04345623456121416,-2.9500188244933794,mid_rear_2
Peromyscus_leucopus,1,29,7197.785725069531,0.005592168100534909,0.01189681296989446,-1.0890955086994352,mid_rear_3
Peromyscus_leucopus,1,30,6017.6958380481465,0.0046753221045531266,0.00893772171589966,-0.9348413634540161,mid_rear_4
Peromyscus_leucopus,1,31,31125.70676953236,0.02418246265611094,0.02206763499354126,0.13202914791085907,groom_1
Peromyscus_leucopus,1,32,1353.6350206303086,0.00105167823428956,0.03514998148245249,-5.062758651081322,slow_locomotion_2
Peromyscus_leucopus,1,33,9555.74360059095,0.007424133835214871,0.006265057862816775,0.24489488418178545,jump_1
Peromyscus_leucopus,1,34,1810.3322714366784,0.0014064995494985095,0.016880286297354247,-3.585158377348043,very_slow_locomotion
Peromyscus_leucopus,1,35,45995.23836545507,0.035735032215245974,0.020439097519108638,0.8060075928592435,groom_2
Peromyscus_leucopus,1,36,35170.38044222384,0.02732488672282351,0.01768222169679371,0.6279159604363996,groom_3
Peromyscus_leucopus,1,37,33763.21372318609,0.02623161816233698,0.017299353431300353,0.6005886888698091,groom_4
Peromyscus_leucopus,1,38,159199.97708116466,0.12368707091938022,0.005605467526515181,4.4637161855571295,brief_fast
Peromyscus_leucopus,1,39,4516.463706814018,0.0035089714022050887,0.011480408382672877,-1.7100538676052437,paused_in_rear
Peromyscus_leucopus,1,40,26680.54282877449,0.020728886106231907,0.011858126656289705,0.805766482123495,groom_5
Peromyscus_leucopus,1,41,7442.811028348561,0.0057825353519589786,0.008143393049886337,-0.4939278563676164,jump_2
Peromyscus_leucopus,1,42,28178.86897282518,0.021892979063010888,0.012599242257600195,0.7971313111054718,groom_6
Peromyscus_leucopus,1,43,60.27069981007371,4.6826051475928556e-05,0.011600752846795138,-7.95269132827496,very_fast
Peromyscus_leucopus,1,44,9360.856057292183,0.007272720060971619,0.008860630076802925,-0.2849142463994602,groom_7
Peromyscus_leucopus,1,45,3376.067609173047,0.00262296466029965,0.001988821924918044,0.3992842640638067,idle_enter_groom
Peromyscus_leucopus,1,46,5243.741409976223,0.004074014503959092,0.005825013950637689,-0.5158103884858017,groom_9
Peromyscus_leucopus,1,47,6283.552154093938,0.0048818735728385545,0.006212833208441901,-0.34781639003098946,groom_10
Peromyscus_leucopus,1,48,6407.657718546889,0.004978294778629029,0.006494491304343986,-0.3835648689413225,groom_11
Peromyscus_leucopus,1,49,223.73593166946733,0.00017382692230857803,0.0009277460785330262,-2.4160784538208304,groom_12
Peromyscus_leucopus,1,83,15.759582753784017,1.22440760700194e-05,1.0862653968192171e-07,6.816563476890376,unnamed_83
Peromyscus_leucopus,2,0,2119.7776812308884,0.008705966298677693,0.04077517685120978,-2.227614793757566,head_low
Peromyscus_leucopus,2,1,1286.6136173312025,0.005284146017331898,0.04244067230866573,-3.0057052719853683,head_down
Peromyscus_leucopus,2,2,2979.949688222947,0.012238708703810669,0.02986160508144264,-1.2868403649082891,sniff_floor
Peromyscus_leucopus,2,3,908.7504117820376,0.0037322548156511893,0.03409158934246711,-3.191296466069444,step_to_stop
Peromyscus_leucopus,2,4,1611.943258707411,0.006620280895465693,0.03143200346235813,-2.2472698954986248,turn_left
Peromyscus_leucopus,2,5,328.3703282601538,0.001348623035628258,0.023397705516331056,-4.116808009055955,enter_rear
Peromyscus_leucopus,2,6,1502.445444446676,0.006170571339046887,0.026322317845254867,-2.092810551845118,turn_right
Peromyscus_leucopus,2,7,201.55011023728227,0.0008277700453010056,0.02382739870176507,-4.847247604795533,extend_rear
Peromyscus_leucopus,2,8,164.12884534141364,0.000674080215503313,0.017154155232421586,-4.669493988717834,extend_rear_2
Peromyscus_leucopus,2,9,1176.970559777249,0.004833839944010841,0.024899784486745867,-2.364891646374986,still
Peromyscus_leucopus,2,10,117.22539519867416,0.0004814468748233181,0.016568283149204797,-5.1049036911720815,motionless_rear
Peromyscus_leucopus,2,11,223.85879045354164,0.0009193922091960209,0.041246050158697124,-5.48743171808372,start_moving
Peromyscus_leucopus,2,12,272.3444644784006,0.0011185237727399798,0.011388424399465157,-3.347900338064513,leave_rear_turn_right
Peromyscus_leucopus,2,13,256.85869800539825,0.0010549234422822752,0.034911518752257384,-5.0484929108374885,take_a_step
Peromyscus_leucopus,2,14,2476.0867921667354,0.010169334433546465,0.07085788080866151,-2.800703058277357,curve_spine
Peromyscus_leucopus,2,15,248.57267163461051,0.0010208925781153573,0.012663089991945754,-3.6327265139706926,leave_rear_turn_left
Peromyscus_leucopus,2,16,1190.6227568757197,0.004889909771000045,0.017639011971229693,-1.8508900024580819,brief_walk
Peromyscus_leucopus,2,17,1051.209894874784,0.004317338558023795,0.016568400775439574,-1.9402202207203323,slow_locomotion
Peromyscus_leucopus,2,18,549.9656981920043,0.0022587193347125465,0.019293884658760446,-3.0945667272242146,leave_rear_turn_right_2
Peromyscus_leucopus,2,19,72.65304030909716,0.00029838738563385113,0.027514557823120248,-6.526864786819716,high_rear
Peromyscus_leucopus,2,20,173.03548012699423,0.0007106599299537781,0.009685420371062483,-3.768583405311488,enter_wall_rear
Peromyscus_leucopus,2,21,386.0395293901206,0.001585471515520556,0.016056128338174516,-3.3401401900384027,leave_rear_turn_left_2
Peromyscus_leucopus,2,22,765.2591140360485,0.003142933391338089,0.019700935956849817,-2.648080568896712,stopping
Peromyscus_leucopus,2,23,7195.710539805208,0.029552916803146857,0.04558875032176166,-0.625377334580755,scrunch_idle
Peromyscus_leucopus,2,24,171.32441968711873,0.0007036325729547617,0.008146699273332204,-3.533321478114507,end_and_enter_rear
Peromyscus_leucopus,2,25,85.25670766915464,0.0003501508815173861,0.009276973715208817,-4.727605629200934,mid_rear
Peromyscus_leucopus,2,26,122642.56764605075,0.5036953026554295,0.023482111877213278,4.422917207820061,still_2
Peromyscus_leucopus,2,27,1334.8636532740818,0.005482309810897636,0.012216392551226645,-1.1559625625919494,stop_rear_start_walking
Peromyscus_leucopus,2,28,214.8689040380013,0.0008824705787554228,0.04345623456121416,-5.621871181379473,mid_rear_2
Peromyscus_leucopus,2,29,131.71063956445488,0.000540938042408105,0.01189681296989446,-4.458967971259312,mid_rear_3
Peromyscus_leucopus,2,30,79.68906079327107,0.00032728445241325736,0.00893772171589966,-4.771290151644187,mid_rear_4
Peromyscus_leucopus,2,31,6507.6990846981,0.02672724098143116,0.02206763499354126,0.2763788946247472,groom_1
Peromyscus_leucopus,2,32,30.545689828052552,0.00012545171532255705,0.03514998148245249,-8.130247921943281,slow_locomotion_2
Peromyscus_leucopus,2,33,99.59664681229614,0.0004090452778546409,0.006265057862816775,-3.9369953827856747,jump_1
Peromyscus_leucopus,2,34,42.701663985732594,0.00017537652691077395,0.016880286297354247,-6.588739898109748,very_slow_locomotion
Peromyscus_leucopus,2,35,47344.09227653535,0.19444306610571815,0.020439097519108638,3.249944387658049,groom_2
Peromyscus_leucopus,2,36,8432.690075441764,0.034633214725310356,0.01768222169679371,0.9698567529508038,groom_3
Peromyscus_leucopus,2,37,7652.253354587534,0.03142794662093908,0.017299353431300353,0.8613298974717777,groom_4
Peromyscus_leucopus,2,38,2643.2886947362463,0.010856035752148753,0.005605467526515181,0.9535907653163445,brief_fast
Peromyscus_leucopus,2,39,53.44010752136363,0.00021947951391230292,0.011480408382672877,-5.708943866703341,paused_in_rear
Peromyscus_leucopus,2,40,5692.363208540413,0.023378641398190944,0.011858126656289705,0.979314981736918,groom_5
Peromyscus_leucopus,2,41,180.07851609683877,0.0007395858094631033,0.008143393049886337,-3.4608405883514917,jump_2
Peromyscus_leucopus,2,42,6798.946744218805,0.027923400527220737,0.012599242257600195,1.1481376745398133,groom_6
Peromyscus_leucopus,2,43,1.3296122915808193,5.460742370911588e-06,0.011600752846795138,-11.052833719243475,very_fast
Peromyscus_leucopus,2,44,2042.48519294544,0.008388524614055691,0.008860630076802925,-0.07899220237994843,groom_7
Peromyscus_leucopus,2,45,289.2541424348458,0.0011879721341006022,0.001988821924918044,-0.7434131102873489,idle_enter_groom
Peromyscus_leucopus,2,46,1021.6496913563988,0.004195934253274403,0.005825013950637689,-0.4732694326721645,groom_9
Peromyscus_leucopus,2,47,1314.614442670504,0.005399145926943914,0.006212833208441901,-0.20252011361917183,groom_10
Peromyscus_leucopus,2,48,1364.35446990517,0.005603429142412463,0.006494491304343986,-0.21290654118549973,groom_11
Peromyscus_leucopus,2,49,53.74163253818489,0.0002207178827553647,0.0009277460785330262,-2.071526475080198,groom_12
Peromyscus_leucopus,2,83,0.280019388374823,1.1500448276972007e-06,1.0862653968192171e-07,3.404241566020042,unnamed_83
Peromyscus_maniculatus,1,0,1367551.8148407403,0.046765451557175985,0.04077517685120978,0.19775198373349323,head_low
Peromyscus_maniculatus,1,1,888780.0945633732,0.030393146355574194,0.04244067230866573,-0.4817014772784,head_down
Peromyscus_maniculatus,1,2,1136236.856343696,0.03885529534323869,0.02986160508144264,0.3798195144541124,sniff_floor
Peromyscus_maniculatus,1,3,794904.1712099226,0.02718292068198082,0.03409158934246711,-0.32671538367839137,step_to_stop
Peromyscus_maniculatus,1,4,910465.7828555348,0.031134720454855547,0.03143200346235813,-0.013709905887145074,turn_left
Peromyscus_maniculatus,1,5,712839.3818668058,0.024376594158241522,0.023397705516331056,0.05912951038430787,enter_rear
Peromyscus_maniculatus,1,6,790679.5443771412,0.027038453335770176,0.026322317845254867,0.03872609535405384,turn_right
Peromyscus_maniculatus,1,7,1106293.8134673042,0.03783134882368878,0.02382739870176507,0.6669607571659282,extend_rear
Peromyscus_maniculatus,1,8,861662.0145599348,0.029465803608511913,0.017154155232421586,0.7804835315579312,extend_rear_2
Peromyscus_maniculatus,1,9,398646.5593394686,0.01363230713228652,0.024899784486745867,-0.8691035109146752,still
Peromyscus_maniculatus,1,10,851864.9469556292,0.029130778430321577,0.016568283149204797,0.8141201392742029,motionless_rear
Peromyscus_maniculatus,1,11,472245.9488003517,0.016149146819908512,0.041246050158697124,-1.3527980218074418,start_moving
Peromyscus_maniculatus,1,12,557260.7252103532,0.019056352502867642,0.011388424399465157,0.7427038429471303,leave_rear_turn_right
Peromyscus_maniculatus,1,13,353521.3548478433,0.01208918420139668,0.034911518752257384,-1.5299862273022895,take_a_step
Peromyscus_maniculatus,1,14,857465.0022581514,0.0293222805819224,0.07085788080866151,-1.2729310030241623,curve_spine
Peromyscus_maniculatus,1,15,537516.2813509284,0.01838116212045508,0.012663089991945754,0.5375984937944932,leave_rear_turn_left
Peromyscus_maniculatus,1,16,1968939.530754892,0.06733079159801326,0.017639011971229693,1.9324966742062315,brief_walk
Peromyscus_maniculatus,1,17,1578118.4474233445,0.05396608816102285,0.016568400775439574,1.7036187578361541,slow_locomotion
Peromyscus_maniculatus,1,18,429807.64980039885,0.014697906585707684,0.019293884658760446,-0.392532959470713,leave_rear_turn_right_2
Peromyscus_maniculatus,1,19,687751.2858270387,0.023518669707206265,0.027514557823120248,-0.22638868486653566,high_rear
Peromyscus_maniculatus,1,20,761506.2633239564,0.026040829957225304,0.009685420371062483,1.4268888581075774,enter_wall_rear
Peromyscus_maniculatus,1,21,422131.68554818747,0.014435415665439913,0.016056128338174516,-0.1535114031187245,leave_rear_turn_left_2
Peromyscus_maniculatus,1,22,573491.8993565829,0.01961140144508267,0.019700935956849817,-0.006571535960080317,stopping
Peromyscus_maniculatus,1,23,875379.9978311845,0.02993491028159873,0.04558875032176166,-0.6068489162840941,scrunch_idle
Peromyscus_maniculatus,1,24,574869.663516356,0.019658516122838837,0.008146699273332204,1.2708668685779811,end_and_enter_rear
Peromyscus_maniculatus,1,25,481096.3228139191,0.016451798414314517,0.009276973715208817,0.8265191406141611,mid_rear
Peromyscus_maniculatus,1,26,567567.4130415084,0.01940880489644584,0.023482111877213278,-0.2748508775255064,still_2
Peromyscus_maniculatus,1,27,912512.5455562564,0.031204712524545992,0.012216392551226645,1.3529455944963942,stop_rear_start_walking
Peromyscus_maniculatus,1,28,599096.0325509307,0.020486972547815036,0.04345623456121416,-1.084856365310886,mid_rear_2
Peromyscus_maniculatus,1,29,557675.3443890426,0.019070531017279495,0.01189681296989446,0.6807698733477302,mid_rear_3
Peromyscus_maniculatus,1,30,464541.7256697351,0.015885689545609562,0.00893772171589966,0.8297486831423484,mid_rear_4
Peromyscus_maniculatus,1,31,424012.5301650001,0.014499733921508603,0.02206763499354126,-0.6059055969007284,groom_1
Peromyscus_maniculatus,1,32,164343.6912283219,0.005619974941688487,0.03514998148245249,-2.6448883263712712,slow_locomotion_2
Peromyscus_maniculatus,1,33,506950.9780377453,0.017335936487384997,0.006265057862816775,1.4683660338768278,jump_1
Peromyscus_maniculatus,1,34,74206.47432099975,0.002537599849912579,0.016880286297354247,-2.7338028770801106,very_slow_locomotion
Peromyscus_maniculatus,1,35,680528.7832899303,0.023271685579178872,0.020439097519108638,0.18724421360216603,groom_2
Peromyscus_maniculatus,1,36,623214.4708113943,0.021311738120763948,0.01768222169679371,0.26934870507083053,groom_3
Peromyscus_maniculatus,1,37,640115.7173195572,0.021889701175805798,0.017299353431300353,0.33953414220865613,groom_4
Peromyscus_maniculatus,1,38,214265.06428791568,0.0073271099314936245,0.005605467526515181,0.38640955448587627,brief_fast
Peromyscus_maniculatus,1,39,144809.6953132139,0.004951981137159449,0.011480408382672877,-1.2130962384406856,paused_in_rear
Peromyscus_maniculatus,1,40,402593.39434581617,0.013767274977227012,0.011858126656289705,0.215366916876248,groom_5
Peromyscus_maniculatus,1,41,537144.3005127673,0.01836844168699257,0.008143393049886337,1.1735272961527285,jump_2
Peromyscus_maniculatus,1,42,284008.016239091,0.009712073049916285,0.012599242257600195,-0.37548579184890085,groom_6
Peromyscus_maniculatus,1,43,9404.731375375695,0.00032160866211464493,0.011600752846795138,-5.172768359671684,very_fast
Peromyscus_maniculatus,1,44,125312.37605471196,0.004285241545004068,0.008860630076802925,-1.048032765433701,groom_7
Peromyscus_maniculatus,1,45,118857.99082482676,0.0040645243213318525,0.001988821924918044,1.0311724149907364,idle_enter_groom
Peromyscus_maniculatus,1,46,123251.36744367352,0.004214762315396476,0.005825013950637689,-0.4668102299164042,groom_9
Peromyscus_maniculatus,1,47,57098.40508389411,0.0019525641865744045,0.006212833208441901,-1.6698813489710962,groom_10
Peromyscus_maniculatus,1,48,50214.33113207175,0.0017171531232301925,0.006494491304343986,-1.919197833630338,groom_11
Peromyscus_maniculatus,1,49,8747.1639920515,0.0002991221754772024,0.0009277460785330262,-1.6329951289608735,groom_12
Peromyscus_maniculatus,1,50,9.761963415998988,3.338247386896925e-07,0.00015063357231778526,-8.817736757625058,unnamed_50
Peromyscus_maniculatus,1,51,10.43375556643975,3.567976622213593e-07,1.4464723531203886e-06,-2.0193606811476426,unnamed_51
Peromyscus_maniculatus,1,52,330.01743953885784,1.1285433147244242e-05,2.6481776082607227e-06,2.091390002474189,unnamed_52
Peromyscus_maniculatus,1,53,31.6256414515469,1.0814854597952987e-06,3.064001561399167e-07,1.8195253313198985,unnamed_53
Peromyscus_maniculatus,1,54,42.47323334860719,1.4524348657840326e-06,3.5537980395131967e-07,2.031039866442407,unnamed_54
Peromyscus_maniculatus,1,55,57.52162829376711,1.9670369285242174e-06,6.873962506761108e-07,1.516810154737534,unnamed_55
Peromyscus_maniculatus,1,56,3.614349402745181,1.2359800928235533e-07,1.5139002685882227e-07,-0.29261466101704536,unnamed_56
Peromyscus_maniculatus,1,57,14.468116600236511,4.947585887783925e-07,1.0023285729296299e-07,2.303369236652083,unnamed_57
Peromyscus_maniculatus,1,60,64.35282878890284,2.2006399060244376e-06,4.504149428698078e-07,2.2885964983429856,unnamed_60
Peromyscus_maniculatus,1,61,29.403142657072816,1.0054838351541412e-06,0.0011500390773110096,-10.159577280089044,unnamed_61
Peromyscus_maniculatus,1,62,91.85600251789388,3.1411515010761477e-06,6.348665620842472e-07,2.306768227943586,unnamed_62
Peromyscus_maniculatus,1,64,16.486572019841862,5.637826492355578e-07,2.574055681388583e-07,1.1310958167992724,unnamed_64
Peromyscus_maniculatus,1,65,26.687402655580502,9.126150998686236e-07,5.597521518966019e-07,0.7052183550530848,unnamed_65
Peromyscus_maniculatus,1,67,65.38858353691666,2.2360590674541608e-06,5.756536721502871e-07,1.9576852828933908,unnamed_67
Peromyscus_maniculatus,1,68,21.686096416471084,7.41588055694132e-07,5.68842933783198e-07,0.3825876501477019,unnamed_68
Peromyscus_maniculatus,1,69,34.51802064309934,1.1803946327419062e-06,2.3703386500305942e-07,2.3161041693101105,unnamed_69
Peromyscus_maniculatus,1,72,47.23893627307102,1.615405107080418e-06,5.824091591689039e-07,1.471791056440807,unnamed_72
Peromyscus_maniculatus,1,80,50.36347726252035,1.7222533951633963e-06,6.802805988372902e-07,1.34009557201106,unnamed_80
Peromyscus_maniculatus,1,81,47.40299511924128,1.6210153413251769e-06,4.940423812527973e-07,1.7141910312974187,unnamed_81
Peromyscus_maniculatus,1,82,91.00438908457092,3.1120293235254977e-06,7.585083680097906e-07,2.0366186526200156,unnamed_82
Peromyscus_maniculatus,1,85,43.359153824641325,1.4827302232658327e-06,3.5216459943311707e-07,2.0739343313292036,unnamed_85
Peromyscus_maniculatus,1,86,15.624385633342476,5.342989139550856e-07,5.305038136505874e-07,0.010283962335955039,unnamed_86
Peromyscus_maniculatus,1,87,32.23636816332744,1.1023701605755557e-06,4.672953338631741e-07,1.2382022057185964,unnamed_87
Peromyscus_maniculatus,1,88,47.1049471712265,1.6108231520981644e-06,3.7248178786195045e-07,2.112556319937411,unnamed_88
Peromyscus_maniculatus,1,89,1.8071747013725905,6.179900464117767e-08,1.7608229971655845e-07,-1.5105943859104216,unnamed_89
Peromyscus_maniculatus,1,90,5.764420431644214,1.9712285964290624e-07,4.7313163352302765e-08,2.0587815627388495,unnamed_90
Peromyscus_maniculatus,1,91,0.9754665545448944,3.3357517724128885e-08,6.772396142944553e-09,2.300273666176899,unnamed_91
Peromyscus_maniculatus,1,95,47.31319080780796,1.6179443504271468e-06,3.250750148613384e-07,2.3153174063645445,unnamed_95
Peromyscus_maniculatus,2,0,46392.35547614428,0.025061620451039223,0.04077517685120978,-0.7022114338292129,head_low
Peromyscus_maniculatus,2,1,27751.790901435477,0.014991798611433294,0.04244067230866573,-1.5012740322110705,head_down
Peromyscus_maniculatus,2,2,51369.72274212239,0.027750444676175063,0.02986160508144264,-0.10578082383764653,sniff_floor
Peromyscus_maniculatus,2,3,24649.363695509965,0.013315836002639598,0.03409158934246711,-1.3562728516544962,step_to_stop
Peromyscus_maniculatus,2,4,28432.12015785705,0.015359319368488682,0.03143200346235813,-1.0331199458118177,turn_left
Peromyscus_maniculatus,2,5,12902.570154576377,0.006970099119523611,0.023397705516331056,-1.7471159821643416,enter_rear
Peromyscus_maniculatus,2,6,25095.685981678645,0.013556943823529429,0.026322317845254867,-0.9572545483179891,turn_right
Peromyscus_maniculatus,2,7,16536.21381562233,0.008933030239377731,0.02382739870176507,-1.415399906649961,extend_rear
Peromyscus_maniculatus,2,8,10090.427197716066,0.005450951003081525,0.017154155232421586,-1.6539782236622609,extend_rear_2
Peromyscus_maniculatus,2,9,16567.18795363359,0.00894976278254501,0.024899784486745867,-1.4762119067755664,still
Peromyscus_maniculatus,2,10,12671.91750801135,0.006845498222998475,0.016568283149204797,-1.2751966629283746,motionless_rear
Peromyscus_maniculatus,2,11,9196.07026427198,0.004967810326483272,0.041246050158697124,-3.0535739724203186,start_moving
Peromyscus_maniculatus,2,12,8199.325281364485,0.004429358588223283,0.011388424399465157,-1.3623984589357927,leave_rear_turn_right
Peromyscus_maniculatus,2,13,9350.007078785333,0.00505096855328983,0.034911518752257384,-2.7890711548043234,take_a_step
Peromyscus_maniculatus,2,14,70971.08509701832,0.03833929921093338,0.07085788080866151,-0.8861043517225489,curve_spine
Peromyscus_maniculatus,2,15,8036.083478977782,0.004341173712694321,0.012663089991945754,-1.5444724293621166,leave_rear_turn_left
Peromyscus_maniculatus,2,16,35244.654824589976,0.019039519616458445,0.017639011971229693,0.11022732639042813,brief_walk
Peromyscus_maniculatus,2,17,34412.18362373841,0.018589810239600206,0.016568400775439574,0.16607768698986677,slow_locomotion
Peromyscus_maniculatus,2,18,11766.66624287236,0.0063564723180430235,0.019293884658760446,-1.601845413627758,leave_rear_turn_right_2
Peromyscus_maniculatus,2,19,14050.382215210073,0.007590158823703083,0.027514557823120248,-1.8579931644112608,high_rear
Peromyscus_maniculatus,2,20,13103.370591427522,0.007078573549914498,0.009685420371062483,-0.45235600410426924,enter_wall_rear
Peromyscus_maniculatus,2,21,10839.354250888917,0.005855528984938574,0.016056128338174516,-1.4552526395372485,leave_rear_turn_left_2
Peromyscus_maniculatus,2,22,11535.955693067488,0.006231840141601078,0.019700935956849817,-1.6605340400655277,stopping
Peromyscus_maniculatus,2,23,119222.53573506408,0.06440522170380139,0.04558875032176166,0.4984997981055752,scrunch_idle
Peromyscus_maniculatus,2,24,10000.600207377936,0.005402425552821278,0.008146699273332204,-0.592608367217521,end_and_enter_rear
Peromyscus_maniculatus,2,25,9577.902228492288,0.005174079822074735,0.009276973715208817,-0.8423519427506792,mid_rear
Peromyscus_maniculatus,2,26,224353.3710140888,0.12119796405158913,0.023482111877213278,2.367731394846968,still_2
Peromyscus_maniculatus,2,27,16058.731051633213,0.008675089212667807,0.012216392551226645,-0.49386782710318183,stop_rear_start_walking
Peromyscus_maniculatus,2,28,14805.712170819012,0.00799819571832693,0.04345623456121416,-2.4418166819810203,mid_rear_2
Peromyscus_maniculatus,2,29,13127.464522034665,0.007091589335335447,0.01189681296989446,-0.7463942433953666,mid_rear_3
Peromyscus_maniculatus,2,30,9969.020555401066,0.0053853659048750295,0.00893772171589966,-0.7308627548158421,mid_rear_4
Peromyscus_maniculatus,2,31,83776.90118099019,0.04525713080125533,0.02206763499354126,1.0362131008362325,groom_1
Peromyscus_maniculatus,2,32,3436.06932051382,0.0018561994593798664,0.03514998148245249,-4.243100279420491,slow_locomotion_2
Peromyscus_maniculatus,2,33,11291.169018928384,0.006099603900181928,0.006265057862816775,-0.03861227494828766,jump_1
Peromyscus_maniculatus,2,34,1871.980092743312,0.0010112626120128453,0.016880286297354247,-4.061109772494163,very_slow_locomotion
Peromyscus_maniculatus,2,35,274613.8989551675,0.14834921045846491,0.020439097519108638,2.8595938474311717,groom_2
Peromyscus_maniculatus,2,36,139966.5936105705,0.07561137193598055,0.01768222169679371,2.0963036771423647,groom_3
Peromyscus_maniculatus,2,37,141723.98896709477,0.07656073471257589,0.017299353431300353,2.145886556970891,groom_4
Peromyscus_maniculatus,2,38,3645.932071130615,0.00196956944348153,0.005605467526515181,-1.5089544219863393,brief_fast
Peromyscus_maniculatus,2,39,2579.670956954793,0.0013935643868096899,0.011480408382672877,-3.0423223967877173,paused_in_rear
Peromyscus_maniculatus,2,40,85145.98917289691,0.04599672600535928,0.011858126656289705,1.955655064127589,groom_5
Peromyscus_maniculatus,2,41,15106.009743807685,0.008160419509711705,0.008143393049886337,0.003013282690057357,jump_2
Peromyscus_maniculatus,2,42,58216.45244886647,0.031449117431204925,0.012599242257600195,1.3196825608517742,groom_6
Peromyscus_maniculatus,2,43,178.99468415873434,9.669474186208471e-05,0.011600752846795138,-6.906565278828733,very_fast
Peromyscus_maniculatus,2,44,30898.7933136632,0.016691841198283874,0.008860630076802925,0.9136619032028014,groom_7
Peromyscus_maniculatus,2,45,10647.081875503622,0.0057516614997533515,0.001988821924918044,1.5320646659520314,idle_enter_groom
Peromyscus_maniculatus,2,46,30330.508283023584,0.01638484786716878,0.005825013950637689,1.4920288674905122,groom_9
Peromyscus_maniculatus,2,47,15784.842742770828,0.00852713197332876,0.006212833208441901,0.45680926141779915,groom_10
Peromyscus_maniculatus,2,48,13279.262313586987,0.007173592040267006,0.006494491304343986,0.14347917429261273,groom_11
Peromyscus_maniculatus,2,49,2305.995505047252,0.0012457221349542024,0.0009277460785330262,0.4251804003743876,groom_12
Peromyscus_maniculatus,2,50,0.1827476455908558,9.87221296507384e-08,0.00015063357231778526,-10.575382207827534,unnamed_50
Peromyscus_maniculatus,2,51,0.3186181688702575,1.721207628946019e-07,1.4464723531203886e-06,-3.0710457038340873,unnamed_51
Peromyscus_maniculatus,2,52,14.677717181938572,7.929051528556138e-06,2.6481776082607227e-06,1.5821484171624378,unnamed_52
Peromyscus_maniculatus,2,53,0.6168620394992821,3.332351234576683e-07,3.064001561399167e-07,0.12112343838149822,unnamed_53
Peromyscus_maniculatus,2,54,1.1700089771795903,6.320507033849904e-07,3.5537980395131967e-07,0.8306786005841107,unnamed_54
Peromyscus_maniculatus,2,55,1.9700330712011245,1.0642318243967097e-06,6.873962506761108e-07,0.6305985632700573,unnamed_55
Peromyscus_maniculatus,2,56,0.3856505972548188,2.0833235984507786e-07,1.5139002685882227e-07,0.46061677985515975,unnamed_56
Peromyscus_maniculatus,2,57,0.3320892910542763,1.7939799958069895e-07,1.0023285729296299e-07,0.8398082878875424,unnamed_57
Peromyscus_maniculatus,2,60,2.154642623419623,1.1639597748715545e-06,4.504149428698078e-07,1.3697146053380431,unnamed_60
Peromyscus_maniculatus,2,61,0.5683153273972901,3.070096977305434e-07,0.0011500390773110096,-11.871111035319027,unnamed_61
Peromyscus_maniculatus,2,62,1.1494348863315162,6.209363710630463e-07,6.348665620842472e-07,-0.03200795495552508,unnamed_62
Peromyscus_maniculatus,2,64,0.5134279801581355,2.7735899666235933e-07,2.574055681388583e-07,0.10771126080986541,unnamed_64
Peromyscus_maniculatus,2,65,0.3125973444194974,1.688682525264901e-07,5.597521518966019e-07,-1.7288900444514634,unnamed_65
Peromyscus_maniculatus,2,67,2.6114164630833403,1.410713630849021e-06,5.756536721502871e-07,1.2931521405671225,unnamed_67
Peromyscus_maniculatus,2,68,2.313903583528913,1.2499941590704672e-06,5.68842933783198e-07,1.1358190910199073,unnamed_68
Peromyscus_maniculatus,2,69,0.4819793569006666,2.6037013175784524e-07,2.3703386500305942e-07,0.1354707683489904,unnamed_69
Peromyscus_maniculatus,2,72,0.7610637269289993,4.111343359824841e-07,5.824091591689039e-07,-0.502423180083696,unnamed_72
Peromyscus_maniculatus,2,80,0.6365227374796062,3.4385603169844014e-07,6.802805988372902e-07,-0.9843252923357472,unnamed_80
Peromyscus_maniculatus,2,81,3.597004880758669,1.9431384795381717e-06,4.940423812527973e-07,1.975682006246016,unnamed_81
Peromyscus_maniculatus,2,82,8.995610915429175,4.859520155290215e-06,7.585083680097906e-07,2.6795768627364827,unnamed_82
Peromyscus_maniculatus,2,85,0.640846175358715,3.4619159664352224e-07,3.5216459943311707e-07,-0.024679187172016788,unnamed_85
Peromyscus_maniculatus,2,86,0.3756143666575183,2.0291068639463213e-07,5.305038136505874e-07,-1.3865182749631864,unnamed_86
Peromyscus_maniculatus,2,87,0.7636318366725514,4.125216548846816e-07,4.672953338631741e-07,-0.17986477728397016,unnamed_87
Peromyscus_maniculatus,2,88,4.895052828773501,2.64435713219154e-06,3.7248178786195045e-07,2.8276752391574624,unnamed_88
Peromyscus_maniculatus,2,89,0.1928252986274094,1.0416617992253893e-07,1.7608229971655845e-07,-0.7573629450382168,unnamed_89
Peromyscus_maniculatus,2,90,0.2217573337532466,1.1979555842160473e-07,4.7313163352302765e-08,1.3402608916954728,unnamed_90
Peromyscus_maniculatus,2,91,0.0245334454551055,1.325321579475076e-08,6.772396142944553e-09,0.9686041919511379,unnamed_91
Peromyscus_maniculatus,2,95,0.6868091921920062,3.7102128400986e-07,3.250750148613384e-07,0.19072927556290178,unnamed_95
Peromyscus_polionotus,1,0,318041.2456684245,0.047121332160694855,0.04077517685120978,0.2086891917307858,head_low
Peromyscus_polionotus,1,1,297474.8815914447,0.044074197594948926,0.04244067230866573,0.054486794030129494,head_down
Peromyscus_polionotus,1,2,240072.22340483736,0.035569358175039374,0.02986160508144264,0.25234322879093285,sniff_floor
Peromyscus_polionotus,1,3,118052.65780952724,0.01749080843085083,0.03409158934246711,-0.9628188865397925,step_to_stop
Peromyscus_polionotus,1,4,231701.9362819453,0.034329207455062044,0.03143200346235813,0.12720231891775102,turn_left
Peromyscus_polionotus,1,5,215315.6199146993,0.031901393242448145,0.023397705516331056,0.4472523731542278,enter_rear
Peromyscus_polionotus,1,6,201891.00443511357,0.029912387810735463,0.026322317845254867,0.18445654779072768,turn_right
Peromyscus_polionotus,1,7,131890.50734808834,0.019541039064068958,0.02382739870176507,-0.28611427501743314,extend_rear
Peromyscus_polionotus,1,8,195691.14796260904,0.028993810424410866,0.017154155232421586,0.7571868665345801,extend_rear_2
Peromyscus_polionotus,1,9,143489.93439340524,0.021259622619253387,0.024899784486745867,-0.228017267760035,still
Peromyscus_polionotus,1,10,78229.11848450397,0.011590510120784126,0.016568283149204797,-0.5154800507573337,motionless_rear
Peromyscus_polionotus,1,11,138007.21505097713,0.020447297039483243,0.041246050158697124,-1.0123458256815696,start_moving
Peromyscus_polionotus,1,12,100119.7612413534,0.014833851236458234,0.011388424399465157,0.38132504344190615,leave_rear_turn_right
Peromyscus_polionotus,1,13,147686.20948273374,0.021881347238355293,0.034911518752257384,-0.6740015518220899,take_a_step
Peromyscus_polionotus,1,14,474027.5452852917,0.07023242965786394,0.07085788080866151,-0.012790973120158066,curve_spine
Peromyscus_polionotus,1,15,121709.66489847048,0.0180326345244757,0.012663089991945754,0.5099806985681243,leave_rear_turn_left
Peromyscus_polionotus,1,16,281424.4504922387,0.0416961485039938,0.017639011971229693,1.2411443750242037,brief_walk
Peromyscus_polionotus,1,17,217854.95250669573,0.03227762348353672,0.016568400775439574,0.9621000040353176,slow_locomotion
Peromyscus_polionotus,1,18,162981.12544823828,0.024147458396566016,0.019293884658760446,0.3237277014655591,leave_rear_turn_right_2
Peromyscus_polionotus,1,19,120324.13017824768,0.017827352213891808,0.027514557823120248,-0.6261026994808689,high_rear
Peromyscus_polionotus,1,20,130865.53876613466,0.019389178619355227,0.009685420371062483,1.001365116269305,enter_wall_rear
Peromyscus_polionotus,1,21,132321.54398446932,0.019604901914541856,0.016056128338174516,0.28809037045308683,leave_rear_turn_left_2
Peromyscus_polionotus,1,22,272891.09941245575,0.0404318380532245,0.019700935956849817,1.0372276195810697,stopping
Peromyscus_polionotus,1,23,262450.6191055527,0.038884965290149995,0.04558875032176166,-0.22946541161310222,scrunch_idle
Peromyscus_polionotus,1,24,98981.89963569256,0.014665264440237642,0.008146699273332204,0.8481155268858098,end_and_enter_rear
Peromyscus_polionotus,1,25,78087.94650614847,0.011569593929018209,0.009276973715208817,0.3186120705071729,mid_rear
Peromyscus_polionotus,1,26,87398.14136006762,0.012949002386780616,0.023482111877213278,-0.8587212093820021,still_2
Peromyscus_polionotus,1,27,41537.13871097657,0.006154187033481063,0.012216392551226645,-0.9891781315681405,stop_rear_start_walking
Peromyscus_polionotus,1,28,202439.38080632064,0.029993635842205144,0.04345623456121416,-0.5349067549106371,mid_rear_2
Peromyscus_polionotus,1,29,247980.0804944492,0.03674099476517961,0.01189681296989446,1.6268155454738114,mid_rear_3
Peromyscus_polionotus,1,30,109867.5151336176,0.016278088910765928,0.00893772171589966,0.8649523025399288,mid_rear_4
Peromyscus_polionotus,1,31,98415.2236801807,0.01458130512272512,0.02206763499354126,-0.5978121669561478,groom_1
Peromyscus_polionotus,1,32,115060.18002782852,0.017047439712310677,0.03514998148245249,-1.0439688464200978,slow_locomotion_2
Peromyscus_polionotus,1,33,67073.85813771233,0.009937734780166147,0.006265057862816775,0.6655892054784517,jump_1
Peromyscus_polionotus,1,34,31146.710559382645,0.004614730051434344,0.016880286297354247,-1.8710212111177078,very_slow_locomotion
Peromyscus_polionotus,1,35,84918.10951980403,0.012581558208688082,0.020439097519108638,-0.7000208869288499,groom_2
Peromyscus_polionotus,1,36,92461.2232035322,0.013699154024506903,0.01768222169679371,-0.3682127507183148,groom_3
Peromyscus_polionotus,1,37,79435.26352365971,0.011769213863767468,0.017299353431300353,-0.555700160336687,groom_4
Peromyscus_polionotus,1,38,179281.97838080808,0.026562610255011016,0.005605467526515181,2.2444903126465303,brief_fast
Peromyscus_polionotus,1,39,44769.660580228185,0.006633120941558251,0.011480408382672877,-0.7914142268168165,paused_in_rear
Peromyscus_polionotus,1,40,77093.78648071707,0.011422298113090996,0.011858126656289705,-0.05402316788843369,groom_5
Peromyscus_polionotus,1,41,75664.0507602939,0.011210466934897497,0.008143393049886337,0.461144427690061,jump_2
Peromyscus_polionotus,1,42,67392.0990376485,0.009984885693317345,0.012599242257600195,-0.33551915296439055,groom_6
Peromyscus_polionotus,1,43,1857.6114550004656,0.00027522570606407036,0.011600752846795138,-5.397459399881122,very_fast
Peromyscus_polionotus,1,44,21369.573800157465,0.003166138980035049,0.008860630076802925,-1.48468470700745,groom_7
Peromyscus_polionotus,1,45,31455.91855401657,0.004660542639645238,0.001988821924918044,1.2285838355975431,idle_enter_groom
Peromyscus_polionotus,1,46,30992.684110079244,0.004591909327462194,0.005825013950637689,-0.3431673503387888,groom_9
Peromyscus_polionotus,1,47,23938.383730937465,0.0035467366152618107,0.006212833208441901,-0.808759125722889,groom_10
Peromyscus_polionotus,1,48,24113.447773071355,0.003572674291557373,0.006494491304343986,-0.8622121333935749,groom_11
Peromyscus_polionotus,1,49,1939.6173747794755,0.0002873757911164937,0.0009277460785330262,-1.6907914653011862,groom_12
Peromyscus_polionotus,1,51,2.4648881553947497,3.652004734958495e-07,1.4464723531203886e-06,-1.9857782079051904,unnamed_51
Peromyscus_polionotus,1,52,28.73571457301873,4.2575142995189455e-06,2.6481776082607227e-06,0.6850114912097383,unnamed_52
Peromyscus_polionotus,1,54,3.0668579720028157,4.543889673325073e-07,3.5537980395131967e-07,0.35456611021370554,unnamed_54
Peromyscus_polionotus,1,58,29.079578390162617,4.308461531572534e-06,3.1879547339901934e-07,3.7564697530740334,unnamed_58
Peromyscus_polionotus,1,65,18.04864299486789,2.6741063091471985e-06,5.597521518966019e-07,2.2561967464797257,unnamed_65
Peromyscus_polionotus,1,66,24.39969044268169,3.6150843125750072e-06,3.610548802285271e-07,3.3237392466461793,unnamed_66
Peromyscus_polionotus,1,74,70.97288942233061,1.0515419438271733e-05,7.958462588203534e-07,3.72387282852189,unnamed_74
Peromyscus_polionotus,1,80,41.86083553736449,6.202146302548604e-06,6.802805988372902e-07,3.1885657080333645,unnamed_80
Peromyscus_polionotus,1,82,6.925219076264413,1.0260478878844792e-06,7.585083680097906e-07,0.4358610644676567,unnamed_82
Peromyscus_polionotus,2,0,55938.60775988154,0.02903884545260823,0.04077517685120978,-0.4897070394845933,head_low
Peromyscus_polionotus,2,1,49923.88716027687,0.025916484190378113,0.04244067230866573,-0.7115774937335767,head_down
Peromyscus_polionotus,2,2,53886.25179755662,0.027973426594500087,0.02986160508144264,-0.09423472635757933,sniff_floor
Peromyscus_polionotus,2,3,18481.81594921756,0.009594278773197967,0.03409158934246711,-1.8291695946902182,step_to_stop
Peromyscus_polionotus,2,4,38932.269296842685,0.02021051643049926,0.03143200346235813,-0.6371280450828274,turn_left
Peromyscus_polionotus,2,5,25630.575780541432,0.013305342387986568,0.023397705516331056,-0.8143614237318147,enter_rear
Peromyscus_polionotus,2,6,33603.14126136975,0.017444059923688478,0.026322317845254867,-0.5935506815432057,turn_right
Peromyscus_polionotus,2,7,11941.936998222158,0.006199297350851548,0.02382739870176507,-1.9424448474218374,extend_rear
Peromyscus_polionotus,2,8,16086.953459206135,0.008351057954649703,0.017154155232421586,-1.0385271989359928,extend_rear_2
Peromyscus_polionotus,2,9,33252.50790605102,0.01726203916515733,0.024899784486745867,-0.5285303553078519,still
Peromyscus_polionotus,2,10,8690.861391619423,0.004511599249745263,0.016568283149204797,-1.8767132855293704,motionless_rear
Peromyscus_polionotus,2,11,15200.670320463869,0.007890970724669566,0.041246050158697124,-2.3859812768249173,start_moving
Peromyscus_polionotus,2,12,8902.75345873401,0.004621596642172093,0.011388424399465157,-1.3011049057590995,leave_rear_turn_right
Peromyscus_polionotus,2,13,21806.38202351037,0.011320127239838065,0.034911518752257384,-1.6248129453137048,take_a_step
Peromyscus_polionotus,2,14,193335.7227158853,0.10036442445107432,0.07085788080866151,0.5022477532020634,curve_spine
Peromyscus_polionotus,2,15,12392.48088083989,0.006433183654084457,0.012663089991945754,-0.9770247075275612,leave_rear_turn_left
Peromyscus_polionotus,2,16,30859.791156711774,0.016019932243330058,0.017639011971229693,-0.13890170642354305,brief_walk
Peromyscus_polionotus,2,17,28657.35604657629,0.014876604310372616,0.016568400775439574,-0.1553890979245169,slow_locomotion
Peromyscus_polionotus,2,18,31746.53941821753,0.016480260927800864,0.019293884658760446,-0.22740456242070664,leave_rear_turn_right_2
Peromyscus_polionotus,2,19,18030.64966362073,0.009360069368181819,0.027514557823120248,-1.555604016920865,high_rear
Peromyscus_polionotus,2,20,10335.196227081558,0.005365206214085379,0.009685420371062483,-0.8521810440275182,enter_wall_rear
Peromyscus_polionotus,2,21,21713.709006433863,0.011272018830846848,0.016056128338174516,-0.510378126554656,leave_rear_turn_left_2
Peromyscus_polionotus,2,22,33686.20413704509,0.017487179516867114,0.019700935956849817,-0.17196655349237436,stopping
Peromyscus_polionotus,2,23,97943.577171165,0.05084446171341557,0.04558875032176166,0.15741277295609843,scrunch_idle
Peromyscus_polionotus,2,24,8286.293039182341,0.004301579759952698,0.008146699273332204,-0.9213490651450397,end_and_enter_rear
Peromyscus_polionotus,2,25,6247.509809197586,0.0032432067775389844,0.009276973715208817,-1.516233245018551,mid_rear
Peromyscus_polionotus,2,26,36664.55033169008,0.019033298348102804,0.023482111877213278,-0.3030365708474711,still_2
Peromyscus_polionotus,2,27,3730.759844465241,0.0019367117431535494,0.012216392551226645,-2.657137179552211,stop_rear_start_walking
Peromyscus_polionotus,2,28,35291.41570330342,0.018320476812920764,0.04345623456121416,-1.2461061200335555,mid_rear_2
Peromyscus_polionotus,2,29,30346.914897362487,0.015753687961822627,0.01189681296989446,0.4051144626292594,mid_rear_3
Peromyscus_polionotus,2,30,8921.567226950614,0.004631363243978994,0.00893772171589966,-0.9484702118389935,mid_rear_4
Peromyscus_polionotus,2,31,113728.0723507805,0.059038507550877875,0.02206763499354126,1.4197242285157128,groom_1
Peromyscus_polionotus,2,32,13304.812649937849,0.006906793246909196,0.03514998148245249,-2.3474359865630112,slow_locomotion_2
Peromyscus_polionotus,2,33,8374.901355916132,0.004347578102036815,0.006265057862816775,-0.5271158890006906,jump_1
Peromyscus_polionotus,2,34,3833.700317034066,0.0019901501927942007,0.016880286297354247,-3.0843901556178803,very_slow_locomotion
Peromyscus_polionotus,2,35,119375.08075396168,0.06196998208798934,0.020439097519108638,1.600238055299328,groom_2
Peromyscus_polionotus,2,36,113666.90033188416,0.05900675193746719,0.01768222169679371,1.7385804918148655,groom_3
Peromyscus_polionotus,2,37,99324.84369929458,0.05156150467972232,0.017299353431300353,1.5755762476782704,groom_4
Peromyscus_polionotus,2,38,19023.867036098167,0.009875668288770309,0.005605467526515181,0.8170436723181624,brief_fast
Peromyscus_polionotus,2,39,4313.6559840156215,0.0022393047391033884,0.011480408382672877,-2.358051184718034,paused_in_rear
Peromyscus_polionotus,2,40,92925.30086673536,0.04823937453161891,0.011858126656289705,2.024335090171082,groom_5
Peromyscus_polionotus,2,41,16917.210705470647,0.008782061027941677,0.008143393049886337,0.10892952273781653,jump_2
Peromyscus_polionotus,2,42,115972.94653307826,0.06020386645148046,0.012599242257600195,2.256519173740592,groom_6
Peromyscus_polionotus,2,43,206.74939597586211,0.00010732772940890003,0.011600752846795138,-6.756051761985203,very_fast
Peromyscus_polionotus,2,44,30532.677880636835,0.015850121226398582,0.008860630076802925,0.8390126774023638,groom_7
Peromyscus_polionotus,2,45,15038.874719971263,0.00780697940586906,0.001988821924918044,1.9728503580092258,idle_enter_groom
Peromyscus_polionotus,2,46,58007.18554101005,0.03011268537995749,0.005825013950637689,2.3700379599507078,groom_9
Peromyscus_polionotus,2,47,48634.1900405272,0.025246976727806902,0.006212833208441901,2.022787409626012,groom_10
Peromyscus_polionotus,2,48,49160.79714807036,0.025520348966097717,0.006494491304343986,1.9743596238241345,groom_11
Peromyscus_polionotus,2,49,3455.6079147679984,0.0017938748960735702,0.0009277460785330262,0.9512773779877999,groom_12
Peromyscus_polionotus,2,51,0.7504087958642016,3.895521522973373e-07,1.4464723531203886e-06,-1.8926503580057874,unnamed_51
Peromyscus_polionotus,2,52,7.856503504744782,4.078467452237531e-06,2.6481776082607227e-06,0.6230272546439273,unnamed_52
Peromyscus_polionotus,2,54,0.7646510974831818,3.9694561474063416e-07,3.5537980395131967e-07,0.1595796621123659,unnamed_54
Peromyscus_polionotus,2,58,4.993195657637111,2.592067318499627e-06,3.1879547339901934e-07,3.023400137246364,unnamed_58
Peromyscus_polionotus,2,65,2.6033667343250406,1.3514595246817123e-06,5.597521518966019e-07,1.2716582302975716,unnamed_65
Peromyscus_polionotus,2,66,0.818670732284145,4.2498828310887583e-07,3.610548802285271e-07,0.23520492384431482,unnamed_66
Peromyscus_polionotus,2,74,40.506619536007605,2.1027792996974242e-05,7.958462588203534e-07,4.723663869021231,unnamed_74
Peromyscus_polionotus,2,80,7.588190845417787,3.9391810066287986e-06,6.802805988372902e-07,2.533693860694563,unnamed_80
Peromyscus_polionotus,2,82,5.074780923735588,2.6344198551164343e-06,7.585083680097906e-07,1.7962482886411586,unnamed_82
