species,aligned_arm,moseq_cluster,soft_frames,p_syllable_given_species_arm,p_syllable_repertoire,log2_enrichment_vs_repertoire,moseq_label
Mus_caroli,1,0,44425.52815296234,0.0246059283614892,0.0440218136666582,-0.8392126093838709,head_low
Mus_caroli,1,1,124591.8038573097,0.0690075532605065,0.0400574498068412,0.7846836892072013,head_down
Mus_caroli,1,2,21016.291778427963,0.011640275117127,0.0378045809489102,-1.6994358203736244,sniff_floor
Mus_caroli,1,3,21126.15047011347,0.011701122454455,0.0342371555238016,-1.5489158342472575,step_to_stop
Mus_caroli,1,4,51739.00378618978,0.0286566367038883,0.0277448389479136,0.0466498669597134,turn_left
Mus_caroli,1,5,53783.42494942747,0.0297889784626657,0.0228871192896641,0.3802427482147748,enter_rear
Mus_caroli,1,6,45756.96300837097,0.0253433690185225,0.0237744585481498,0.0921958332336919,turn_right
Mus_caroli,1,7,10242.183601937417,0.0056728292594915,0.0297637467758214,-2.3914155964595314,extend_rear
Mus_caroli,1,8,28604.617305843447,0.0158432143296526,0.0208366905515363,-0.3952610693245658,extend_rear_2
Mus_caroli,1,9,31329.635677174112,0.0173525178678759,0.022562401078726,-0.3787755730471954,still
Mus_caroli,1,10,5355.810186272178,0.0029664178962014,0.0235112544512586,-2.986557333667869,motionless_rear
Mus_caroli,1,11,492767.3680830353,0.2729286304978291,0.0319643682940132,3.0939872153986774,start_moving
Mus_caroli,1,12,13074.054583899384,0.0072413151595627,0.0140684841888752,-0.9581431499741152,syllable_12
Mus_caroli,1,13,74294.43984105483,0.0411493963131211,0.0270332803071473,0.6061346634175857,take_a_step
Mus_caroli,1,14,86485.96488148578,0.0479019056075355,0.0491506315762137,-0.0371269046631832,curve_spine
Mus_caroli,1,15,17676.510342538266,0.0097904732988665,0.014815018687783,-0.597609885609512,syllable_15
Mus_caroli,1,16,3579.325891724355,0.0019824780961736,0.0303697207725121,-3.9372561326063034,brief_walk
Mus_caroli,1,17,4258.895500720467,0.0023588707202079,0.027529556850223,-3.5448125697152593,slow_locomotion
Mus_caroli,1,18,62855.62150414124,0.0348137880212157,0.0156704662802541,1.1516106404973658,leave_rear_turn_right_2
Mus_caroli,1,19,31452.836504482413,0.0174207550021737,0.0224348141792228,-0.3649320655592616,high_rear
Mus_caroli,1,20,21573.33808928591,0.0119488058693514,0.014062444764811,-0.2349809650486802,enter_wall_rear
Mus_caroli,1,21,58465.45536939872,0.0323822105499345,0.0139893132140278,1.2108762779127011,leave_rear_turn_left_2
Mus_caroli,1,22,44774.626427988485,0.0247992831172692,0.0214935770274076,0.2063928072018829,stopping
Mus_caroli,1,23,34663.66690630332,0.0191991348241551,0.0390727338611411,-1.0251208642100338,scrunch_idle
Mus_caroli,1,24,24136.166194362875,0.0133682772268828,0.0111177040813219,0.2659546474466849,end_and_enter_rear
Mus_caroli,1,25,5071.019072624744,0.0028086808915614,0.0097603954438278,-1.7970465122289565,syllable_25
Mus_caroli,1,26,7434.759773396913,0.0041178838828703,0.0313140152909831,-2.9268331538224803,still_2
Mus_caroli,1,27,106786.12143173932,0.0591455355331652,0.0177503617382067,1.7364207913310106,stop_rear_start_walking
Mus_caroli,1,28,59510.42335501639,0.0329609860527406,0.0277613688277636,0.2476806897504474,mid_rear_2
Mus_caroli,1,29,34450.69699808892,0.0190811773676532,0.0131504930804202,0.5370332640607435,mid_rear_3
Mus_caroli,1,30,10102.856727638871,0.0055956604056736,0.010068019056331,-0.8473994230234642,syllable_30
Mus_caroli,1,31,17656.767648782894,0.0097795384303707,0.0195135016227416,-0.996634333342236,groom_1
Mus_caroli,1,32,21697.49510160077,0.0120175726050012,0.0199613838030456,-0.7320661701193049,slow_locomotion_2
Mus_caroli,1,33,9050.4125526465,0.0050127440724076,0.0105135865559722,-1.0685822731927797,jump_1
Mus_caroli,1,34,8727.415413213197,0.004833845929734,0.0177958111961424,-1.8802940845086864,very_slow_locomotion
Mus_caroli,1,35,4327.764482294648,0.0023970151227034,0.0267844393954166,-3.4820836363682925,groom_2
Mus_caroli,1,36,4699.185628261662,0.0026027338274567,0.0207472155908832,-2.99481756078971,groom_3
Mus_caroli,1,37,7449.313537317545,0.004125944763344,0.020358410842027,-2.3028282594348592,groom_4
Mus_caroli,1,38,9918.086675054334,0.0054933219785065,0.0105878407057568,-0.9466575086522128,brief_fast
Mus_caroli,1,39,27946.78815382296,0.0154788630734788,0.0100894235015325,0.6174557164560073,paused_in_rear
Mus_caroli,1,40,7454.798454718696,0.0041289826897402,0.013483371824689,-1.7073228027175675,groom_5
Mus_caroli,1,41,20878.707186702733,0.0115640712598317,0.0117746621438971,-0.0260362581563448,jump_2
Mus_caroli,1,42,7666.642258250515,0.004246316431628,0.0138852700753924,-1.709271214032439,groom_6
Mus_caroli,1,43,10518.800724326558,0.0058260389427537,0.0058066365556676,0.0048126071734872,syllable_43
Mus_caroli,1,44,8557.839155640868,0.0047399228765005,0.0071950872897696,-0.602148500623451,groom_7
Mus_caroli,1,45,704.1318303980138,0.0003899968800857,0.0032698858088472,-3.067702508883612,idle_enter_groom
Mus_caroli,1,46,2174.5369756232367,0.0012044088898024,0.0057215115825484,-2.248070139589487,syllable_46
Mus_caroli,1,47,2233.5867019372185,0.0012371147099885,0.0049718964811887,-2.006816103949535,groom_10
Mus_caroli,1,48,2092.4766599147283,0.0011589582146254,0.0049070628285724,-2.0820302405584252,groom_11
Mus_caroli,1,49,336.1689196906874,0.0001861935850663,0.0007070572672764,-1.925017992711085,syllable_49
Mus_caroli,1,51,2.8410709140618127,1.5735814584042085e-06,4.2424071960458036e-07,1.888616738714205,syllable_51
Mus_caroli,1,52,0.2986943290559772,1.654375663791492e-07,5.476158126474354e-06,-5.04037452788688,syllable_52
Mus_caroli,1,56,0.3852800168760491,2.133947054433225e-07,6.317861649402589e-07,-1.561448779127528,syllable_56
Mus_caroli,1,62,0.6718797046699837,3.721334234615234e-07,1.3354355149989752e-06,-1.8406267264795997,62
Mus_caroli,2,0,18521.090032093864,0.0248198883563509,0.0440218136666582,-0.8267219330642593,head_low
Mus_caroli,2,1,51152.38850997453,0.0685486960960862,0.0400574498068412,0.7750586317563077,head_down
Mus_caroli,2,2,8878.045872323317,0.0118973617099098,0.0378045809489102,-1.667919294406249,sniff_floor
Mus_caroli,2,3,8648.93797478145,0.0115903369922126,0.0342371555238016,-1.5626402493251197,step_to_stop
Mus_caroli,2,4,21011.43262091643,0.0281571662874303,0.0277448389479136,0.021282720435869,turn_left
Mus_caroli,2,5,22064.384469461987,0.0295682143024352,0.0228871192896641,0.3695112158704661,enter_rear
Mus_caroli,2,6,18730.768528001183,0.025100875968318,0.0237744585481498,0.0783252241266884,turn_right
Mus_caroli,2,7,4171.728824330107,0.0055904832541402,0.0297637467758214,-2.4125110369053577,extend_rear
Mus_caroli,2,8,11913.98301168132,0.0159657842879111,0.0208366905515363,-0.3841427101990213,extend_rear_2
Mus_caroli,2,9,12803.181012222858,0.0171573877551956,0.022562401078726,-0.395090670099553,still
Mus_caroli,2,10,2231.620732271465,0.0029905679057073,0.0235112544512586,-2.9748597136665276,motionless_rear
Mus_caroli,2,11,201830.78507178448,0.2704709897568603,0.0319643682940132,3.0809373340974986,start_moving
Mus_caroli,2,12,5442.140006274528,0.0072929458871646,0.0140684841888752,-0.9478932036570036,syllable_12
Mus_caroli,2,13,30458.9070122361,0.0408176122566317,0.0270332803071473,0.594455188373693,take_a_step
Mus_caroli,2,14,35566.90338652152,0.047662776310946,0.0491506315762137,-0.0443469645476082,curve_spine
Mus_caroli,2,15,7495.181317865938,0.0100442016748302,0.014815018687783,-0.5606974983738936,syllable_15
Mus_caroli,2,16,1573.6540126930506,0.0021088346765165,0.0303697207725121,-3.848115103770652,brief_walk
Mus_caroli,2,17,1644.5668967451334,0.0022038641732767,0.027529556850223,-3.642873567721424,slow_locomotion
Mus_caroli,2,18,26010.287316018595,0.0348560708997972,0.0156704662802541,1.1533617938921694,leave_rear_turn_right_2
Mus_caroli,2,19,13212.42982493883,0.0177058171307873,0.0224348141792228,-0.3415157912435617,high_rear
Mus_caroli,2,20,8896.148529775162,0.011921620861835,0.014062444764811,-0.2382670134835981,enter_wall_rear
Mus_caroli,2,21,24292.966618591752,0.0325547102396889,0.0139893132140278,1.218541101610866,leave_rear_turn_left_2
Mus_caroli,2,22,18702.03221790393,0.0250623667873167,0.0214935770274076,0.2216170532417552,stopping
Mus_caroli,2,23,14608.450051914197,0.0195766069232183,0.0390727338611411,-0.9970314311737146,scrunch_idle
Mus_caroli,2,24,9708.436058581898,0.0130101575377706,0.0111177040813219,0.2267795249746116,end_and_enter_rear
Mus_caroli,2,25,2398.2214271097755,0.0032138274783789,0.0097603954438278,-1.6026468131658882,syllable_25
Mus_caroli,2,26,3126.073008471799,0.004189212564143,0.0313140152909831,-2.902057219239836,still_2
Mus_caroli,2,27,47086.23170146255,0.0630996886212668,0.0177503617382067,1.8297844016384672,stop_rear_start_walking
Mus_caroli,2,28,24801.06430796904,0.0332356057972728,0.0277613688277636,0.2596509375662769,mid_rear_2
Mus_caroli,2,29,14071.319417286611,0.0188568046674584,0.0131504930804202,0.5199683005785574,mid_rear_3
Mus_caroli,2,30,3979.818107140916,0.0053333060271644,0.010068019056331,-0.9166777071672854,syllable_30
Mus_caroli,2,31,7356.832916268891,0.0098588026580354,0.0195135016227416,-0.984988266396591,groom_1
Mus_caroli,2,32,8908.479102800315,0.0119381449133527,0.0199613838030456,-0.7416330175412928,slow_locomotion_2
Mus_caroli,2,33,3373.3836540996867,0.0045206305640115,0.0105135865559722,-1.2176587982828937,jump_1
Mus_caroli,2,34,3588.0808502787386,0.0048083436754079,0.0177958111961424,-1.8879255573407896,very_slow_locomotion
Mus_caroli,2,35,1663.3348679615835,0.0022290149041171,0.0267844393954166,-3.5869163388584595,groom_2
Mus_caroli,2,36,2067.8632451225317,0.0027711184812128,0.0207472155908832,-2.9043769787211837,groom_3
Mus_caroli,2,37,2589.3934596832883,0.0034700148030509,0.020358410842027,-2.552610883072606,groom_4
Mus_caroli,2,38,4165.269634083196,0.0055818273715478,0.0105878407057568,-0.9235988603707312,brief_fast
Mus_caroli,2,39,11602.391161734637,0.0155482238249457,0.0100894235015325,0.6239059882938085,paused_in_rear
Mus_caroli,2,40,3129.2823103684573,0.0041935133107318,0.013483371824689,-1.6849497429321414,groom_5
Mus_caroli,2,41,8822.842975201527,0.0118233849762977,0.0117746621438971,0.0059574660777506,jump_2
Mus_caroli,2,42,3168.5402401041665,0.004246122386734,0.0138852700753924,-1.7093371426888295,groom_6
Mus_caroli,2,43,4184.044389069563,0.005606987193236,0.0058066365556676,-0.050476953421894,syllable_43
Mus_caroli,2,44,3461.112739847082,0.0046381952489238,0.0071950872897696,-0.6334485263224231,groom_7
Mus_caroli,2,45,374.51043414689906,0.0005018768953505,0.0032698858088472,-2.7038323852018675,idle_enter_groom
Mus_caroli,2,46,877.3431309481042,0.0011757169001721,0.0057215115825484,-2.282854655442738,syllable_46
Mus_caroli,2,47,914.552810552462,0.0012255811409892,0.0049718964811887,-2.0203293690436306,groom_10
Mus_caroli,2,48,801.9554040641733,0.0010746907207488,0.0049070628285724,-2.1909371605563632,groom_11
Mus_caroli,2,49,135.92873535541045,0.0001821564513802,0.0007070572672764,-1.956643098036916,syllable_49
Mus_caroli,2,51,1.1013330002793955,1.4758830102727646e-06,4.2424071960458036e-07,1.796203892900236,syllable_51
Mus_caroli,2,52,0.0670385134256696,8.98374996243537e-08,5.476158126474354e-06,-5.913995726346895,syllable_52
Mus_caroli,2,56,0.0274454483298716,3.6779312786505675e-08,6.317861649402589e-07,-4.066049693317475,syllable_56
Mus_caroli,2,62,0.1999062230585504,2.678919075203089e-07,1.3354355149989752e-06,-2.3132919849633033,62
Mus_musculus,1,0,733467.2491156035,0.0451598018507163,0.0440218136666582,0.036820570695398,head_low
Mus_musculus,1,1,870384.7929488282,0.0535898567125397,0.0400574498068412,0.4198893722981739,head_down
Mus_musculus,1,2,500294.1562857056,0.0308032635297296,0.0378045809489102,-0.295477845132211,sniff_floor
Mus_musculus,1,3,670230.8303810154,0.0412663162952995,0.0342371555238016,0.2694018070334244,step_to_stop
Mus_musculus,1,4,515910.5450580056,0.0317647693412449,0.0277448389479136,0.195208107999638,turn_left
Mus_musculus,1,5,349907.4495207606,0.0215439082051726,0.0228871192896641,-0.0872558962310803,enter_rear
Mus_musculus,1,6,423382.9840875555,0.0260678192399364,0.0237744585481498,0.1328574060194681,turn_right
Mus_musculus,1,7,295730.1200702722,0.0182081935352468,0.0297637467758214,-0.7089683218878805,extend_rear
Mus_musculus,1,8,179830.43426601472,0.0110722145916859,0.0208366905515363,-0.9121822851080568,extend_rear_2
Mus_musculus,1,9,546757.4033231577,0.0336640197967371,0.022562401078726,0.5772868303135619,still
Mus_musculus,1,10,205699.9668134829,0.0126650095872674,0.0235112544512586,-0.8925032948418947,motionless_rear
Mus_musculus,1,11,584448.0278145343,0.0359846430225358,0.0319643682940132,0.1709167590487905,start_moving
Mus_musculus,1,12,147492.1135565204,0.009081134339382,0.0140684841888752,-0.6315224139278539,syllable_12
Mus_musculus,1,13,881824.3324859899,0.0542941926449001,0.0270332803071473,1.0060612836862337,take_a_step
Mus_musculus,1,14,1190112.748124915,0.0732756042619999,0.0491506315762137,0.576122995340578,curve_spine
Mus_musculus,1,15,172609.84429616443,0.0106276406687508,0.014815018687783,-0.4792390529673046,syllable_15
Mus_musculus,1,16,33899.46740460865,0.0020872005296526,0.0303697207725121,-3.8629918798468617,brief_walk
Mus_musculus,1,17,43118.153313342285,0.0026547978279156,0.027529556850223,-3.3743069916116326,slow_locomotion
Mus_musculus,1,18,278886.91518910986,0.0171711522823736,0.0156704662802541,0.1319387392689895,leave_rear_turn_right_2
Mus_musculus,1,19,518403.2981251195,0.0319182489065689,0.0224348141792228,0.5086422510827365,high_rear
Mus_musculus,1,20,71665.406192139,0.0044124608795968,0.014062444764811,-1.672191812508096,enter_wall_rear
Mus_musculus,1,21,235675.93267757873,0.0145106389324613,0.0139893132140278,0.0527859047222514,leave_rear_turn_left_2
Mus_musculus,1,22,279185.5647153142,0.0171895402246335,0.0214935770274076,-0.3223746266978782,stopping
Mus_musculus,1,23,717959.1561743976,0.0442049638464949,0.0390727338611411,0.1780461746911784,scrunch_idle
Mus_musculus,1,24,69638.05844213633,0.0042876364613518,0.0111177040813219,-1.3746041875841997,end_and_enter_rear
Mus_musculus,1,25,111800.0705724254,0.0068835643855054,0.0097603954438278,-0.5037837363948668,syllable_25
Mus_musculus,1,26,356244.99571322976,0.0219341128538693,0.0313140152909831,-0.5136321362151651,still_2
Mus_musculus,1,27,88843.72117362574,0.0054701349633797,0.0177503617382067,-1.6981999095751974,stop_rear_start_walking
Mus_musculus,1,28,880205.8165136058,0.0541945401236823,0.0277613688277636,0.965068783452254,mid_rear_2
Mus_musculus,1,29,126485.0661051125,0.0077877240316715,0.0131504930804202,-0.7558431528659301,mid_rear_3
Mus_musculus,1,30,99340.32177365648,0.0061164138582793,0.010068019056331,-0.7190218267267217,syllable_30
Mus_musculus,1,31,341776.4870815195,0.0210432823721113,0.0195135016227416,0.108887063937677,groom_1
Mus_musculus,1,32,898856.1453614241,0.0553428465494071,0.0199613838030456,1.4711850668731048,slow_locomotion_2
Mus_musculus,1,33,32144.21838477543,0.0019791293130715,0.0105135865559722,-2.409316531890924,jump_1
Mus_musculus,1,34,517889.3033815409,0.0318866020937081,0.0177958111961424,0.8414126357071424,very_slow_locomotion
Mus_musculus,1,35,212417.2848621186,0.0130785969047794,0.0267844393954166,-1.034187269743811,groom_2
Mus_musculus,1,36,218436.1394162156,0.0134491796122678,0.0207472155908832,-0.6253995204300044,groom_3
Mus_musculus,1,37,214329.180537614,0.0131963129036447,0.020358410842027,-0.62549002015551,groom_4
Mus_musculus,1,38,3430.820575356224,0.0002112366674248,0.0105878407057568,-5.647397605007567,brief_fast
Mus_musculus,1,39,282192.33931786276,0.017374668252401,0.0100894235015325,0.7841416288771041,paused_in_rear
Mus_musculus,1,40,157161.81395147173,0.0096765007368842,0.013483371824689,-0.4786239458007886,groom_5
Mus_musculus,1,41,68518.58576735832,0.0042187101879139,0.0117746621438971,-1.4808115575578331,jump_2
Mus_musculus,1,42,202082.63020480095,0.0124422890708812,0.0138852700753924,-0.1583032967203352,groom_6
Mus_musculus,1,43,327415.77094901504,0.0201590887073494,0.0058066365556676,1.7956556043473466,syllable_43
Mus_musculus,1,44,181360.18103886803,0.0111664015662606,0.0071950872897696,0.6340801783136156,groom_7
Mus_musculus,1,45,7775.890042651461,0.0004787639174925,0.0032698858088472,-2.7718513511745084,idle_enter_groom
Mus_musculus,1,46,109047.82484972636,0.006714107778368,0.0057215115825484,0.2307993117386518,syllable_46
Mus_musculus,1,47,128229.019005309,0.0078950997427272,0.0049718964811887,0.6671611263956679,groom_10
Mus_musculus,1,48,140543.91672404608,0.0086533317448522,0.0049070628285724,0.8183958420247199,groom_11
Mus_musculus,1,49,18261.678820751527,0.001124377125224,0.0007070572672764,0.6692262767748408,syllable_49
Mus_musculus,1,50,4.671200510878639,2.876072377200254e-07,0.0003163756533595,-10.09831994610128,syllable_50
Mus_musculus,1,51,8.360293317259933,5.147458050466006e-07,4.2424071960458036e-07,0.2783804305694548,syllable_51
Mus_musculus,1,56,13.288863174252084,8.181993517694467e-07,6.317861649402589e-07,0.3724965162624942,syllable_56
Mus_musculus,1,61,56.38919617095559,3.471899977363769e-06,0.0017961806185691,-9.014576657943731,syllable_61
Mus_musculus,1,64,18.50021402264134,1.1390638102324428e-06,5.405629583921444e-07,1.0739136048624982,64
Mus_musculus,1,66,29.57574316553684,1.820987511785697e-06,7.966946316915272e-07,1.1916045966516249,66
Mus_musculus,1,67,16.003101393031987,9.853158253182506e-07,1.2091539858771654e-06,-0.2950690478409264,67
Mus_musculus,1,68,12.761545652771249,7.857322514167054e-07,5.54788299402464e-07,0.5013372639943846,68
Mus_musculus,1,72,33.98896211714382,2.092710746352351e-06,1.2233793268874849e-06,0.774011551637216,72
Mus_musculus,1,73,9.940551296894482,6.120427700022394e-07,1.8492943313415464e-06,-1.5936951477271408,73
Mus_musculus,1,78,23.37196137014944,1.4390187777453044e-06,6.611506789433883e-07,1.1208561653874949,78
Mus_musculus,1,85,6.471909813123924,3.9847745773079217e-07,7.397177325366192e-07,-0.8908097802064067,85
Mus_musculus,1,86,58.32716201993129,3.591221124747957e-06,1.114317222024386e-06,1.6874220557832542,86
Mus_musculus,2,0,105662.26683294289,0.0382998867937626,0.0440218136666582,-0.2008784516827102,head_low
Mus_musculus,2,1,125672.94874978496,0.0455532505067782,0.0400574498068412,0.1854834213755823,head_down
Mus_musculus,2,2,79906.926324254,0.0289642303159664,0.0378045809489102,-0.3842887232443233,sniff_floor
Mus_musculus,2,3,100026.47522472063,0.0362570555441793,0.0342371555238016,0.0826989200508401,step_to_stop
Mus_musculus,2,4,83291.09996278297,0.0301909072663201,0.0277448389479136,0.1218946791711887,turn_left
Mus_musculus,2,5,51531.86572310377,0.0186789918731036,0.0228871192896641,-0.2931192806331515,enter_rear
Mus_musculus,2,6,66812.60501970451,0.0242178715765849,0.0237744585481498,0.0266595913331023,turn_right
Mus_musculus,2,7,42441.39897662774,0.0153839286709961,0.0297637467758214,-0.9521321259970073,extend_rear
Mus_musculus,2,8,25534.969306120027,0.0092557775166119,0.0208366905515363,-1.170699977349314,extend_rear_2
Mus_musculus,2,9,89699.96116997817,0.0325139566014304,0.022562401078726,0.5271385009800518,still
Mus_musculus,2,10,30838.82881594639,0.011178291815094,0.0235112544512586,-1.072651705940269,motionless_rear
Mus_musculus,2,11,88642.98520242392,0.0321308296715013,0.0319643682940132,0.0074936514394089,start_moving
Mus_musculus,2,12,21085.529632577047,0.0076429686975298,0.0140684841888752,-0.8802617805317344,syllable_12
Mus_musculus,2,13,137036.75039420088,0.0496723398427663,0.0270332803071473,0.8777060991363926,take_a_step
Mus_musculus,2,14,239014.2710265124,0.0866365997701184,0.0491506315762137,0.8177666548103952,curve_spine
Mus_musculus,2,15,26061.675750654504,0.0094466952188708,0.014815018687783,-0.6491787727673071,syllable_15
Mus_musculus,2,16,4883.836987950627,0.001770266807293,0.0303697207725121,-4.100594157741458,brief_walk
Mus_musculus,2,17,6370.12049656856,0.0023090068119297,0.027529556850223,-3.575636479905139,slow_locomotion
Mus_musculus,2,18,46787.8972617878,0.0169594238525836,0.0156704662802541,0.1140390439923014,leave_rear_turn_right_2
Mus_musculus,2,19,82123.04258612041,0.0297675161482257,0.0224348141792228,0.4079995951916439,high_rear
Mus_musculus,2,20,9966.978412375212,0.0036127764083784,0.014062444764811,-1.9606672574184003,enter_wall_rear
Mus_musculus,2,21,39153.07234665459,0.0141919938257215,0.0139893132140278,0.020752148504497,leave_rear_turn_left_2
Mus_musculus,2,22,38216.59745110243,0.0138525454723982,0.0214935770274076,-0.6337544606391541,stopping
Mus_musculus,2,23,135857.36016987814,0.0492448408553686,0.0390727338611411,0.333810378370858,scrunch_idle
Mus_musculus,2,24,9229.437726790586,0.0033454366511466,0.0111177040813219,-1.7325921553049823,end_and_enter_rear
Mus_musculus,2,25,20069.286487414905,0.0072746063806756,0.0097603954438278,-0.4240703616482297,syllable_25
Mus_musculus,2,26,74283.62303996434,0.0269259257664738,0.0313140152909831,-0.2178125564429074,still_2
Mus_musculus,2,27,11500.49335489752,0.0041686366076301,0.0177503617382067,-2.0902006423333988,stop_rear_start_walking
Mus_musculus,2,28,143014.05969758256,0.0518389625787027,0.0277613688277636,0.900958118077033,mid_rear_2
Mus_musculus,2,29,21235.522746536695,0.0076973373899371,0.0131504930804202,-0.7726854268975694,mid_rear_3
Mus_musculus,2,30,15978.519999561857,0.0057918074773339,0.010068019056331,-0.7976941940862824,syllable_30
Mus_musculus,2,31,73771.24376513722,0.026740201299173,0.0195135016227416,0.4545376187935465,groom_1
Mus_musculus,2,32,142922.51536578868,0.0518057800846165,0.0199613838030456,1.375901289580465,slow_locomotion_2
Mus_musculus,2,33,4772.677370612997,0.0017299742706318,0.0105135865559722,-2.603431724436167,jump_1
Mus_musculus,2,34,60551.64863266521,0.0219484339804427,0.0177958111961424,0.3025802943831849,very_slow_locomotion
Mus_musculus,2,35,83098.79637913003,0.0301212021037801,0.0267844393954166,0.1693842411226744,groom_2
Mus_musculus,2,36,44310.740559536265,0.0160615174938582,0.0207472155908832,-0.3693095049830895,groom_3
Mus_musculus,2,37,49660.85642483791,0.0180007985458021,0.020358410842027,-0.1775640327784921,groom_4
Mus_musculus,2,38,573.4001627278436,0.0002078429885923,0.0105878407057568,-5.67076369883066,brief_fast
Mus_musculus,2,39,39984.817388203606,0.0144934802682087,0.0100894235015325,0.5225602795030254,paused_in_rear
Mus_musculus,2,40,34402.19519755211,0.0124699215814322,0.013483371824689,-0.112728919106887,groom_5
Mus_musculus,2,41,11415.455842787123,0.0041378126703375,0.0117746621438971,-1.5087452011561195,jump_2
Mus_musculus,2,42,41764.17016546785,0.0151384504356871,0.0138852700753924,0.1246622921637917,groom_6
Mus_musculus,2,43,47784.57427455787,0.0173206939436313,0.0058066365556676,1.576721924836086,syllable_43
Mus_musculus,2,44,53880.89184762418,0.0195304541532662,0.0071950872897696,1.4406412760642708,groom_7
Mus_musculus,2,45,1760.6772892114484,0.0006382007776131,0.0032698858088472,-2.35715616378375,idle_enter_groom
Mus_musculus,2,46,27611.99937528105,0.0100086481382679,0.0057215115825484,0.8067787632114701,syllable_46
Mus_musculus,2,47,31262.90545571531,0.0113320088210022,0.0049718964811887,1.1885353032200303,groom_10
Mus_musculus,2,48,32345.814937713036,0.011724535990933,0.0049070628285724,1.2565990084857686,groom_11
Mus_musculus,2,49,4970.343194824839,0.0018016231091172,0.0007070572672764,1.3493970239339266,syllable_49
Mus_musculus,2,50,0.3287994891213618,1.1918145984039189e-07,0.0003163756533595,-11.362213074966968,syllable_50
Mus_musculus,2,51,1.6397066827400668,5.943520066932823e-07,4.2424071960458036e-07,0.4854631747619643,syllable_51
Mus_musculus,2,56,0.7111368257479159,2.5776902897685364e-07,6.317861649402589e-07,-1.2900531001723547,syllable_56
Mus_musculus,2,61,14.610803829044396,5.296045119900903e-06,0.0017961806185691,-8.40552972087583,syllable_61
Mus_musculus,2,64,2.499785977358661,9.06108895930124e-07,5.405629583921444e-07,0.7441466873194732,64
Mus_musculus,2,66,1.21120555776798,4.390312373274471e-07,7.966946316915272e-07,-0.8582306262313991,66
Mus_musculus,2,67,0.9968986069680148,3.613504133135892e-07,1.2091539858771654e-06,-1.7397331896713313,67
Mus_musculus,2,68,2.2384543472287524,8.113828205807316e-07,5.54788299402464e-07,0.547624268483169,68
Mus_musculus,2,72,4.011037882856148,1.4538993099756997e-06,1.2233793268874849e-06,0.2488687202869779,72
Mus_musculus,2,73,1.059448703105518,3.840232337329447e-07,1.8492943313415464e-06,-2.264737371284836,73
Mus_musculus,2,78,3.1050038192098266,1.125484984700899e-06,6.611506789433883e-07,0.7665966244853446,78
Mus_musculus,2,85,1.528090186876076,5.538938631758226e-07,7.397177325366192e-07,-0.4167120276004383,85
Mus_musculus,2,86,4.006089971428281,1.4521058178121016e-06,1.114317222024386e-06,0.3816856621144642,86
Mus_spretus,1,0,44185.34196384999,0.0224000612034937,0.0440218136666582,-0.9747158786537112,head_low
Mus_spretus,1,1,62968.66348533405,0.0319223944702675,0.0400574498068412,-0.3275016971508506,head_down
Mus_spretus,1,2,45778.67944087527,0.0232078145311106,0.0378045809489102,-0.7039503676287717,sniff_floor
Mus_spretus,1,3,53535.60088269595,0.0271402388900673,0.0342371555238016,-0.3351294148444954,step_to_stop
Mus_spretus,1,4,41194.94572908621,0.020884059386959,0.0277448389479136,-0.4098172451104342,turn_left
Mus_spretus,1,5,17454.176793889266,0.008848514259765,0.0228871192896641,-1.3710286480786775,enter_rear
Mus_spretus,1,6,36127.012519867174,0.0183148359971162,0.0237744585481498,-0.3763996844053805,turn_right
Mus_spretus,1,7,14264.393954228291,0.0072314320406726,0.0297637467758214,-2.0412027213733563,extend_rear
Mus_spretus,1,8,6705.359270304844,0.0033993277265824,0.0208366905515363,-2.615804437553025,extend_rear_2
Mus_spretus,1,9,83131.95479027327,0.0421443128536091,0.022562401078726,0.9014173239767008,still
Mus_spretus,1,10,13139.057303870151,0.0066609349318535,0.0235112544512586,-1.819554767364525,motionless_rear
Mus_spretus,1,11,48342.913319431034,0.0245077704274962,0.0319643682940132,-0.3832253263889541,start_moving
Mus_spretus,1,12,5612.496757786738,0.0028452936039669,0.0140684841888752,-2.3058170529634174,syllable_12
Mus_spretus,1,13,38067.587600307175,0.0192986238018455,0.0270332803071473,-0.4862385908827178,take_a_step
Mus_spretus,1,14,242292.49686559156,0.1228318378383707,0.0491506315762137,1.3214026759302238,curve_spine
Mus_spretus,1,15,8299.539093159856,0.0042075080871767,0.014815018687783,-1.8160222509730457,syllable_15
Mus_spretus,1,16,888.0373613362758,0.0004501966118355,0.0303697207725121,-6.075931477569854,brief_walk
Mus_spretus,1,17,6732.712717146361,0.0034131947434741,0.027529556850223,-3.0117863800360203,slow_locomotion
Mus_spretus,1,18,29637.805891060576,0.0150250883299756,0.0156704662802541,-0.0606746320710486,leave_rear_turn_right_2
Mus_spretus,1,19,27706.004338872077,0.0140457483253779,0.0224348141792228,-0.6756057062420173,high_rear
Mus_spretus,1,20,630.1066692605987,0.0003194368840172,0.014062444764811,-5.460168301431536,enter_wall_rear
Mus_spretus,1,21,21782.27537370627,0.0110426734259874,0.0139893132140278,-0.34123561941954,leave_rear_turn_left_2
Mus_spretus,1,22,7448.449436887634,0.0037760423670346,0.0214935770274076,-2.508958428683638,stopping
Mus_spretus,1,23,287388.2325246034,0.145693429349983,0.0390727338611411,1.898701680132009,scrunch_idle
Mus_spretus,1,24,511.7553979920205,0.0002594378978806,0.0111177040813219,-5.421320406975263,end_and_enter_rear
Mus_spretus,1,25,5069.654554288559,0.0025700960374946,0.0097603954438278,-1.9251169164281048,syllable_25
Mus_spretus,1,26,94450.72701900148,0.0478824418213413,0.0313140152909831,0.6126881978665435,still_2
Mus_spretus,1,27,1610.5350920895048,0.0008164717761536,0.0177503617382067,-4.44229991447787,stop_rear_start_walking
Mus_spretus,1,28,35480.52788201661,0.0179870961899462,0.0277613688277636,-0.6261163774423674,mid_rear_2
Mus_spretus,1,29,3663.5315654301903,0.0018572523746383,0.0131504930804202,-2.8238744517953625,mid_rear_3
Mus_spretus,1,30,4530.016566839124,0.0022965228702554,0.010068019056331,-2.132256311343864,syllable_30
Mus_spretus,1,31,123381.59897416644,0.0625491451592115,0.0195135016227416,1.6805174295197498,groom_1
Mus_spretus,1,32,21195.947378685953,0.0107454304401909,0.0199613838030456,-0.8934884001854162,slow_locomotion_2
Mus_spretus,1,33,132.6341046593642,6.723976617564887e-05,0.0105135865559722,-7.288703165946468,jump_1
Mus_spretus,1,34,23051.27916354377,0.0116860035734169,0.0177958111961424,-0.6067560195621842,very_slow_locomotion
Mus_spretus,1,35,112725.56549905668,0.0571469961337672,0.0267844393954166,1.0932825377778468,groom_2
Mus_spretus,1,36,65606.37267770134,0.0332595991793402,0.0207472155908832,0.680853025708682,groom_3
Mus_spretus,1,37,48457.05748128113,0.024565636590749,0.020358410842027,0.271016662829397,groom_4
Mus_spretus,1,38,310.16646674420383,0.0001572410109222,0.0105878407057568,-6.073278001573035,brief_fast
Mus_spretus,1,39,47192.303422638,0.0239244608736039,0.0100894235015325,1.24564258913442,paused_in_rear
Mus_spretus,1,40,38277.82844334442,0.0194052068346387,0.013483371824689,0.5252624573918919,groom_5
Mus_spretus,1,41,2991.465456173133,0.0015165438656384,0.0117746621438971,-2.9568257024446165,jump_2
Mus_spretus,1,42,32856.85138282554,0.0166570054506207,0.0138852700753924,0.2625738045228262,groom_6
Mus_spretus,1,43,4715.052458566607,0.0023903280806559,0.0058066365556676,-1.280493735162354,syllable_43
Mus_spretus,1,44,20646.957384643316,0.0104671162092696,0.0071950872897696,0.5407798632823161,groom_7
Mus_spretus,1,45,2026.5106931176028,0.0010273534511175,0.0032698858088472,-1.6703066791709105,idle_enter_groom
Mus_spretus,1,46,8099.753709819213,0.0041062255211607,0.0057215115825484,-0.4785833829263784,syllable_46
Mus_spretus,1,47,26770.61346026685,0.0135715455242071,0.0049718964811887,1.4487166762298245,groom_10
Mus_spretus,1,48,18534.390531859943,0.0093961359996441,0.0049070628285724,0.9372077112400116,groom_11
Mus_spretus,1,49,5625.005985603138,0.0028516352425339,0.0007070572672764,2.0118889472516663,syllable_49
Mus_spretus,1,51,0.8654872185135075,4.3876466275638466e-07,4.2424071960458036e-07,0.0484519301881726,syllable_51
Mus_spretus,1,56,15.8887452930376,8.05490805756242e-06,6.317861649402589e-07,3.670257255308622,syllable_56
Mus_spretus,1,61,81309.50286929506,0.0412204083921763,0.0017961806185691,4.5203536946822815,syllable_61
Mus_spretus,1,74,0.3155544556641879,1.5997248874289548e-07,1.5904423174134318e-06,-3.3054488183025943,74
Mus_spretus,2,0,15697.593955750675,0.0171621952982534,0.0440218136666582,-1.3589844265039308,head_low
Mus_spretus,2,1,20981.561669497212,0.0229391625270282,0.0400574498068412,-0.8042578285625369,head_down
Mus_spretus,2,2,17843.03053108698,0.0195078032691138,0.0378045809489102,-0.9545096986361692,sniff_floor
Mus_spretus,2,3,24432.42641029073,0.0267119964273253,0.0342371555238016,-0.3580750279400648,step_to_stop
Mus_spretus,2,4,16222.832491177476,0.017736439118585,0.0277448389479136,-0.6455030051855339,turn_left
Mus_spretus,2,5,6288.647608177816,0.0068753847702822,0.0228871192896641,-1.735023382160794,enter_rear
Mus_spretus,2,6,15345.700623865769,0.0167774699637222,0.0237744585481498,-0.5028872851671128,turn_right
Mus_spretus,2,7,4628.626071469063,0.0050604815505524,0.0297637467758214,-2.5562093312675267,extend_rear
Mus_spretus,2,8,2104.7042328704265,0.0023010752597757,0.0208366905515363,-3.178745523077694,extend_rear_2
Mus_spretus,2,9,28871.00194503797,0.0315646955344694,0.022562401078726,0.4843912102932347,still
Mus_spretus,2,10,4444.6764029171445,0.0048593691924652,0.0235112544512586,-2.274510329969971,motionless_rear
Mus_spretus,2,11,15204.703444385805,0.0166233176052423,0.0319643682940132,-0.9432562034694166,start_moving
Mus_spretus,2,12,1804.0139792193104,0.0019723303023008,0.0140684841888752,-2.8344931822362405,syllable_12
Mus_spretus,2,13,13600.491994777844,0.014869431610008,0.0270332803071473,-0.8623870393520117,take_a_step
Mus_spretus,2,14,120805.15037272472,0.1320763926991532,0.0491506315762137,1.426090744100528,curve_spine
Mus_spretus,2,15,2581.729026895826,0.0028226069480236,0.014815018687783,-2.3919598818079164,syllable_15
Mus_spretus,2,16,293.8724845459498,0.0003212910836385,0.0303697207725121,-6.562604446835838,brief_walk
Mus_spretus,2,17,4618.804131011201,0.0050497432131473,0.027529556850223,-2.4466992217439,slow_locomotion
Mus_spretus,2,18,11898.625783323245,0.0130087795651905,0.0156704662802541,-0.2685624693347626,leave_rear_turn_right_2
Mus_spretus,2,19,9663.932652856469,0.0105655873126169,0.0224348141792228,-1.086366197373009,high_rear
Mus_spretus,2,20,211.69693876247385,0.0002314484765834,0.014062444764811,-5.925006421997515,enter_wall_rear
Mus_spretus,2,21,9184.866350826103,0.0100418236416089,0.0139893132140278,-0.4783038034119264,leave_rear_turn_left_2
Mus_spretus,2,22,3462.269989970383,0.003785303270721,0.0214935770274076,-2.5054244907817815,stopping
Mus_spretus,2,23,144764.66597941614,0.1582713552681112,0.0390727338611411,2.018166037821056,scrunch_idle
Mus_spretus,2,24,143.5906930393437,0.0001569878494691,0.0111177040813219,-6.146053115514306,end_and_enter_rear
Mus_spretus,2,25,1529.2994413263368,0.0016719846210531,0.0097603954438278,-2.545377307374301,syllable_25
Mus_spretus,2,26,34810.57257914346,0.0380584340970563,0.0313140152909831,0.2814076831340063,still_2
Mus_spretus,2,27,457.9606756073372,0.0005006888683608,0.0177503617382067,-5.147787434676922,stop_rear_start_walking
Mus_spretus,2,28,12081.35149792946,0.0132085537731949,0.0277613688277636,-1.0716061351498671,mid_rear_2
Mus_spretus,2,29,913.0675641298104,0.0009982576884246,0.0131504930804202,-3.7195594706327153,mid_rear_3
Mus_spretus,2,30,1689.2196520236962,0.0018468255486413,0.010068019056331,-2.446659713681564,syllable_30
Mus_spretus,2,31,59855.44986503235,0.0654400236841506,0.0195135016227416,1.7457005312863203,groom_1
Mus_spretus,2,32,6545.795057254931,0.0071565243356161,0.0199613838030456,-1.4798806102015083,slow_locomotion_2
Mus_spretus,2,33,71.17513790864207,7.781585003482307e-05,0.0105135865559722,-7.077956747091945,jump_1
Mus_spretus,2,34,8317.322886877459,0.00909333749781,0.0177958111961424,-0.9686558155624728,very_slow_locomotion
Mus_spretus,2,35,62693.006304933544,0.0685423270007402,0.0267844393954166,1.3556000387043912,groom_2
Mus_spretus,2,36,58474.955228447485,0.0639307275061474,0.0207472155908832,1.623591733715371,groom_3
Mus_spretus,2,37,35616.707176462965,0.0389397818650566,0.020358410842027,0.9356198180783604,groom_4
Mus_spretus,2,38,126.70866167881545,0.000138530707562,0.0105878407057568,-6.25604849823706,brief_fast
Mus_spretus,2,39,17997.533337252393,0.0196767213428653,0.0100894235015325,0.9636460374469116,paused_in_rear
Mus_spretus,2,40,14891.207683683331,0.0162805723739975,0.013483371824689,0.2719700823154118,groom_5
Mus_spretus,2,41,1357.36803580502,0.0014840118420542,0.0117746621438971,-2.9881103053756006,jump_2
Mus_spretus,2,42,24062.19919867713,0.0263072266436023,0.0138852700753924,0.9219038773207175,groom_6
Mus_spretus,2,43,1435.1961678475388,0.0015691014172831,0.0058066365556676,-1.88776346341873,syllable_43
Mus_spretus,2,44,8753.733642800184,0.0095704658172529,0.0071950872897696,0.4115769063988033,groom_7
Mus_spretus,2,45,1489.1245876982532,0.001628061413077,0.0032698858088472,-1.0060846883902417,idle_enter_groom
Mus_spretus,2,46,3009.57078408183,0.0032903667725083,0.0057215115825484,-0.7981477527024878,syllable_46
Mus_spretus,2,47,9622.850098179462,0.0105206717141688,0.0049718964811887,1.0813585026305728,groom_10
Mus_spretus,2,48,6903.387226616289,0.007547480214906,0.0049070628285724,0.6211352236213801,groom_11
Mus_spretus,2,49,1991.2571638916115,0.002177043464883,0.0007070572672764,1.622469859347162,syllable_49
Mus_spretus,2,51,0.0473239234784094,5.1739293251277547e-08,4.2424071960458036e-07,-3.011329607875667,syllable_51
Mus_spretus,2,56,10.111254706962397,1.1054644965364368e-05,6.317861649402589e-07,4.1269213240024785,syllable_56
Mus_spretus,2,61,44855.78651428012,0.0490408766200008,0.0017961806185691,4.770979658472205,syllable_61
Mus_spretus,2,74,0.0083946724973095,9.177903904879947e-09,1.5904423174134318e-06,-7.288750581301271,74
Peromyscus_californicus,1,0,273945.7566802107,0.0602865570984727,0.0440218136666582,0.4536177476595721,head_low
Peromyscus_californicus,1,1,184960.0861127166,0.0407037032714083,0.0400574498068412,0.0230894807912133,head_down
Peromyscus_californicus,1,2,332366.3689324446,0.0731430350339327,0.0378045809489102,0.9521594105963274,sniff_floor
Peromyscus_californicus,1,3,445719.9776032454,0.0980884800164132,0.0342371555238016,1.5185208365410017,step_to_stop
Peromyscus_californicus,1,4,54089.22270615429,0.0119032798777501,0.0277448389479136,-1.220860204992431,turn_left
Peromyscus_californicus,1,5,157420.98236674207,0.0346432416291404,0.0228871192896641,0.598038022451099,enter_rear
Peromyscus_californicus,1,6,44937.48242446513,0.0098892792970201,0.0237744585481498,-1.2654751092189276,turn_right
Peromyscus_californicus,1,7,382131.29923803377,0.084094678705025,0.0297637467758214,1.498458332098925,extend_rear
Peromyscus_californicus,1,8,90806.76291042338,0.0199836170615238,0.0208366905515363,-0.0603084160809647,extend_rear_2
Peromyscus_californicus,1,9,104838.78152863488,0.0230716082824323,0.022562401078726,0.0321979671779979,still
Peromyscus_californicus,1,10,288163.2208125308,0.0634153588495769,0.0235112544512586,1.43148074029489,motionless_rear
Peromyscus_californicus,1,11,176134.37908711613,0.0387614520134179,0.0319643682940132,0.278158025153411,start_moving
Peromyscus_californicus,1,12,93863.79879415072,0.0206563712979457,0.0140684841888752,0.5541199121704748,syllable_12
Peromyscus_californicus,1,13,161477.49139004236,0.0355359474181158,0.0270332803071473,0.3945425666446157,take_a_step
Peromyscus_californicus,1,14,32528.71530797421,0.0071585129717609,0.0491506315762137,-2.779477948226262,curve_spine
Peromyscus_californicus,1,15,93186.24218140949,0.0205072631098267,0.014815018687783,0.4690744900716771,syllable_15
Peromyscus_californicus,1,16,1276.309300007786,0.0002808741935727,0.0303697207725121,-6.756560667636248,brief_walk
Peromyscus_californicus,1,17,28123.65237183883,0.0061891017954757,0.027529556850223,-2.153179249988274,slow_locomotion
Peromyscus_californicus,1,18,33897.96497988855,0.0074598403203874,0.0156704662802541,-1.0708313523172996,leave_rear_turn_right_2
Peromyscus_californicus,1,19,42064.10182068116,0.0092569416184414,0.0224348141792228,-1.2771316147867071,high_rear
Peromyscus_californicus,1,20,31533.66353737879,0.0069395344188134,0.014062444764811,-1.018936545220063,enter_wall_rear
Peromyscus_californicus,1,21,37117.57387321256,0.0081683715921775,0.0139893132140278,-0.7762046603269204,leave_rear_turn_left_2
Peromyscus_californicus,1,22,80396.55360278909,0.0176926683516872,0.0214935770274076,-0.2807539389949986,stopping
Peromyscus_californicus,1,23,39298.882761965615,0.0086484067804017,0.0390727338611411,-2.175655785014731,scrunch_idle
Peromyscus_californicus,1,24,16295.651393115722,0.003586143220735,0.0111177040813219,-1.6323536033702115,end_and_enter_rear
Peromyscus_californicus,1,25,45595.53306639092,0.0100340948549572,0.0097603954438278,0.0398989723435739,syllable_25
Peromyscus_californicus,1,26,122760.891587968,0.0270156821914813,0.0313140152909831,-0.2130113920409999,still_2
Peromyscus_californicus,1,27,837.3619214683243,0.0001842761424832,0.0177503617382067,-6.58982756504648,stop_rear_start_walking
Peromyscus_californicus,1,28,13443.028149301268,0.0029583735624176,0.0277613688277636,-3.2302021264875207,mid_rear_2
Peromyscus_californicus,1,29,17733.31199244551,0.0039025255909533,0.0131504930804202,-1.7526366368287458,mid_rear_3
Peromyscus_californicus,1,30,52771.70622316952,0.0116133373225443,0.010068019056331,0.2060027474299799,syllable_30
Peromyscus_californicus,1,31,8565.24819946437,0.0018849327359444,0.0195135016227416,-3.3718870490233717,groom_1
Peromyscus_californicus,1,32,14532.703341320776,0.0031981756549142,0.0199613838030456,-2.641890274784332,slow_locomotion_2
Peromyscus_californicus,1,33,157622.44993145586,0.0346875780919161,0.0105135865559722,1.722164111118112,jump_1
Peromyscus_californicus,1,34,476897.42637922533,0.1049496231441454,0.0177958111961424,2.5600873162373334,very_slow_locomotion
Peromyscus_californicus,1,35,83471.06204446655,0.0183692677302105,0.0267844393954166,-0.5441009595410252,groom_2
Peromyscus_californicus,1,36,31271.17265314112,0.0068817687068265,0.0207472155908832,-1.5920662807734167,groom_3
Peromyscus_californicus,1,37,45592.252061543215,0.0100333728124314,0.020358410842027,-1.0208182145361455,groom_4
Peromyscus_californicus,1,38,9220.615531209563,0.0020291577845253,0.0105878407057568,-2.383454863459435,brief_fast
Peromyscus_californicus,1,39,47295.10397118805,0.0104081151706453,0.0100894235015325,0.0448650841664915,paused_in_rear
Peromyscus_californicus,1,40,5734.264726869924,0.0012619252879238,0.013483371824689,-3.4174818807486123,groom_5
Peromyscus_californicus,1,41,99933.55836043984,0.0219921280955742,0.0117746621438971,0.9013014937173554,jump_2
Peromyscus_californicus,1,42,56740.195223583774,0.0124866727653612,0.0138852700753924,-0.1531661234305991,groom_6
Peromyscus_californicus,1,43,32.995432022531425,7.261222151132559e-06,0.0058066365556676,-9.643076207169152,syllable_43
Peromyscus_californicus,1,44,5265.122385249389,0.0011586823068747,0.0071950872897696,-2.6345260895845812,groom_7
Peromyscus_californicus,1,45,12838.00819283123,0.0028252283347146,0.0032698858088472,-0.2108727145468791,idle_enter_groom
Peromyscus_californicus,1,46,5774.508528485221,0.0012707816406315,0.0057215115825484,-2.1706793117105887,syllable_46
Peromyscus_californicus,1,47,868.979100948045,0.0001912340560464,0.0049718964811887,-4.70037763007477,groom_10
Peromyscus_californicus,1,48,1414.9424831113602,0.0003113828512362,0.0049070628285724,-3.9780940059019185,groom_11
Peromyscus_californicus,1,49,1219.0819422555796,0.0002682803121688,0.0007070572672764,-1.3980825461541448,syllable_49
Peromyscus_californicus,1,51,1.9100518357307763,4.203403274110446e-07,4.2424071960458036e-07,-0.0132937450228989,syllable_51
Peromyscus_californicus,1,52,1.9205368413663764,4.2264773636159194e-07,5.476158126474354e-06,-3.692490466239779,syllable_52
Peromyscus_californicus,1,73,8.837749801636317,1.9449014815744073e-06,1.8492943313415464e-06,0.0726838878081342,73
Peromyscus_californicus,1,77,28.87039379119349,6.3534353108449115e-06,4.267602303095875e-07,3.892889661597471,77
Peromyscus_californicus,1,84,12.414739298764603,2.73208060846628e-06,1.3656327369906794e-06,0.9999024194378056,syllable_84
Peromyscus_californicus,2,0,22691.57371628675,0.0561756722459151,0.0440218136666582,0.351726892496296,head_low
Peromyscus_californicus,2,1,13932.808750939246,0.034492314532421,0.0400574498068412,-0.2157956304141599,head_down
Peromyscus_californicus,2,2,35032.3445280569,0.0867267087254335,0.0378045809489102,1.1979152760362546,sniff_floor
Peromyscus_californicus,2,3,25394.57557263176,0.0628672727607421,0.0342371555238016,0.8767463144984738,step_to_stop
Peromyscus_californicus,2,4,3198.110126378789,0.0079172995452867,0.0277448389479136,-1.8091389574441177,turn_left
Peromyscus_californicus,2,5,6133.405234338615,0.0151839694550708,0.0228871192896641,-0.5919868608080904,enter_rear
Peromyscus_californicus,2,6,2756.854436435556,0.0068249189407143,0.0237744585481498,-1.8005285176546608,turn_right
Peromyscus_californicus,2,7,12465.534505544412,0.030859903747046,0.0297637467758214,0.052177410463184,extend_rear
Peromyscus_californicus,2,8,2956.832882702042,0.0073199892163228,0.0208366905515363,-1.5092125994194614,extend_rear_2
Peromyscus_californicus,2,9,8398.79954051942,0.0207922207664567,0.022562401078726,-0.1178767441326597,still
Peromyscus_californicus,2,10,9771.385668031737,0.0241902199265185,0.0235112544512586,0.0410723674384092,motionless_rear
Peromyscus_californicus,2,11,6987.171544322099,0.0172975688468051,0.0319643682940132,-0.8858952611351234,start_moving
Peromyscus_californicus,2,12,3442.1175340769373,0.0085213687179148,0.0140684841888752,-0.7233097442734477,syllable_12
Peromyscus_californicus,2,13,7135.6388301303305,0.0176651171575164,0.0270332803071473,-0.6138332381396986,take_a_step
Peromyscus_californicus,2,14,3683.294610560085,0.0091184310711539,0.0491506315762137,-2.4303523072629964,curve_spine
Peromyscus_californicus,2,15,3483.930397205425,0.0086248814017038,0.014815018687783,-0.7804838522995307,syllable_15
Peromyscus_californicus,2,16,43.91171958622086,0.0001087086509764,0.0303697207725121,-8.126009856332606,brief_walk
Peromyscus_californicus,2,17,1173.3800422741924,0.0029048409554504,0.027529556850223,-3.244449861358311,slow_locomotion
Peromyscus_californicus,2,18,1732.1302090408772,0.00428809302197,0.0156704662802541,-1.8696397562165792,leave_rear_turn_right_2
Peromyscus_californicus,2,19,2158.004908546276,0.0053423961671094,0.0224348141792228,-2.0701801603487007,high_rear
Peromyscus_californicus,2,20,1198.2775058592756,0.0029664775687412,0.014062444764811,-2.245024267011755,enter_wall_rear
Peromyscus_californicus,2,21,1943.879306913382,0.0048123029365921,0.0139893132140278,-1.5395255716857288,leave_rear_turn_left_2
Peromyscus_californicus,2,22,2756.1724405092536,0.0068232305792058,0.0214935770274076,-1.6553785805863688,stopping
Peromyscus_californicus,2,23,10966.760023736142,0.02714951040398,0.0390727338611411,-0.5252360043946478,scrunch_idle
Peromyscus_californicus,2,24,739.7093956869602,0.0018312380220464,0.0111177040813219,-2.601967001451801,end_and_enter_rear
Peromyscus_californicus,2,25,2325.33806670503,0.0057566491742445,0.0097603954438278,-0.7617102039677881,syllable_25
Peromyscus_californicus,2,26,33878.328815803434,0.0838698064572732,0.0313140152909831,1.4213429856764122,still_2
Peromyscus_californicus,2,27,34.71352332264566,8.593742915566204e-05,0.0177503617382067,-7.690329385092927,stop_rear_start_walking
Peromyscus_californicus,2,28,792.1564100654426,0.0019610768039149,0.0277613688277636,-3.823360077150343,mid_rear_2
Peromyscus_californicus,2,29,1015.2297602870158,0.0025133212434379,0.0131504930804202,-2.3874494422956705,mid_rear_3
Peromyscus_californicus,2,30,2313.0825705506263,0.0057263092452564,0.010068019056331,-0.8141022543681324,syllable_30
Peromyscus_californicus,2,31,2778.607256019495,0.006878770616171,0.0195135016227416,-1.504249898915609,groom_1
Peromyscus_californicus,2,32,499.1513362322213,0.0012357081186117,0.0199613838030456,-4.013800726607379,slow_locomotion_2
Peromyscus_californicus,2,33,6589.692366363901,0.0163135621708146,0.0105135865559722,0.6338168818319776,jump_1
Peromyscus_californicus,2,34,20273.028549578055,0.0501882778811314,0.0177958111961424,1.4958126936845724,very_slow_locomotion
Peromyscus_californicus,2,35,55669.124177350146,0.1378154954391465,0.0267844393954166,2.363271059253945,groom_2
Peromyscus_californicus,2,36,12033.740833194472,0.0297909474851724,0.0207472155908832,0.5219562568098456,groom_3
Peromyscus_californicus,2,37,23368.689691336214,0.0578519528583766,0.020358410842027,1.5067406636161824,groom_4
Peromyscus_californicus,2,38,267.3172163575557,0.0006617753585338,0.0105878407057568,-3.9999209674040257,brief_fast
Peromyscus_californicus,2,39,1554.3669130665126,0.0038480189761209,0.0100894235015325,-1.390655692132348,paused_in_rear
Peromyscus_californicus,2,40,2577.136234978231,0.0063800052953268,0.013483371824689,-1.0795516747894602,groom_5
Peromyscus_californicus,2,41,5657.20111546405,0.0140050698847492,0.0117746621438971,0.2502634984269333,jump_2
Peromyscus_californicus,2,42,33355.93519572871,0.0825765593184195,0.0138852700753924,2.5721769826254777,groom_6
Peromyscus_californicus,2,43,0.6127342585165403,1.5168960650606495e-06,0.0058066365556676,-11.901414261537536,syllable_43
Peromyscus_californicus,2,44,3492.35468146484,0.0086457367129034,0.0071950872897696,0.2649766794800272,groom_7
Peromyscus_californicus,2,45,1456.5543558387824,0.003605872431987,0.0032698858088472,0.141108062395818,idle_enter_groom
Peromyscus_californicus,2,46,2409.688625899684,0.0059654689514148,0.0057215115825484,0.0602391966507558,syllable_46
Peromyscus_californicus,2,47,388.8050439107906,0.0009625328321153,0.0049718964811887,-2.368887392815717,groom_10
Peromyscus_californicus,2,48,911.8533819244266,0.0022574008025961,0.0049070628285724,-1.1201968058012832,groom_11
Peromyscus_californicus,2,49,118.15466306008068,0.0002925058309916,0.0007070572672764,-1.2733587928457435,syllable_49
Peromyscus_californicus,2,51,0.0899481642692236,2.2267731001322993e-07,4.2424071960458036e-07,-0.926860835253004,syllable_51
Peromyscus_californicus,2,52,0.0794631586336236,1.9672043952701578e-07,5.476158126474354e-06,-4.791893608038341,syllable_52
Peromyscus_californicus,2,73,0.1622501983636814,4.016695394983118e-07,1.8492943313415464e-06,-2.200086535577158,73
Peromyscus_californicus,2,77,1.129606208806498,2.7964736578547302e-06,4.267602303095875e-07,2.709250282543902,77
Peromyscus_californicus,2,84,0.5852607012353948,1.448882027402817e-06,1.3656327369906794e-06,0.0853099258387579,syllable_84
Peromyscus_gossypinus,1,0,182444.31240040393,0.0475935576963394,0.0440218136666582,0.1125477154468758,head_low
Peromyscus_gossypinus,1,1,172398.57398836123,0.0449729639139112,0.0400574498068412,0.1669873858680434,head_down
Peromyscus_gossypinus,1,2,207438.65623215583,0.0541137376328229,0.0378045809489102,0.5174338173238856,sniff_floor
Peromyscus_gossypinus,1,3,163171.34242239868,0.0425658909164898,0.0342371555238016,0.3141349731639153,step_to_stop
Peromyscus_gossypinus,1,4,48200.71054704438,0.0125739370454621,0.0277448389479136,-1.1417829207428072,turn_left
Peromyscus_gossypinus,1,5,70507.93240352353,0.0183931376360585,0.0228871192896641,-0.3153682664294317,enter_rear
Peromyscus_gossypinus,1,6,44433.72244661114,0.0115912571080031,0.0237744585481498,-1.0363753813847656,turn_right
Peromyscus_gossypinus,1,7,226093.6165831103,0.0589801865788308,0.0297637467758214,0.9866742123175232,extend_rear
Peromyscus_gossypinus,1,8,127303.14028116484,0.0332090886922238,0.0208366905515363,0.6724519523056893,extend_rear_2
Peromyscus_gossypinus,1,9,105749.96636329163,0.0275865937352516,0.022562401078726,0.2900467119991273,still
Peromyscus_gossypinus,1,10,231818.79637069436,0.0604736925750292,0.0235112544512586,1.3629561198118718,motionless_rear
Peromyscus_gossypinus,1,11,41358.5468212218,0.0107890476741889,0.0319643682940132,-1.56689696693312,start_moving
Peromyscus_gossypinus,1,12,74414.23565503913,0.0194121601900332,0.0140684841888752,0.4644937486850534,syllable_12
Peromyscus_gossypinus,1,13,53237.82940318345,0.0138879511890044,0.0270332803071473,-0.9609027509763008,take_a_step
Peromyscus_gossypinus,1,14,39274.54131721487,0.010245401040926,0.0491506315762137,-2.262233385981188,curve_spine
Peromyscus_gossypinus,1,15,80303.92295731764,0.0209485806393547,0.014815018687783,0.4997920235125712,syllable_15
Peromyscus_gossypinus,1,16,43435.69594715061,0.0113309057100362,0.0303697207725121,-1.42237037991909,brief_walk
Peromyscus_gossypinus,1,17,133747.43466745448,0.0348901873937989,0.027529556850223,0.3418399484369896,slow_locomotion
Peromyscus_gossypinus,1,18,22374.68283751327,0.0058367988815535,0.0156704662802541,-1.4247986899625622,leave_rear_turn_right_2
Peromyscus_gossypinus,1,19,90631.0338753993,0.0236425750031666,0.0224348141792228,0.0756479355590671,high_rear
Peromyscus_gossypinus,1,20,62793.019536535685,0.0163805774974263,0.014062444764811,0.2201387759358123,enter_wall_rear
Peromyscus_gossypinus,1,21,24662.90744397347,0.0064337193796326,0.0139893132140278,-1.1206000997534022,leave_rear_turn_left_2
Peromyscus_gossypinus,1,22,206239.0394537543,0.0538007981412861,0.0214935770274076,1.3237219346808051,stopping
Peromyscus_gossypinus,1,23,84362.2157293128,0.0220072521246499,0.0390727338611411,-0.8281831553457414,scrunch_idle
Peromyscus_gossypinus,1,24,66212.21277286217,0.0172725295041893,0.0111177040813219,0.6356204423047674,end_and_enter_rear
Peromyscus_gossypinus,1,25,27721.209398097457,0.007231527042647,0.0097603954438278,-0.4326392227864609,syllable_25
Peromyscus_gossypinus,1,26,311310.7864433368,0.0812104673538234,0.0313140152909831,1.37485715020385,still_2
Peromyscus_gossypinus,1,27,40409.159464542514,0.0105413845854261,0.0177503617382067,-0.751783996374292,stop_rear_start_walking
Peromyscus_gossypinus,1,28,23963.086435071957,0.0062511597200518,0.0277613688277636,-2.150882756074462,mid_rear_2
Peromyscus_gossypinus,1,29,20931.87007499114,0.0054604177735066,0.0131504930804202,-1.2680334999030871,mid_rear_3
Peromyscus_gossypinus,1,30,27198.5301845306,0.0070951776931919,0.010068019056331,-0.5048690712249209,syllable_30
Peromyscus_gossypinus,1,31,33583.999248974564,0.0087609308555587,0.0195135016227416,-1.155316525980962,groom_1
Peromyscus_gossypinus,1,32,8267.934635971747,0.0021568248357508,0.0199613838030456,-3.2102302214994047,slow_locomotion_2
Peromyscus_gossypinus,1,33,37457.69085085435,0.0097714461318435,0.0105135865559722,-0.1056109013674778,jump_1
Peromyscus_gossypinus,1,34,25811.419788928357,0.0067333274509141,0.0177958111961424,-1.4021460324284205,very_slow_locomotion
Peromyscus_gossypinus,1,35,87091.34396851082,0.0227191894857221,0.0267844393954166,-0.2374837236324988,groom_2
Peromyscus_gossypinus,1,36,67747.66706173825,0.0176730776568077,0.0207472155908832,-0.2313644202906349,groom_3
Peromyscus_gossypinus,1,37,60354.871644491206,0.0157445470789085,0.020358410842027,-0.3707726733823269,groom_4
Peromyscus_gossypinus,1,38,188546.63127948175,0.0491854465408404,0.0105878407057568,2.2158229986685423,brief_fast
Peromyscus_gossypinus,1,39,58390.96563548703,0.0152322303466412,0.0100894235015325,0.5942834097351791,paused_in_rear
Peromyscus_gossypinus,1,40,32081.749243051607,0.008369044578642,0.013483371824689,-0.6880464177677922,groom_5
Peromyscus_gossypinus,1,41,34646.78564207348,0.0090381759220304,0.0117746621438971,-0.3815820838991859,jump_2
Peromyscus_gossypinus,1,42,50803.96756827163,0.0132530388579991,0.0138852700753924,-0.0672320329734982,groom_6
Peromyscus_gossypinus,1,43,1105.3548614730323,0.0002883497418049,0.0058066365556676,-4.331806346354151,syllable_43
Peromyscus_gossypinus,1,44,17041.9902083973,0.0044456795258365,0.0071950872897696,-0.6946081125820954,groom_7
Peromyscus_gossypinus,1,45,30316.164368471065,0.0079084631305795,0.0032698858088472,1.2741568462647592,idle_enter_groom
Peromyscus_gossypinus,1,46,15130.220645547275,0.003946963431076,0.0057215115825484,-0.5356530811217712,syllable_46
Peromyscus_gossypinus,1,47,3994.5763533327126,0.0010420500241604,0.0049718964811887,-2.254370627731499,groom_10
Peromyscus_gossypinus,1,48,4998.546143171566,0.0013039518258083,0.0049070628285724,-1.9119683604379047,groom_11
Peromyscus_gossypinus,1,49,326.89772043480696,8.527657186797232e-05,0.0007070572672764,-3.051590844047695,syllable_49
Peromyscus_gossypinus,1,50,21094.6541675006,0.0055028826440031,0.0003163756533595,4.120472776973338,syllable_50
Peromyscus_gossypinus,1,70,70.36297869452994,1.8355324110268083e-05,1.0526752347636498e-06,4.1227750140329995,70
Peromyscus_gossypinus,1,73,89.43296059706299,2.333003815865377e-05,1.8492943313415464e-06,3.6564238166685863,73
Peromyscus_gossypinus,1,78,19.30767687139032,5.036720635851184e-06,6.611506789433883e-07,2.9275396613491536,78
Peromyscus_gossypinus,1,84,57.17087387261893,1.4913949623351548e-05,1.3656327369906794e-06,3.4480616083666873,syllable_84
Peromyscus_gossypinus,1,92,98.27451692308864,2.5636501515015467e-05,1.8753734973211557e-06,3.7722367379804247,syllable_92
Peromyscus_gossypinus,1,94,111.81501810716615,2.91687608431518e-05,1.891970354372505e-06,3.9457498355034706,94
Peromyscus_gossypinus,2,0,18619.887928721862,0.039318706918697,0.0440218136666582,-0.1630027042282701,head_low
Peromyscus_gossypinus,2,1,12508.832916456888,0.0264142908496485,0.0400574498068412,-0.6007518805558347,head_down
Peromyscus_gossypinus,2,2,23420.30702595515,0.0494555172095841,0.0378045809489102,0.3875704038311667,sniff_floor
Peromyscus_gossypinus,2,3,16550.488514861743,0.0349488573598401,0.0342371555238016,0.0296824417576492,step_to_stop
Peromyscus_gossypinus,2,4,4563.124708262867,0.0096357273322196,0.0277448389479136,-1.525753856306378,turn_left
Peromyscus_gossypinus,2,5,2562.413684726145,0.0054109236886863,0.0228871192896641,-2.080588884497439,enter_rear
Peromyscus_gossypinus,2,6,4277.030184851005,0.0090315955157373,0.0237744585481498,-1.396359604825874,turn_right
Peromyscus_gossypinus,2,7,6909.768141362471,0.0145910195306438,0.0297637467758214,-1.028475406090006,extend_rear
Peromyscus_gossypinus,2,8,3307.9297931601377,0.0069851936028176,0.0208366905515363,-1.5767540109606752,extend_rear_2
Peromyscus_gossypinus,2,9,10235.230240146097,0.0216132352460036,0.022562401078726,-0.0620055611703678,still
Peromyscus_gossypinus,2,10,6081.542030920581,0.0128420949493823,0.0235112544512586,-0.8724708949956212,motionless_rear
Peromyscus_gossypinus,2,11,2714.834650459155,0.0057327835893937,0.0319643682940132,-2.479156651945663,start_moving
Peromyscus_gossypinus,2,12,2212.923763931767,0.0046729229112726,0.0140684841888752,-1.590069544828021,syllable_12
Peromyscus_gossypinus,2,13,4098.1872653515065,0.0086539416671641,0.0270332803071473,-1.6433071692516936,take_a_step
Peromyscus_gossypinus,2,14,7243.413813624984,0.0152955627831382,0.0491506315762137,-1.6840966998472875,curve_spine
Peromyscus_gossypinus,2,15,2307.848290838263,0.0048733703934014,0.014815018687783,-1.6040684657314546,syllable_15
Peromyscus_gossypinus,2,16,2872.298352567548,0.0060652919899401,0.0303697207725121,-2.3239844485955734,brief_walk
Peromyscus_gossypinus,2,17,9869.55684717295,0.0208410606216817,0.027529556850223,-0.4015526702721032,slow_locomotion
Peromyscus_gossypinus,2,18,1376.9000077231026,0.0029075324227116,0.0156704662802541,-2.4301805194227266,leave_rear_turn_right_2
Peromyscus_gossypinus,2,19,3470.315591955101,0.0073280957542709,0.0224348141792228,-1.6142288421099984,high_rear
Peromyscus_gossypinus,2,20,1931.5490902548072,0.0040787577706982,0.014062444764811,-1.7856454425306347,enter_wall_rear
Peromyscus_gossypinus,2,21,1280.5513292728938,0.0027040776294019,0.0139893132140278,-2.3711162321153982,leave_rear_turn_left_2
Peromyscus_gossypinus,2,22,9725.86574292874,0.0205376351426332,0.0214935770274076,-0.0656355288919553,stopping
Peromyscus_gossypinus,2,23,18187.05475676362,0.0384047142728731,0.0390727338611411,-0.0248787854681341,scrunch_idle
Peromyscus_gossypinus,2,24,2285.017903947496,0.0048251605816971,0.0111177040813219,-1.2042098571410738,end_and_enter_rear
Peromyscus_gossypinus,2,25,1069.0003638671444,0.00225735579955,0.0097603954438278,-2.1123052777410405,syllable_25
Peromyscus_gossypinus,2,26,109928.26998713272,0.2321301527833721,0.0313140152909831,2.8900534779551603,still_2
Peromyscus_gossypinus,2,27,2267.6200352975493,0.0047884223531387,0.0177503617382067,-1.8902258928658393,stop_rear_start_walking
Peromyscus_gossypinus,2,28,1275.807666813095,0.0026940606693272,0.0277613688277636,-3.365223975707323,mid_rear_2
Peromyscus_gossypinus,2,29,833.3331297553646,0.0017597088242378,0.0131504930804202,-2.9017075508894425,mid_rear_3
Peromyscus_gossypinus,2,30,1113.2148602119528,0.0023507213896113,0.010068019056331,-2.098603917612234,syllable_30
Peromyscus_gossypinus,2,31,11397.090925345165,0.0240666796457001,0.0195135016227416,0.302564413193239,groom_1
Peromyscus_gossypinus,2,32,541.3934927085586,0.0011432341670897,0.0199613838030456,-4.126017703687571,slow_locomotion_2
Peromyscus_gossypinus,2,33,1604.5441631380972,0.0033882374550287,0.0105135865559722,-1.6336477284385524,jump_1
Peromyscus_gossypinus,2,34,1992.782936648562,0.0042080622900958,0.0177958111961424,-2.080309470246889,very_slow_locomotion
Peromyscus_gossypinus,2,35,44216.76682841125,0.0933703845304512,0.0267844393954166,1.8015698857589064,groom_2
Peromyscus_gossypinus,2,36,24741.71084862547,0.0522458610518086,0.0207472155908832,1.3323989780948715,groom_3
Peromyscus_gossypinus,2,37,22551.56539894751,0.0476210379929989,0.020358410842027,1.225974076300325,groom_4
Peromyscus_gossypinus,2,38,8047.188007543277,0.0169928534478546,0.0105878407057568,0.6825196847893934,brief_fast
Peromyscus_gossypinus,2,39,2107.175942016334,0.004449620406279,0.0100894235015325,-1.1810893903387665,paused_in_rear
Peromyscus_gossypinus,2,40,13245.537100990525,0.0279699530549389,0.013483371824689,1.052696456522267,groom_5
Peromyscus_gossypinus,2,41,2009.1901019855368,0.0042427084989087,0.0117746621438971,-1.4726279821564583,jump_2
Peromyscus_gossypinus,2,42,18641.32874704027,0.0393639824463901,0.0138852700753924,1.503320879420435,groom_6
Peromyscus_gossypinus,2,43,66.22851166264303,0.0001398515098314,0.0058066365556676,-5.3757249351533,syllable_43
Peromyscus_gossypinus,2,44,7120.239102295953,0.0150354607678585,0.0071950872897696,1.063284881257802,groom_7
Peromyscus_gossypinus,2,45,7561.785868411635,0.015967853484413,0.0032698858088472,2.287857877482547,idle_enter_groom
Peromyscus_gossypinus,2,46,6937.71193457276,0.0146500270724528,0.0057215115825484,1.356434924783725,syllable_46
Peromyscus_gossypinus,2,47,1865.7482101994108,0.0039398092696226,0.0049718964811887,-0.3356703936756038,groom_10
Peromyscus_gossypinus,2,48,2376.713886937716,0.0050187905054977,0.0049070628285724,0.0324799764275204,groom_11
Peromyscus_gossypinus,2,49,202.10238621542868,0.0004267697271644,0.0007070572672764,-0.7283678866161224,syllable_49
Peromyscus_gossypinus,2,50,1130.6871806655276,0.0023876168344031,0.0003163756533595,2.915856888327217,syllable_50
Peromyscus_gossypinus,2,70,3.637021305470076,7.680120058416004e-06,1.0526752347636498e-06,2.865886433574459,70
Peromyscus_gossypinus,2,73,20.567039402936977,4.343041148072489e-05,1.8492943313415464e-06,4.552912152283598,73
Peromyscus_gossypinus,2,78,0.6923231286096778,1.461944899509816e-06,6.611506789433883e-07,1.1436439736556625,78
Peromyscus_gossypinus,2,84,25.829126127380984,5.4542102726730294e-05,1.3656327369906794e-06,5.31869927493848,syllable_84
Peromyscus_gossypinus,2,92,33.55877241322253,7.086441884708629e-05,1.8753734973211557e-06,5.239062853872336,syllable_92
Peromyscus_gossypinus,2,94,21.18498189283383,4.473529042231001e-05,1.891970354372505e-06,4.562721909226925,94
Peromyscus_leucopus,1,0,42047.90122066572,0.0326682317148795,0.0440218136666582,-0.4303302071991621,head_low
Peromyscus_leucopus,1,1,36226.25534803082,0.0281452265039621,0.0400574498068412,-0.5091803033598568,head_down
Peromyscus_leucopus,1,2,47444.27525450607,0.036860830922923,0.0378045809489102,-0.0364724690204761,sniff_floor
Peromyscus_leucopus,1,3,20484.071456262227,0.0159146681135284,0.0342371555238016,-1.1052057257081698,step_to_stop
Peromyscus_leucopus,1,4,45761.16005274598,0.0355531699976992,0.0277448389479136,0.3577587594592015,turn_left
Peromyscus_leucopus,1,5,20009.70940016617,0.0155461224997065,0.0228871192896641,-0.5579810688028153,enter_rear
Peromyscus_leucopus,1,6,40503.47164142239,0.0314683196646381,0.0237744585481498,0.4044876445089715,turn_right
Peromyscus_leucopus,1,7,23538.39708020692,0.0182876621113045,0.0297637467758214,-0.7026854662885812,extend_rear
Peromyscus_leucopus,1,8,22211.426566068847,0.0172567003040271,0.0208366905515363,-0.2719695115464225,extend_rear_2
Peromyscus_leucopus,1,9,21285.8239085399,0.0165375728038607,0.022562401078726,-0.4481730757125268,still
Peromyscus_leucopus,1,10,14402.187940151567,0.0111894767437019,0.0235112544512586,-1.0712088761921932,motionless_rear
Peromyscus_leucopus,1,11,11068.517750945426,0.0085994518663497,0.0319643682940132,-1.894147850066514,start_moving
Peromyscus_leucopus,1,12,25408.69438986348,0.0197407502349406,0.0140684841888752,0.4887098965630662,syllable_12
Peromyscus_leucopus,1,13,8794.593829211308,0.0068327745430899,0.0270332803071473,-1.984192997101309,take_a_step
Peromyscus_leucopus,1,14,19463.013019437894,0.0151213782550511,0.0491506315762137,-1.700620247368819,curve_spine
Peromyscus_leucopus,1,15,22698.022727118692,0.0176347509481562,0.014815018687783,0.2513607393340556,syllable_15
Peromyscus_leucopus,1,16,62604.34270404787,0.0486391261975377,0.0303697207725121,0.6794836491030559,brief_walk
Peromyscus_leucopus,1,17,40741.17894581232,0.0316530013508744,0.027529556850223,0.2013609095444305,slow_locomotion
Peromyscus_leucopus,1,18,22130.61761183717,0.0171939174881234,0.0156704662802541,0.1338501715781445,leave_rear_turn_right_2
Peromyscus_leucopus,1,19,5534.177292188333,0.0042996625487594,0.0224348141792228,-2.383443621367851,high_rear
Peromyscus_leucopus,1,20,17909.88431962769,0.0139147076062081,0.014062444764811,-0.0152368353420975,enter_wall_rear
Peromyscus_leucopus,1,21,19316.45809926814,0.0150075154949115,0.0139893132140278,0.1013600133931485,leave_rear_turn_left_2
Peromyscus_leucopus,1,22,37015.006071204705,0.0287580297745629,0.0214935770274076,0.4200592220201461,stopping
Peromyscus_leucopus,1,23,28994.785927499724,0.022526888565305,0.0390727338611411,-0.7945141142025831,scrunch_idle
Peromyscus_leucopus,1,24,18527.265654149294,0.0143943690377442,0.0111177040813219,0.3726456340469619,end_and_enter_rear
Peromyscus_leucopus,1,25,7141.049939756635,0.0055480884264644,0.0097603954438278,-0.814948705959818,syllable_25
Peromyscus_leucopus,1,26,83344.62511422843,0.0647528520182885,0.0313140152909831,1.0481352011637144,still_2
Peromyscus_leucopus,1,27,86293.90014614114,0.0670442291699757,0.0177503617382067,1.917264671892368,stop_rear_start_walking
Peromyscus_leucopus,1,28,7238.134257578677,0.0056235160435016,0.0277613688277636,-2.3035341525741138,mid_rear_2
Peromyscus_leucopus,1,29,7197.7857250694005,0.0055921681005341,0.0131504930804202,-1.233637112517486,mid_rear_3
Peromyscus_leucopus,1,30,6017.6958380481965,0.0046753221045526,0.010068019056331,-1.1066420195384878,syllable_30
Peromyscus_leucopus,1,31,31125.70676953671,0.0241824626561116,0.0195135016227416,0.3094884694844481,groom_1
Peromyscus_leucopus,1,32,1353.635020630316,0.0010516782342894,0.0199613838030456,-4.246445159827937,slow_locomotion_2
Peromyscus_leucopus,1,33,9555.743600590617,0.0074241338352137,0.0105135865559722,-0.5019602270869216,jump_1
Peromyscus_leucopus,1,34,1810.332271436689,0.0014064995494983,0.0177958111961424,-3.6613557571644617,very_slow_locomotion
Peromyscus_leucopus,1,35,45995.23836544856,0.0357350322152369,0.0267844393954166,0.4159439749477735,groom_2
Peromyscus_leucopus,1,36,35170.38044222658,0.0273248867228225,0.0207472155908832,0.397297767837192,groom_3
Peromyscus_leucopus,1,37,33763.21372318824,0.0262316181623357,0.020358410842027,0.3656818402771365,groom_4
Peromyscus_leucopus,1,38,159199.97708117627,0.1236870709193754,0.0105878407057568,3.546214278007673,brief_fast
Peromyscus_leucopus,1,39,4516.463706814143,0.0035089714022047,0.0100894235015325,-1.523723379582756,paused_in_rear
Peromyscus_leucopus,1,40,26680.54282877791,0.0207288861062322,0.013483371824689,0.6204612355866217,groom_5
Peromyscus_leucopus,1,41,7442.811028348327,0.0057825353519581,0.0117746621438971,-1.0259114514916243,jump_2
Peromyscus_leucopus,1,42,28178.868972824253,0.0218929790630077,0.0138852700753924,0.6569130044474388,groom_6
Peromyscus_leucopus,1,43,60.27069981007369,4.682605147592332e-05,0.0058066365556676,-6.954216975295338,syllable_43
Peromyscus_leucopus,1,44,9360.856057292109,0.0072727200609707,0.0071950872897696,0.0154828538671838,groom_7
Peromyscus_leucopus,1,45,3376.067609173071,0.0026229646602993,0.0032698858088472,-0.3180417758705745,idle_enter_groom
Peromyscus_leucopus,1,46,5243.74140997627,0.0040740145039586,0.0057215115825484,-0.4899451286589774,syllable_46
Peromyscus_leucopus,1,47,6283.552154094127,0.0048818735728381,0.0049718964811887,-0.0263613195516657,groom_10
Peromyscus_leucopus,1,48,6407.657718546804,0.0049782947786284,0.0049070628285724,0.0207919112499995,groom_11
Peromyscus_leucopus,1,49,223.73593166946705,0.0001738269223085,0.0007070572672764,-2.0241692659797472,syllable_49
Peromyscus_leucopus,1,83,15.759582753784017,1.2244076070018032e-05,2.281688101420621e-07,5.739647219382852,83
Peromyscus_leucopus,2,0,2119.7776812310385,0.0087059662986835,0.0440218136666582,-2.3381421110072367,head_low
Peromyscus_leucopus,2,1,1286.6136173311786,0.0052841460173349,0.0400574498068412,-2.9223281018210883,head_down
Peromyscus_leucopus,2,2,2979.9496882225894,0.0122387087038165,0.0378045809489102,-1.6271096346023468,sniff_floor
Peromyscus_leucopus,2,3,908.7504117820606,0.0037322548156535,0.0342371555238016,-3.197443107852103,step_to_stop
Peromyscus_leucopus,2,4,1611.943258707363,0.0066202808954694,0.0277448389479136,-2.0672549262654596,turn_left
Peromyscus_leucopus,2,5,328.3703282601451,0.001348623035629,0.0228871192896641,-4.084975830775956,enter_rear
Peromyscus_leucopus,2,6,1502.4454444466896,0.0061705713390506,0.0237744585481498,-1.9459363304813608,turn_right
Peromyscus_leucopus,2,7,201.5501102373191,0.0008277700453016,0.0297637467758214,-5.168180602913009,extend_rear
Peromyscus_leucopus,2,8,164.12884534142844,0.0006740802155037,0.0208366905515363,-4.9500599920709725,extend_rear_2
Peromyscus_leucopus,2,9,1176.9705597772374,0.0048338399440136,0.022562401078726,-2.2226787631088083,still
Peromyscus_leucopus,2,10,117.22539519867388,0.0004814468748236,0.0235112544512586,-5.609828158200417,motionless_rear
Peromyscus_leucopus,2,11,223.8587904535401,0.0009193922091965,0.0319643682940132,-5.119638807124188,start_moving
Peromyscus_leucopus,2,12,272.34446447842447,0.0011185237727407,0.0140684841888752,-3.652797881856278,syllable_12
Peromyscus_leucopus,2,13,256.85869800538956,0.0010549234422828,0.0270332803071473,-4.679525060806331,take_a_step
Peromyscus_leucopus,2,14,2476.086792166872,0.010169334433553,0.0491506315762137,-2.272984582291215,curve_spine
Peromyscus_leucopus,2,15,248.57267163463607,0.001020892578116,0.014815018687783,-3.859156156436644,syllable_15
Peromyscus_leucopus,2,16,1190.6227568758832,0.0048899097710036,0.0303697207725121,-2.63475364668999,brief_walk
Peromyscus_leucopus,2,17,1051.2098948744956,0.0043173385580251,0.027529556850223,-2.6727669690279523,slow_locomotion
Peromyscus_leucopus,2,18,549.9656981920149,0.0022587193347139,0.0156704662802541,-2.7944706419665373,leave_rear_turn_right_2
Peromyscus_leucopus,2,19,72.65304030909097,0.000298387385634,0.0224348141792228,-6.232404107013306,high_rear
Peromyscus_leucopus,2,20,173.03548012699449,0.0007106599299542,0.014062444764811,-4.306542335662976,enter_wall_rear
Peromyscus_leucopus,2,21,386.0395293901185,0.0015854715155214,0.0139893132140278,-3.1413404668847797,leave_rear_turn_left_2
Peromyscus_leucopus,2,22,765.2591140360172,0.0031429333913398,0.0214935770274076,-2.7737216062807417,stopping
Peromyscus_leucopus,2,23,7195.710539806013,0.0295529168031678,0.0390727338611411,-0.4028616623608287,scrunch_idle
Peromyscus_leucopus,2,24,171.32441968711802,0.0007036325729551,0.0111177040813219,-3.9818908864406297,end_and_enter_rear
Peromyscus_leucopus,2,25,85.25670766915593,0.0003501508815176,0.0097603954438278,-4.800887002944845,syllable_25
Peromyscus_leucopus,2,26,122642.56764587609,0.5036953026550129,0.0313140152909831,4.007670816224391,still_2
Peromyscus_leucopus,2,27,1334.8636532740466,0.0054823098109007,0.0177503617382067,-1.6949924802694276,stop_rear_start_walking
Peromyscus_leucopus,2,28,214.8689040380125,0.0008824705787559,0.0277613688277636,-4.975385131170386,mid_rear_2
Peromyscus_leucopus,2,29,131.71063956445568,0.0005409380424084,0.0131504930804202,-4.6035071660391145,mid_rear_3
Peromyscus_leucopus,2,30,79.68906079327252,0.0003272844524134,0.010068019056331,-4.943086708234013,syllable_30
Peromyscus_leucopus,2,31,6507.69908469874,0.0267272409814497,0.0195135016227416,0.4538382105190178,groom_1
Peromyscus_leucopus,2,32,30.54568982805322,0.0001254517153226,0.0199613838030456,-7.313924302534223,slow_locomotion_2
Peromyscus_leucopus,2,33,99.59664681229216,0.0004090452778548,0.0105135865559722,-4.683847161401409,jump_1
Peromyscus_leucopus,2,34,42.701663985733056,0.0001753765269108,0.0177958111961424,-6.6649300774105145,very_slow_locomotion
Peromyscus_leucopus,2,35,47344.092276557734,0.1944430661059261,0.0267844393954166,2.8598807367961063,groom_2
Peromyscus_leucopus,2,36,8432.690075442995,0.034633214725336,0.0207472155908832,0.7392385492112754,groom_3
Peromyscus_leucopus,2,37,7652.253354588898,0.0314279466209634,0.020358410842027,0.6264230397868148,groom_4
Peromyscus_leucopus,2,38,2643.2886947372804,0.0108560357521594,0.0105878407057568,0.0360889789976469,brief_fast
Peromyscus_leucopus,2,39,53.440107521361845,0.0002194795139124,0.0100894235015325,-5.5226072165835065,paused_in_rear
Peromyscus_leucopus,2,40,5692.363208541022,0.0233786413982074,0.013483371824689,0.7940097273127065,groom_5
Peromyscus_leucopus,2,41,180.07851609683675,0.0007395858094635,0.0117746621438971,-3.9928224822878047,jump_2
Peromyscus_leucopus,2,42,6798.9467442200985,0.0279234005272427,0.0138852700753924,1.0079193536516788,groom_6
Peromyscus_leucopus,2,43,1.3296122915808193,5.460742370914848e-06,0.0058066365556676,-10.054126005848198,syllable_43
Peromyscus_leucopus,2,44,2042.4851929456424,0.0083885246140615,0.0071950872897696,0.2214048715014707,groom_7
Peromyscus_leucopus,2,45,289.2541424348482,0.0011879721341013,0.0032698858088472,-1.460738485827444,idle_enter_groom
Peromyscus_leucopus,2,46,1021.649691356372,0.0041959342532767,0.0057215115825484,-0.4474041831339392,syllable_46
Peromyscus_leucopus,2,47,1314.61444267046,0.0053991459269469,0.0049718964811887,0.1189349285483279,groom_10
Peromyscus_leucopus,2,48,1364.3544699051652,0.0056034291424157,0.0049070628285724,0.1914502066762902,groom_11
Peromyscus_leucopus,2,49,53.74163253818482,0.0002207178827554,0.0007070572672764,-1.6796190504595885,syllable_49
Peromyscus_leucopus,2,83,0.280019388374823,1.1500448276978877e-06,2.281688101420621e-07,2.3284614087642126,83
Peromyscus_maniculatus,1,0,1207009.4047858913,0.0470307756687216,0.0440218136666582,0.0953865399234407,head_low
Peromyscus_maniculatus,1,1,790194.1816981585,0.0307896899119585,0.0400574498068412,-0.3796232285360093,head_down
Peromyscus_maniculatus,1,2,1017762.5564568136,0.0396568264397541,0.0378045809489102,0.0690081651048433,sniff_floor
Peromyscus_maniculatus,1,3,703553.7618719334,0.0274137707745149,0.0342371555238016,-0.3206620498186419,step_to_stop
Peromyscus_maniculatus,1,4,792482.870857555,0.0308788680293817,0.0277448389479136,0.1544004328549134,turn_left
Peromyscus_maniculatus,1,5,619860.8197179349,0.0241526992601647,0.0228871192896641,0.0776485395928655,enter_rear
Peromyscus_maniculatus,1,6,689320.3817532202,0.0268591711958235,0.0237744585481498,0.1760022958908412,turn_right
Peromyscus_maniculatus,1,7,914567.0242289954,0.0356358420903556,0.0297637467758214,0.2597728583679342,extend_rear
Peromyscus_maniculatus,1,8,759279.7594349803,0.0295851183049579,0.0208366905515363,0.5057454881317396,extend_rear_2
Peromyscus_maniculatus,1,9,358115.6010885993,0.0139538718020635,0.022562401078726,-0.6932550829057895,still
Peromyscus_maniculatus,1,10,747949.4598585935,0.0291436364279124,0.0235112544512586,0.3098293740210686,motionless_rear
Peromyscus_maniculatus,1,11,423378.85461752425,0.0164968357789467,0.0319643682940132,-0.9542752091781896,start_moving
Peromyscus_maniculatus,1,12,485037.5246083501,0.018899348190923,0.0140684841888752,0.4258695592521908,syllable_12
Peromyscus_maniculatus,1,13,316076.1739424615,0.0123158175669332,0.0270332803071473,-1.1342241179364618,take_a_step
Peromyscus_maniculatus,1,14,788229.6442160124,0.030713142271775,0.0491506315762137,-0.6783538149463841,curve_spine
Peromyscus_maniculatus,1,15,472022.4674654767,0.0183922202179553,0.014815018687783,0.3120351802122822,syllable_15
Peromyscus_maniculatus,1,16,1695873.5159078166,0.0660792257068908,0.0303697207725121,1.1215631121570693,brief_walk
Peromyscus_maniculatus,1,17,1403838.317955165,0.0547001578820479,0.027529556850223,0.9905635843520724,slow_locomotion
Peromyscus_maniculatus,1,18,379936.8325602408,0.0148041298349245,0.0156704662802541,-0.0820484094561574,leave_rear_turn_right_2
Peromyscus_maniculatus,1,19,613382.1019025644,0.0239002578765372,0.0224348141792228,0.0912869459319473,high_rear
Peromyscus_maniculatus,1,20,624379.7982503175,0.0243287799640644,0.014062444764811,0.7908165010985092,enter_wall_rear
Peromyscus_maniculatus,1,21,364270.15228247346,0.014193682126153,0.0139893132140278,0.020923763405997,leave_rear_turn_left_2
Peromyscus_maniculatus,1,22,507024.2060006476,0.0197560529325437,0.0214935770274076,-0.1216108553456236,stopping
Peromyscus_maniculatus,1,23,794674.3058406294,0.0309642566656864,0.0390727338611411,-0.3355583797756505,scrunch_idle
Peromyscus_maniculatus,1,24,460762.6407787437,0.0179534842968658,0.0111177040813219,0.6914049231373872,end_and_enter_rear
Peromyscus_maniculatus,1,25,375783.96567315975,0.0146423145663989,0.0097603954438278,0.5851320695807514,syllable_25
Peromyscus_maniculatus,1,26,552474.5596915155,0.0215270129433138,0.0313140152909831,-0.5406603441819288,still_2
Peromyscus_maniculatus,1,27,808390.4855637279,0.0314987036791323,0.0177503617382067,0.8274439947334877,stop_rear_start_walking
Peromyscus_maniculatus,1,28,520659.18365418416,0.0202873359306122,0.0277613688277636,-0.4524992580423423,mid_rear_2
Peromyscus_maniculatus,1,29,423868.43191576935,0.0165159120181168,0.0131504930804202,0.3287397212379584,mid_rear_3
Peromyscus_maniculatus,1,30,371022.340874346,0.014456779220242,0.010068019056331,0.5219662788689198,syllable_30
Peromyscus_maniculatus,1,31,395327.14319275983,0.0154038088796444,0.0195135016227416,-0.3411855391785707,groom_1
Peromyscus_maniculatus,1,32,147263.21821601546,0.005738069109246,0.0199613838030456,-1.7985743092592892,slow_locomotion_2
Peromyscus_maniculatus,1,33,409053.4603129204,0.0159386508938626,0.0105135865559722,0.6002745652312741,jump_1
Peromyscus_maniculatus,1,34,65795.45869870235,0.0025637011988553,0.0177958111961424,-2.7952371860654175,very_slow_locomotion
Peromyscus_maniculatus,1,35,628665.5810395099,0.0244957742626375,0.0267844393954166,-0.128862202337943,groom_2
Peromyscus_maniculatus,1,36,578149.7031407824,0.0225274375522993,0.0207472155908832,0.1187654834014211,groom_3
Peromyscus_maniculatus,1,37,601297.0079766595,0.0234293656538991,0.020358410842027,0.2026929342966881,groom_4
Peromyscus_maniculatus,1,38,198948.13931281565,0.0077519572528851,0.0105878407057568,-0.4497758245484409,brief_fast
Peromyscus_maniculatus,1,39,120336.57838387144,0.0046888803022353,0.0100894235015325,-1.105528222597678,paused_in_rear
Peromyscus_maniculatus,1,40,381266.8977309474,0.0148559554432588,0.013483371824689,0.1398600630603333,groom_5
Peromyscus_maniculatus,1,41,460358.3215885583,0.0179377301154512,0.0117746621438971,0.6073116330438797,jump_2
Peromyscus_maniculatus,1,42,254254.7239890596,0.009906962480349,0.0138852700753924,-0.4870405033650161,groom_6
Peromyscus_maniculatus,1,43,8679.898622942987,0.0003382097631917,0.0058066365556676,-4.101708507512675,syllable_43
Peromyscus_maniculatus,1,44,112817.44046892964,0.0043958992474916,0.0071950872897696,-0.7108537413728208,groom_7
Peromyscus_maniculatus,1,45,108309.2504092383,0.0042202389133396,0.0032698858088472,0.3680843200566583,idle_enter_groom
Peromyscus_maniculatus,1,46,105999.19588458708,0.0041302283005799,0.0057215115825484,-0.4701747203619884,syllable_46
Peromyscus_maniculatus,1,47,52299.49108869869,0.002037834687309,0.0049718964811887,-1.2867588185464427,groom_10
Peromyscus_maniculatus,1,48,44395.99121810407,0.0017298770790767,0.0049070628285724,-1.5041896763306069,groom_11
Peromyscus_maniculatus,1,49,8596.980793094834,0.0003349788937063,0.0007070572672764,-1.077754605419482,syllable_49
Peromyscus_maniculatus,1,50,9.761963415998988,3.80372107859058e-07,0.0003163756533595,-9.69622809228232,syllable_50
Peromyscus_maniculatus,1,51,9.447997949976578,3.681385334215457e-07,4.2424071960458036e-07,-0.2041174063855524,syllable_51
Peromyscus_maniculatus,1,52,331.2412957083356,1.2906722191977347e-05,5.476158126474354e-06,1.2367349957636444,syllable_52
Peromyscus_maniculatus,1,53,31.625641451546908,1.2322840589224498e-06,4.5866060718655195e-07,1.4238641920764052,syllable_53
Peromyscus_maniculatus,1,54,19.962219459259977,7.77822162375599e-07,3.481616847405504e-07,1.1573986848608528,syllable_54
Peromyscus_maniculatus,1,55,57.52162829376711,2.2413137674462776e-06,8.46289170187128e-07,1.4040618347250564,syllable_55
Peromyscus_maniculatus,1,56,3.614349402745181,1.408320890250563e-07,6.317861649402589e-07,-2.157534083148852,syllable_56
Peromyscus_maniculatus,1,57,6.604157656025647,2.573291110822036e-07,9.673524774399573e-08,1.4022593676459558,57
Peromyscus_maniculatus,1,60,64.35282878890293,2.507489537710291e-06,9.460914605743696e-07,1.405243262469552,60
Peromyscus_maniculatus,1,61,29.403142657072813,1.1456850301058872e-06,0.0017961806185691,-10.613248350105602,syllable_61
Peromyscus_maniculatus,1,62,91.85600251789388,3.579142822843975e-06,1.3354355149989752e-06,1.4216269150747576,62
Peromyscus_maniculatus,1,64,16.486572019841862,6.423945556157027e-07,5.405629583921444e-07,0.2485746625969617,64
Peromyscus_maniculatus,1,65,26.687402655580517,1.0398669989635245e-06,6.778660882248365e-07,0.6165868096656563,65
Peromyscus_maniculatus,1,67,65.40798738504795,2.548603490123133e-06,1.2091539858771654e-06,1.0750822644064926,67
Peromyscus_maniculatus,1,68,21.686096416471084,8.449925341503375e-07,5.54788299402464e-07,0.606109468803515,68
Peromyscus_maniculatus,1,69,34.51802064309933,1.3449847855012212e-06,4.978869353611855e-07,1.4318773080960527,69
Peromyscus_maniculatus,1,72,47.238936273071026,1.8406516186855585e-06,1.2233793268874849e-06,0.5889495847859668,72
Peromyscus_maniculatus,1,80,50.36347726252035,1.9623984632087653e-06,1.4289216544496665e-06,0.4574168874605455,80
Peromyscus_maniculatus,1,81,47.402995119241275,1.847044124626364e-06,7.254923915262982e-07,1.346979609652069,syllable_81
Peromyscus_maniculatus,1,82,91.00438908457092,3.545959949388083e-06,1.5932381931557954e-06,1.1537158434142496,82
Peromyscus_maniculatus,1,85,43.359153824641325,1.6894770070776986e-06,7.397177325366192e-07,1.1904346132658388,85
Peromyscus_maniculatus,1,86,15.624385633342476,6.087997100682719e-07,1.114317222024386e-06,-0.8710467348368653,86
Peromyscus_maniculatus,1,87,32.23636816332744,1.2560808502836086e-06,4.694362533405464e-07,1.41800629264829,87
Peromyscus_maniculatus,1,88,47.1049471712265,1.8354307717179063e-06,7.397177325366187e-07,1.3099087311754576,88
Peromyscus_maniculatus,1,89,1.8071747013725905,7.041604451252815e-08,2.8450682020639178e-08,1.277947185793039,syllable_89
Peromyscus_maniculatus,1,90,5.764420431644214,2.2460899070537533e-07,8.515542006117179e-08,1.3888110967164222,90
Peromyscus_maniculatus,1,91,0.9754665545448944,3.80087748423798e-08,1.4225341010319589e-08,1.3573241466907575,91
Peromyscus_maniculatus,1,95,47.31319080780796,1.8435449253588544e-06,6.828163684953399e-07,1.4315840653934797,95
Peromyscus_maniculatus,2,0,40907.02704445981,0.0254553454001184,0.0440218136666582,-0.790249919068235,head_low
Peromyscus_maniculatus,2,1,25892.79360308534,0.0161123907592737,0.0400574498068412,-1.3138999464267436,head_down
Peromyscus_maniculatus,2,2,45455.48995855163,0.0282857318369523,0.0378045809489102,-0.4184865516353644,sniff_floor
Peromyscus_maniculatus,2,3,22042.144361440503,0.0137162350485631,0.0342371555238016,-1.3196782499506647,step_to_stop
Peromyscus_maniculatus,2,4,25203.681595869835,0.0156835748459595,0.0277448389479136,-0.8229649499479789,turn_left
Peromyscus_maniculatus,2,5,12839.191742337902,0.00798948454759,0.0228871192896641,-1.5183614366711935,enter_rear
Peromyscus_maniculatus,2,6,22306.597850659386,0.013880797359655,0.0237744585481498,-0.7763219979740947,turn_right
Peromyscus_maniculatus,2,7,17795.890610458257,0.011073905265704,0.0297637467758214,-1.4263919829511942,extend_rear
Peromyscus_maniculatus,2,8,10987.589332454205,0.0068372820461456,0.0208366905515363,-1.6076311691979528,extend_rear_2
Peromyscus_maniculatus,2,9,15361.492604029823,0.0095590447008517,0.022562401078726,-1.238982167387216,still
Peromyscus_maniculatus,2,10,13544.79311161424,0.0084285613485075,0.0235112544512586,-1.479993099701404,motionless_rear
Peromyscus_maniculatus,2,11,8702.228428200677,0.0054151632713328,0.0319643682940132,-2.561387619155278,start_moving
Peromyscus_maniculatus,2,12,8386.086223521546,0.0052184364594108,0.0140684841888752,-1.430777201229204,syllable_12
Peromyscus_maniculatus,2,13,8712.75091397277,0.005421711131912,0.0270332803071473,-2.3179162174022654,take_a_step
Peromyscus_maniculatus,2,14,63275.15253039033,0.0393744297564251,0.0491506315762137,-0.3199509180565305,curve_spine
Peromyscus_maniculatus,2,15,7936.568590610248,0.0049387136969435,0.014815018687783,-1.5848530098679647,syllable_15
Peromyscus_maniculatus,2,16,33256.837221413705,0.0206948375267289,0.0303697207725121,-0.5533626996803954,brief_walk
Peromyscus_maniculatus,2,17,31571.596259763304,0.0196461572910663,0.027529556850223,-0.4867342109285408,slow_locomotion
Peromyscus_maniculatus,2,18,11392.740323461105,0.0070893966377064,0.0156704662802541,-1.1443132435785266,leave_rear_turn_right_2
Peromyscus_maniculatus,2,19,13618.442768048291,0.0084743915536967,0.0224348141792228,-1.4045574345902188,high_rear
Peromyscus_maniculatus,2,20,13273.15609681458,0.0082595289221797,0.014062444764811,-0.7677159518084847,enter_wall_rear
Peromyscus_maniculatus,2,21,10146.260125849596,0.0063137454536171,0.0139893132140278,-1.1477570088344702,leave_rear_turn_left_2
Peromyscus_maniculatus,2,22,11135.86417209865,0.0069295495006637,0.0214935770274076,-1.6330719904563993,stopping
Peromyscus_maniculatus,2,23,106899.80790472678,0.0665208823526487,0.0390727338611411,0.7676450875682571,scrunch_idle
Peromyscus_maniculatus,2,24,10709.118737418574,0.0066639972661809,0.0111177040813219,-0.7383990869639705,end_and_enter_rear
Peromyscus_maniculatus,2,25,9481.374419437238,0.0059000049173045,0.0097603954438278,-0.7262233463806776,syllable_25
Peromyscus_maniculatus,2,26,177434.96318574462,0.1104130170359603,0.0313140152909831,1.8180298168861289,still_2
Peromyscus_maniculatus,2,27,17132.86433031385,0.0106613218004698,0.0177503617382067,-0.7354620560045935,stop_rear_start_walking
Peromyscus_maniculatus,2,28,14815.498421445644,0.0092192871699749,0.0277613688277636,-1.590351488287101,mid_rear_2
Peromyscus_maniculatus,2,29,11832.935135613054,0.0073633180589451,0.0131504930804202,-0.8366888831891011,mid_rear_3
Peromyscus_maniculatus,2,30,9714.836313758253,0.0060452819903914,0.010068019056331,-0.7358982143076408,syllable_30
Peromyscus_maniculatus,2,31,70745.61328257438,0.0440230970511223,0.0195135016227416,1.1737879148454222,groom_1
Peromyscus_maniculatus,2,32,3165.6378720860503,0.0019698915141905,0.0199613838030456,-3.3410229925183024,slow_locomotion_2
Peromyscus_maniculatus,2,33,12200.281146978608,0.0075919076259772,0.0105135865559722,-0.4697205110418953,jump_1
Peromyscus_maniculatus,2,34,1718.0205385328782,0.0010690780868851,0.0177958111961424,-4.057097290709603,very_slow_locomotion
Peromyscus_maniculatus,2,35,226910.88090644917,0.1412005532018021,0.0267844393954166,2.3982786916876444,groom_2
Peromyscus_maniculatus,2,36,119652.41659217227,0.0744564885881901,0.0207472155908832,1.843479798743367,groom_3
Peromyscus_maniculatus,2,37,115669.16111639809,0.0719778155757871,0.020358410842027,1.821927317944419,groom_4
Peromyscus_maniculatus,2,38,3681.572636813782,0.0022909438758251,0.0105878407057568,-2.208393880612121,brief_fast
Peromyscus_maniculatus,2,39,2781.432248480821,0.0017308106628026,0.0100894235015325,-2.543323233403872,paused_in_rear
Peromyscus_maniculatus,2,40,74037.57275724609,0.0460715951094115,0.013483371824689,1.7726961522529758,groom_5
Peromyscus_maniculatus,2,41,14193.913119177712,0.0088324913134178,0.0117746621438971,-0.4147932933009431,jump_2
Peromyscus_maniculatus,2,42,48263.343596995546,0.0300329838218469,0.0138852700753924,1.1129925214970091,groom_6
Peromyscus_maniculatus,2,43,178.83457130490004,0.0001112839556172,0.0058066365556676,-5.705372509294694,syllable_43
Peromyscus_maniculatus,2,44,22926.31747600918,0.0142664322555218,0.0071950872897696,0.9875403970986488,groom_7
Peromyscus_maniculatus,2,45,10029.040182495028,0.0062408026278617,0.0032698858088472,0.932491120867894,idle_enter_groom
Peromyscus_maniculatus,2,46,22511.766904822955,0.0140084685574048,0.0057215115825484,1.2918308437980142,syllable_46
Peromyscus_maniculatus,2,47,13450.296160253962,0.0083697584310156,0.0049718964811887,0.7513896076840384,groom_10
Peromyscus_maniculatus,2,48,10827.867036328347,0.0067378911465927,0.0049070628285724,0.4574372980656959,groom_11
Peromyscus_maniculatus,2,49,2250.5590204667565,0.0014004624962618,0.0007070572672764,0.9860033646816696,syllable_49
Peromyscus_maniculatus,2,50,0.1827476455908558,1.1371895675815661e-07,0.0003163756533595,-11.42932361693014,syllable_50
Peromyscus_maniculatus,2,51,0.3043757853334278,1.894048848544728e-07,4.2424071960458036e-07,-1.1592092594606969,syllable_51
Peromyscus_maniculatus,2,52,14.758704291664047,9.18394570679024e-06,5.476158126474354e-06,0.7458436616193924,syllable_52
Peromyscus_maniculatus,2,53,0.6168620394992822,3.83856696860653e-07,4.5866060718655195e-07,-0.2562476810591167,syllable_53
Peromyscus_maniculatus,2,54,0.6810228665267988,4.237822580941204e-07,3.481616847405504e-07,0.2828282567661452,syllable_54
Peromyscus_maniculatus,2,55,1.9700330712011245,1.2258987245046563e-06,8.46289170187128e-07,0.5340898311425369,syllable_55
Peromyscus_maniculatus,2,56,0.3856505972548188,2.3998001972164637e-07,6.317861649402589e-07,-1.392804523647846,syllable_56
Peromyscus_maniculatus,2,57,0.1960482352651402,1.219955568595569e-07,9.673524774399573e-08,0.3316553378822639,57
Peromyscus_maniculatus,2,60,2.1546426234196225,1.340776295802508e-06,9.460914605743696e-07,0.5025685034504788,60
Peromyscus_maniculatus,2,61,0.5683153273972901,3.536473804208828e-07,0.0017961806185691,-12.306260321975657,syllable_61
Peromyscus_maniculatus,2,62,1.1494348863315147,7.152624905915105e-07,1.3354355149989752e-06,-0.8998299293433776,62
Peromyscus_maniculatus,2,64,0.5134279801581355,3.194924568535848e-07,5.405629583921444e-07,-0.7568386635944356,64
Peromyscus_maniculatus,2,65,0.3125973444194972,1.945209404904866e-07,6.778660882248365e-07,-1.7958038894727644,65
Peromyscus_maniculatus,2,67,2.5920126149520684,1.612939906959216e-06,1.2091539858771654e-06,0.4153962279520238,67
Peromyscus_maniculatus,2,68,2.313903583528913,1.4398801183298783e-06,5.54788299402464e-07,1.374342939847982,68
Peromyscus_maniculatus,2,69,0.4819793569006664,2.999228223624982e-07,4.978869353611855e-07,-0.7293193625436458,69
Peromyscus_maniculatus,2,72,0.761063726929,4.735895380376439e-07,1.2233793268874849e-06,-1.3672983880153748,72
Peromyscus_maniculatus,2,80,0.6365227374796062,3.96091021720111e-07,1.4289216544496665e-06,-1.8483944569431976,80
Peromyscus_maniculatus,2,81,3.597004880758669,2.2383196301727952e-06,7.254923915262982e-07,1.6240408726694908,syllable_81
Peromyscus_maniculatus,2,82,8.995610915429175,5.597727321725226e-06,1.5932381931557954e-06,1.812231720580725,82
Peromyscus_maniculatus,2,85,0.640846175358715,3.987813811150643e-07,7.397177325366192e-07,-0.889712591763508,85
Peromyscus_maniculatus,2,86,0.3756143666575183,2.3373474269156893e-07,1.114317222024386e-06,-2.248350810735978,86
Peromyscus_maniculatus,2,87,0.7636318366725514,4.7518760382904106e-07,4.694362533405464e-07,0.0175308214839236,87
Peromyscus_maniculatus,2,88,4.895052828773501,3.046060041782775e-06,7.397177325366187e-07,2.0404221479885476,88
Peromyscus_maniculatus,2,89,0.1928252986274094,1.1999000986082318e-07,2.8450682020639178e-08,2.0385149795864,syllable_89
Peromyscus_maniculatus,2,90,0.2217573337532466,1.3799363907729273e-07,8.515542006117179e-08,0.6900053960191251,90
Peromyscus_maniculatus,2,91,0.0245334454551055,1.5266504877901076e-08,1.4225341010319589e-08,0.0954297565803364,91
Peromyscus_maniculatus,2,95,0.6868091921920062,4.2738293330929403e-07,6.828163684953399e-07,-0.6747079523897027,95
Peromyscus_polionotus,1,0,289114.50852992863,0.0478616407405435,0.0440218136666582,0.1206512675533406,head_low
Peromyscus_polionotus,1,1,273642.384819784,0.0453002984188677,0.0400574498068412,0.1774499727753279,head_down
Peromyscus_polionotus,1,2,220917.63695273336,0.0365719473119661,0.0378045809489102,-0.0478236149699063,sniff_floor
Peromyscus_polionotus,1,3,112407.26074364952,0.0186085297403337,0.0342371555238016,-0.8795987373912709,step_to_stop
Peromyscus_polionotus,1,4,208961.69975421924,0.0345926942685218,0.0277448389479136,0.3182479442687526,turn_left
Peromyscus_polionotus,1,5,192542.959534179,0.0318746437292403,0.0228871192896641,0.4778733108742821,enter_rear
Peromyscus_polionotus,1,6,183552.37223690524,0.0303862913755082,0.0237744585481498,0.3540081077580134,turn_right
Peromyscus_polionotus,1,7,125132.37781827184,0.0207151171437254,0.0297637467758214,-0.522872149986787,extend_rear
Peromyscus_polionotus,1,8,176480.00538327178,0.0292154920155761,0.0208366905515363,0.4876074103909767,extend_rear_2
Peromyscus_polionotus,1,9,136656.23922344318,0.0226228419318124,0.022562401078726,0.0038595683613241,still
Peromyscus_polionotus,1,10,72580.62751102663,0.012015405025225,0.0235112544512586,-0.9684661769909252,motionless_rear
Peromyscus_polionotus,1,11,129920.23795732913,0.0215077264218164,0.0319643682940132,-0.5716095346924727,start_moving
Peromyscus_polionotus,1,12,92252.68248703956,0.0152720275748079,0.0140684841888752,0.1184247111356432,syllable_12
Peromyscus_polionotus,1,13,143683.29020644914,0.0237861394478182,0.0270332803071473,-0.1846154389583343,take_a_step
Peromyscus_polionotus,1,14,426715.9435438167,0.0706409556960785,0.0491506315762137,0.5232948972592433,curve_spine
Peromyscus_polionotus,1,15,112108.83444555796,0.0185591265736112,0.014815018687783,0.3250683504269417,syllable_15
Peromyscus_polionotus,1,16,223118.56208438243,0.0369363008287905,0.0303697207725121,0.282405735139611,brief_walk
Peromyscus_polionotus,1,17,189468.9567800576,0.0313657560355673,0.027529556850223,0.1882089444495826,slow_locomotion
Peromyscus_polionotus,1,18,142551.13247395118,0.0235987156933689,0.0156704662802541,0.5906602070354998,leave_rear_turn_right_2
Peromyscus_polionotus,1,19,109289.93612132952,0.018092470301104,0.0224348141792228,-0.3103498158059254,high_rear
Peromyscus_polionotus,1,20,111155.92476988476,0.0184013765499712,0.014062444764811,0.3879662400255748,enter_wall_rear
Peromyscus_polionotus,1,21,115390.00738067758,0.0191023103834685,0.0139893132140278,0.4494219749563379,leave_rear_turn_left_2
Peromyscus_polionotus,1,22,230244.8862728249,0.0381160325891997,0.0214935770274076,0.8264923304508967,stopping
Peromyscus_polionotus,1,23,237507.42890752337,0.0393183147168324,0.0390727338611411,0.0090392829051809,scrunch_idle
Peromyscus_polionotus,1,24,82989.32096385938,0.0137385186425631,0.0111177040813219,0.3053675413613338,end_and_enter_rear
Peromyscus_polionotus,1,25,64112.35236662338,0.0106135191609895,0.0097603954438278,0.1208915779604516,syllable_25
Peromyscus_polionotus,1,26,83075.4183850175,0.0137527716935812,0.0313140152909831,-1.1870860489461363,still_2
Peromyscus_polionotus,1,27,31442.57862321933,0.0052051811916074,0.0177503617382067,-1.7698279404843105,stop_rear_start_walking
Peromyscus_polionotus,1,28,183332.6894123453,0.0303499238459801,0.0277613688277636,0.1286141875153469,mid_rear_2
Peromyscus_polionotus,1,29,208419.05623592268,0.034502862010518,0.0131504930804202,1.3915990757599386,mid_rear_3
Peromyscus_polionotus,1,30,91469.1419547562,0.0151423158711218,0.010068019056331,0.5888059681789733,syllable_30
Peromyscus_polionotus,1,31,92099.67824572744,0.0152466983927247,0.0195135016227416,-0.3559757994981168,groom_1
Peromyscus_polionotus,1,32,114087.13860496304,0.0188866261634257,0.0199613838030456,-0.0798467263534817,slow_locomotion_2
Peromyscus_polionotus,1,33,47659.73827722252,0.0078898609509824,0.0105135865559722,-0.4141830820383753,jump_1
Peromyscus_polionotus,1,34,30597.345343207715,0.0050652565237117,0.0177958111961424,-1.8128302542348451,very_slow_locomotion
Peromyscus_polionotus,1,35,81943.06204211686,0.0135653150600495,0.0267844393954166,-0.9814724927426614,groom_2
Peromyscus_polionotus,1,36,85429.74179767378,0.0141425196240346,0.0207472155908832,-0.5528785252146775,groom_3
Peromyscus_polionotus,1,37,73553.57184354964,0.0121764716985668,0.020358410842027,-0.7415287498876509,groom_4
Peromyscus_polionotus,1,38,135447.51789589325,0.0224227434095044,0.0105878407057568,1.082554335177663,brief_fast
Peromyscus_polionotus,1,39,40234.903620596786,0.0066607120898605,0.0100894235015325,-0.5990953415045808,paused_in_rear
Peromyscus_polionotus,1,40,72540.91140690629,0.0120088301981203,0.013483371824689,-0.1670856849499321,groom_5
Peromyscus_polionotus,1,41,72592.47647700596,0.0120173665696515,0.0117746621438971,0.0294351181817428,jump_2
Peromyscus_polionotus,1,42,62863.82574919433,0.0104068310472651,0.0138852700753924,-0.4160243790408659,groom_6
Peromyscus_polionotus,1,43,1808.2688439137576,0.0002993509879866,0.0058066365556676,-4.277788229037849,syllable_43
Peromyscus_polionotus,1,44,20169.242983539265,0.0033389298468463,0.0071950872897696,-1.1076261763398592,groom_7
Peromyscus_polionotus,1,45,28339.768442075012,0.0046915245545499,0.0032698858088472,0.5208164276915985,idle_enter_groom
Peromyscus_polionotus,1,46,30829.27908558213,0.0051036521390324,0.0057215115825484,-0.1648663170940861,syllable_46
Peromyscus_polionotus,1,47,23897.88808498169,0.003956190714181,0.0049718964811887,-0.3296842090766383,groom_10
Peromyscus_polionotus,1,48,24129.744364474325,0.0039945735058608,0.0049070628285724,-0.29681819903819,groom_11
Peromyscus_polionotus,1,49,1944.8419295843569,0.0003219600642119,0.0007070572672764,-1.1349428804522448,syllable_49
Peromyscus_polionotus,1,51,2.4648881553947497,4.080514394071375e-07,4.2424071960458036e-07,-0.055997473383741,syllable_51
Peromyscus_polionotus,1,52,28.73571457301873,4.75707170252319e-06,5.476158126474354e-06,-0.2030505189649285,syllable_52
Peromyscus_polionotus,1,54,3.0668579720028153,5.077049062830954e-07,3.481616847405504e-07,0.542933755058401,syllable_54
Peromyscus_polionotus,1,58,29.079578390162617,4.813996851535935e-06,4.846968299975184e-07,3.309406879256964,58
Peromyscus_polionotus,1,65,18.04864299486789,2.9878738056664192e-06,6.778660882248365e-07,2.1384030612561298,65
Peromyscus_polionotus,1,66,24.399690442681692,4.039261896907587e-06,7.966946316915272e-07,2.3405403400037916,66
Peromyscus_polionotus,1,74,70.97288942233061,1.1749251025561276e-05,1.5904423174134318e-06,2.884284806157658,74
Peromyscus_polionotus,1,80,41.86083553736449,6.929877998083635e-06,1.4289216544496665e-06,2.2771020196301524,80
Peromyscus_polionotus,1,82,6.925219076264413,1.1464396898069008e-06,1.5932381931557954e-06,-0.4744488700924028,82
Peromyscus_polionotus,2,0,53745.93808653949,0.0305319130398294,0.0440218136666582,-0.5279005825561752,head_low
Peromyscus_polionotus,2,1,49127.2465431581,0.0279081335770307,0.0400574498068412,-0.5213849175746751,head_down
Peromyscus_polionotus,2,2,51017.10873180381,0.0289817236948194,0.0378045809489102,-0.3834176491116747,sniff_floor
Peromyscus_polionotus,2,3,18539.42289597216,0.0105318479464815,0.0342371555238016,-1.7008041527791806,step_to_stop
Peromyscus_polionotus,2,4,36938.90657032734,0.0209841994268601,0.0277448389479136,-0.4029159880893393,turn_left
Peromyscus_polionotus,2,5,25662.02672857547,0.0145780462002741,0.0228871192896641,-0.6507384744410452,enter_rear
Peromyscus_polionotus,2,6,31528.730892811513,0.0179107948274252,0.0237744585481498,-0.4085831036794779,turn_right
Peromyscus_polionotus,2,7,11990.714322199845,0.0068116672627681,0.0297637467758214,-2.127476117705809,extend_rear
Peromyscus_polionotus,2,8,16566.954979975526,0.0094113312892395,0.0208366905515363,-1.1466553511213124,extend_rear_2
Peromyscus_polionotus,2,9,31658.973695947498,0.0179847829664545,0.022562401078726,-0.3271438407893712,still
Peromyscus_polionotus,2,10,6633.443488071857,0.0037683167685402,0.0235112544512586,-2.6413590454863143,motionless_rear
Peromyscus_polionotus,2,11,15276.488518893464,0.0086782450101028,0.0319643682940132,-1.8809892383082347,start_moving
Peromyscus_polionotus,2,12,9172.666321254816,0.0052107947211375,0.0140684841888752,-1.432891393076842,syllable_12
Peromyscus_polionotus,2,13,21605.46807356892,0.0122736023575375,0.0270332803071473,-1.1391777710372628,take_a_step
Peromyscus_polionotus,2,14,157978.76463649713,0.0897443430283939,0.0491506315762137,0.8686110342163067,curve_spine
Peromyscus_polionotus,2,15,12431.732005606684,0.0070621999362721,0.014815018687783,-1.068870768637484,syllable_15
Peromyscus_polionotus,2,16,26112.53929147863,0.0148339727108834,0.0303697207725121,-1.0337285741878013,brief_walk
Peromyscus_polionotus,2,17,28919.04917831425,0.0164282906977109,0.027529556850223,-0.7447989702394586,slow_locomotion
Peromyscus_polionotus,2,18,29567.97366352875,0.0167969307597763,0.0156704662802541,0.1001495243032768,leave_rear_turn_right_2
Peromyscus_polionotus,2,19,14319.71825331418,0.0081347243723064,0.0224348141792228,-1.4635737524027448,high_rear
Peromyscus_polionotus,2,20,11256.885435404123,0.0063947948337915,0.014062444764811,-1.1368773281124716,enter_wall_rear
Peromyscus_polionotus,2,21,20339.535936075128,0.0115544535006685,0.0139893132140278,-0.27587609016259,leave_rear_turn_left_2
Peromyscus_polionotus,2,22,33843.40883780176,0.0192257136519484,0.0214935770274076,-0.160868441059221,stopping
Peromyscus_polionotus,2,23,83370.79231070106,0.0473611564243868,0.0390727338611411,0.2775420991522622,scrunch_idle
Peromyscus_polionotus,2,24,9482.477465659807,0.0053867917779665,0.0111177040813219,-1.0453605444335083,end_and_enter_rear
Peromyscus_polionotus,2,25,6874.712367392747,0.0039053764367663,0.0097603954438278,-1.3214777628355543,syllable_25
Peromyscus_polionotus,2,26,34082.819059679496,0.0193617174568024,0.0313140152909831,-0.6936015530973058,still_2
Peromyscus_polionotus,2,27,3370.069518761593,0.0019144641092566,0.0177503617382067,-3.2128352344554623,stop_rear_start_walking
Peromyscus_polionotus,2,28,30715.595622162793,0.0174488701451712,0.0277613688277636,-0.6699450522063708,mid_rear_2
Peromyscus_polionotus,2,29,31658.45516896088,0.0179844884024107,0.0131504930804202,0.4516361961206915,mid_rear_3
Peromyscus_polionotus,2,30,10431.396320274724,0.0059258521978313,0.010068019056331,-0.7646852038575671,syllable_30
Peromyscus_polionotus,2,31,95813.10732047772,0.05442936833802,0.0195135016227416,1.4799125587653876,groom_1
Peromyscus_polionotus,2,32,13359.349704151582,0.0075891596268924,0.0199613838030456,-1.395199574577685,slow_locomotion_2
Peromyscus_polionotus,2,33,7686.784728942742,0.0043666973031911,0.0105135865559722,-1.267640281419253,jump_1
Peromyscus_polionotus,2,34,3930.0780991687825,0.0022325929555895,0.0177958111961424,-2.994744983032034,very_slow_locomotion
Peromyscus_polionotus,2,35,104635.09722090673,0.0594409513165225,0.0267844393954166,1.150062075503085,groom_2
Peromyscus_polionotus,2,36,102244.2887264134,0.0580827843620036,0.0207472155908832,1.4851928394039815,groom_3
Peromyscus_polionotus,2,37,89231.83318831779,0.0506906878600489,0.020358410842027,1.3160957482485096,groom_4
Peromyscus_polionotus,2,38,19767.63364518474,0.0112295680928703,0.0105878407057568,0.0848940379248266,brief_fast
Peromyscus_polionotus,2,39,5070.453811188498,0.002880415903922,0.0100894235015325,-1.808494342039272,paused_in_rear
Peromyscus_polionotus,2,40,78667.62813201045,0.0446893898718223,0.013483371824689,1.7287509531136038,groom_5
Peromyscus_polionotus,2,41,16725.659266820785,0.0095014877858515,0.0117746621438971,-0.3094602952215135,jump_2
Peromyscus_polionotus,2,42,104591.8354915261,0.0594163752572624,0.0138852700753924,2.0973052769273477,groom_6
Peromyscus_polionotus,2,43,202.38815182210337,0.0001149723620373,0.0058066365556676,-5.65833143562368,syllable_43
Peromyscus_polionotus,2,44,28896.895311927234,0.0164157055620503,0.0071950872897696,1.1899925522165948,groom_7
Peromyscus_polionotus,2,45,13216.700781496913,0.0075081238378305,0.0032698858088472,1.199211942179722,idle_enter_groom
Peromyscus_polionotus,2,46,55526.79203443714,0.0315435779173928,0.0057215115825484,2.4628778524481505,syllable_46
Peromyscus_polionotus,2,47,46112.349226547805,0.026195435167217,0.0049718964811887,2.397447029871062,groom_10
Peromyscus_polionotus,2,48,46902.59845010706,0.0266443587776795,0.0049070628285724,2.440898225328678,groom_11
Peromyscus_polionotus,2,49,3447.585672167608,0.0019584993710686,0.0007070572672764,1.469848386932321,syllable_49
Peromyscus_polionotus,2,51,0.7504087958642016,4.2629111920528666e-07,4.2424071960458036e-07,0.006939581385042,syllable_51
Peromyscus_polionotus,2,52,7.856503504744781,4.4631108944037395e-06,5.476158126474354e-06,-0.2950546657553703,syllable_52
Peromyscus_polionotus,2,54,0.7646510974831818,4.343818648504284e-07,3.481616847405504e-07,0.3183860620710778,syllable_54
Peromyscus_polionotus,2,58,4.993195657637111,2.836527206285969e-06,4.846968299975184e-07,2.5465062496156285,58
Peromyscus_polionotus,2,65,2.6033667343250406,1.478916725115344e-06,6.778660882248365e-07,1.1243170732258996,65
Peromyscus_polionotus,2,66,0.818670732284145,4.650692591151017e-07,7.966946316915272e-07,-0.7752922098509242,66
Peromyscus_polionotus,2,74,40.506619536007605,2.3010940533208063e-05,1.5904423174134318e-06,3.853975875305168,74
Peromyscus_polionotus,2,80,7.588190845417787,4.310688235618501e-06,1.4289216544496665e-06,1.5923167614354057,80
Peromyscus_polionotus,2,82,5.074780923735588,2.882874043619782e-06,1.5932381931557954e-06,0.8551409579437684,82
