species,ranking,support_cutoff,n_retained_clusters,nn_absorption_sigma,nn_absorption_n_neighbors,status,n_macro_clusters,n_absorbed_clusters,supported_occupancy_fraction,transition_entropy_bits,transition_entropy_weighting,mean_transition_entropy_bits,entropy_delta_from_full_n_bits,entropy_delta_from_previous_n_bits,pi_effective_clusters,max_leading_eigen_delta_from_full_n,max_leading_eigen_delta_from_previous_n,lambda_2_abs,lambda_2_real,lambda_2_imag,lambda_3_abs,lambda_3_real,lambda_3_imag,lambda_4_abs,lambda_4_real,lambda_4_imag,lambda_5_abs,lambda_5_real,lambda_5_imag,lambda_6_abs,lambda_6_real,lambda_6_imag
Mus_caroli,occupancy_descending,1000,1000,2.0,3,ok,1000,0,1.0,7.937940082291655,empirical_macro_occupancy,7.433030432549493,0.0,,695.4931588378599,0.0,,0.7573630552096715,0.7573630552096715,0.0,0.686551268801358,0.686551268801358,0.0,0.5714143332385553,0.5714143332385553,0.0,0.5401687811683883,0.5401687811683883,0.0,0.47229471936505957,0.47229471936505957,0.0
Mus_caroli,occupancy_descending,975,975,2.0,3,ok,975,25,0.9994171104461581,7.939732848375314,empirical_macro_occupancy,7.524308386354075,0.001792766083659636,0.001792766083659636,695.3408178299505,0.0031042987673380873,0.0031042987673380873,0.7567276869510233,0.7567276869510233,0.0,0.6859624371770529,0.6859624371770529,0.0,0.5683100344712172,0.5683100344712172,0.0,0.5396657575649793,0.5396657575649793,0.0,0.47002986805017904,0.47002986805017904,0.0
Mus_caroli,occupancy_descending,950,950,2.0,3,ok,950,50,0.9971894473950791,7.943951621410491,empirical_macro_occupancy,7.596504124121608,0.006011539118836673,0.004218773035177037,694.5007355563987,0.027092070127695544,0.023987771360357457,0.7536859087885112,0.7536859087885112,0.0,0.6838356165973021,0.6838356165973021,0.0,0.5443222631108597,0.5443222631108597,0.0,0.5339411738721634,0.5339411738721634,0.0,0.455629942094497,0.455629942094497,0.0
Mus_caroli,occupancy_descending,925,925,2.0,3,ok,925,75,0.9933994809978974,7.94964222311767,empirical_macro_occupancy,7.655591556809558,0.011702140826015395,0.005690601707178722,692.3583077624078,0.03429842412032302,0.028070816824098177,0.7501748913867241,0.7501748913867241,0.0,0.6805955527554348,0.6805955527554348,0.0,0.5391099067238695,0.5391099067238695,0.0,0.5058703570480653,0.5058703570480653,0.0,0.417224254444372,0.417224254444372,0.0
Mus_caroli,occupancy_descending,900,900,2.0,3,ok,900,100,0.9881555206175916,7.954889983165215,empirical_macro_occupancy,7.6980921315604185,0.016949900873560075,0.005247760047544681,689.402838885208,0.03435336709807091,0.0007924522462803285,0.7499959893228625,0.7499959893228625,0.0,0.6802996038578807,0.6802996038578807,0.0,0.5383174544775892,0.5383174544775892,0.0,0.5058154140703174,0.5058154140703174,0.0,0.4151393887123941,0.4151393887123941,0.0
Mus_caroli,occupancy_descending,875,875,2.0,3,ok,875,125,0.9815024618847401,7.959616795709621,empirical_macro_occupancy,7.731435789915748,0.02167671341796673,0.0047268125444066555,684.512590450195,0.04345373065224695,0.009100363554176039,0.7479155656509529,0.7479155656509529,0.0,0.6784059997571193,0.6784059997571193,0.0,0.5364285946750468,0.5364285946750468,0.0,0.49671505051614134,0.49671505051614134,0.0,0.4054504044338103,0.4054504044338103,0.0
Mus_caroli,occupancy_descending,850,850,2.0,3,ok,850,150,0.973733041536856,7.963214179180419,empirical_macro_occupancy,7.765474630435328,0.02527409688876414,0.0035973834707974106,678.4811676791653,0.05981876770634559,0.01636503705409864,0.7441268017156655,0.7441268017156655,0.0,0.6751943988555457,0.6751943988555457,0.0,0.5329067895672185,0.5329067895672185,0.0,0.4803500134620427,0.4803500134620427,0.0,0.40142844559358126,0.40142844559358126,0.0
Mus_caroli,occupancy_descending,825,825,2.0,3,ok,825,175,0.9649258538432974,7.967148022277932,empirical_macro_occupancy,7.795428510587656,0.029207939986277687,0.003933843097513545,670.7477701873906,0.08712917802896503,0.02731041032261944,0.7409375401472993,0.7409375401472993,0.0,0.670701839836754,0.670701839836754,0.0,0.5279624938637577,0.5279624938637577,0.0,0.45303960313942326,0.45303960313942326,0.0,0.39844621953735615,0.39844621953735615,0.0
Mus_caroli,occupancy_descending,800,800,2.0,3,ok,800,200,0.9550279284197847,7.969846667304333,empirical_macro_occupancy,7.823646216334514,0.03190658501267851,0.0026986450264008255,662.5999094295214,0.11655409701711056,0.029424918988145532,0.7383053200143983,0.7383053200143983,0.0,0.6673351208056808,0.6673351208056808,0.0,0.5247570154821574,0.5247570154821574,0.0,0.42361468415127773,0.42361468415127773,0.0,0.3949690759316655,0.3949690759316655,0.0
Mus_caroli,occupancy_descending,775,775,2.0,3,ok,775,225,0.9441183978525892,7.970524959513804,empirical_macro_occupancy,7.84120455107173,0.03258487722214909,0.0006782922094705768,652.7421287244728,0.10959058335606225,0.006963513661048304,0.7367693083021706,0.7367693083021706,0.0,0.6656182794313281,0.6656182794313281,0.0,0.5205654541002973,0.5205654541002973,0.0,0.43057819781232604,0.43057819781232604,0.0,0.3899963280006827,0.3899963280006827,0.0
Mus_caroli,occupancy_descending,750,750,2.0,3,ok,750,250,0.9320471793862519,7.971276299325876,empirical_macro_occupancy,7.860836681884184,0.03333621703422107,0.0007513398120719827,641.1249335494484,0.11452470212831378,0.004934118772251528,0.7341065275559238,0.7341065275559238,0.0,0.6622170171156502,0.6622170171156502,0.0,0.5167042791997343,0.5167042791997343,0.0,0.4256440790400745,0.4256440790400745,0.0,0.38622373875742805,0.38622373875742805,0.0
Mus_caroli,occupancy_descending,725,725,2.0,3,ok,725,275,0.9189202137893323,7.9672239055122525,empirical_macro_occupancy,7.870617309810001,0.02928382322059786,-0.004052393813623212,626.9062902679849,0.11664292262841769,0.0041510095591579255,0.7314338773953482,0.7314338773953482,0.0,0.6590394903877536,0.6590394903877536,0.0,0.5125532696405763,0.5125532696405763,0.0,0.4235258585399706,0.4235258585399706,0.0,0.382132705982843,0.382132705982843,0.0
Mus_caroli,occupancy_descending,700,700,2.0,3,ok,700,300,0.9048475330389314,7.959663941751694,empirical_macro_occupancy,7.882360623257951,0.02172385946003974,-0.007559963760558119,611.0681132581825,0.1604795401070907,0.04383661747867301,0.7281949460084798,0.7281949460084798,0.0,0.6537585556017772,0.6537585556017772,0.0,0.5054352463774542,0.5054352463774542,0.0,0.3796892410612976,0.3796892410612976,0.0,0.3769076594350351,0.3769076594350351,0.0
Mus_caroli,occupancy_descending,675,675,2.0,3,ok,675,325,0.8896321131447408,7.9553004283933415,empirical_macro_occupancy,7.894076367996809,0.017360346101686908,-0.004363513358352833,595.9865937519127,0.16275367359877974,0.00438872441131688,0.7249536784180852,0.7249536784180852,0.0,0.6493698311904603,0.6493698311904603,0.0,0.5038150005743182,0.5038150005743182,0.0,0.37741510756960855,0.37741510756960855,0.0,0.3726355348814677,0.3726355348814677,0.0
Mus_caroli,occupancy_descending,650,650,2.0,3,ok,650,350,0.8734990782399492,7.949336322144027,empirical_macro_occupancy,7.914685427001532,0.011396239852372148,-0.00596410624931476,578.2019481590561,0.16994545973632091,0.007233573826215478,0.7206710344939817,0.7206710344939817,0.0,0.6421362573642448,0.6421362573642448,0.0,0.49997484085023275,0.49997484085023275,0.0,0.3702233214320674,0.3702233214320674,0.0,0.3400378974709726,0.3400378974709726,0.0
Mus_caroli,occupancy_descending,625,625,2.0,3,ok,625,375,0.8565409111702805,7.934533123762817,empirical_macro_occupancy,7.91903391858447,-0.003406958528837656,-0.014803198381209803,555.4403562477617,0.17697096129712364,0.009117595341032403,0.7155047346227186,0.7155047346227186,0.0,0.6330186620232124,0.6330186620232124,0.0,0.4950022739292327,0.4950022739292327,0.0,0.36319781987126465,0.36319781987126465,0.0,0.3244054906975952,0.3244054906975952,0.0
Mus_caroli,occupancy_descending,600,600,2.0,3,ok,600,400,0.8387814055433076,7.922136000778673,empirical_macro_occupancy,7.921419779560344,-0.015804081512981405,-0.01239712298414375,537.0694090317932,0.1810112308035654,0.004040269506441763,0.7127873583357209,0.7127873583357209,0.0,0.6300275237822046,0.6300275237822046,0.0,0.4910612534002159,0.4910612534002159,0.0,0.3591575503648229,0.3591575503648229,0.0,0.32007532797383376,0.32007532797383376,0.0
Mus_caroli,occupancy_descending,575,575,2.0,3,ok,575,425,0.8200720935543117,7.907407657991936,empirical_macro_occupancy,7.913919697126121,-0.03053242429971892,-0.014728342786737514,517.2679137952334,0.18394057351964427,0.010066154289965379,0.71132022849441,0.71132022849441,0.0,0.6279272508220672,0.6279272508220672,0.0,0.4809950991102505,0.4809950991102505,0.0,0.356228207648744,0.356228207648744,0.0,0.31308553657081906,0.31308553657081906,0.0
Mus_caroli,occupancy_descending,550,550,2.0,3,ok,550,450,0.8003435323214626,7.8889178639133295,empirical_macro_occupancy,7.905300352037682,-0.0490222183783251,-0.01848979407860618,499.20336157220083,0.18745164539617276,0.007149471565064125,0.7096939794619512,0.7096939794619512,0.0,0.6258083457632576,0.6258083457632576,0.0,0.4738456275451864,0.4738456275451864,0.0,0.35271713577221553,0.35271713577221553,0.0,0.3099863441337386,0.3099863441337386,0.0
Mus_caroli,occupancy_descending,525,525,2.0,3,ok,525,475,0.7794329348101448,7.866965512960884,empirical_macro_occupancy,7.890530181576221,-0.07097456933077062,-0.02195235095244552,477.9513495225967,0.1911555907562697,0.004460326436841355,0.7077181368056187,0.7077181368056187,0.0,0.6228907781340283,0.6228907781340283,0.0,0.46938530110834503,0.46938530110834503,0.0,0.3490131904121186,0.3490131904121186,0.0,0.30575105590157037,0.30575105590157037,0.0
Mus_caroli,occupancy_descending,500,500,2.0,3,ok,500,500,0.7574436578677332,7.832644959047773,empirical_macro_occupancy,7.868236263650843,-0.10529512324388168,-0.03432055391311106,451.09635059067057,0.19863068950972518,0.014734141399563971,0.704105593063448,0.704105593063448,0.0,0.6174549779402704,0.6174549779402704,0.0,0.45465115970878106,0.45465115970878106,0.0,0.3415380916586631,0.3415380916586631,0.0,0.29964671210396493,0.29964671210396493,0.0
Mus_caroli,occupancy_descending,475,475,2.0,3,ok,475,525,0.7342390766616039,7.788532323823965,empirical_macro_occupancy,7.831170018260529,-0.1494077584676896,-0.04411263522380793,421.1530140787487,0.2048579948143608,0.006925435203100239,0.70194500910786,0.70194500910786,0.0,0.6160503034184643,0.6160503034184643,0.0,0.4477257245056808,0.4477257245056808,0.0,0.3353107863540275,0.3353107863540275,0.0,0.29557682357259984,0.29557682357259984,0.0
Mus_caroli,occupancy_descending,450,450,2.0,3,ok,450,550,0.7100865193709573,7.748564390041345,empirical_macro_occupancy,7.8063264191088315,-0.1893756922503096,-0.03996793378261998,395.84541538867194,0.21145173193758376,0.006593737123222976,0.6980252867340909,0.6980252867340909,0.0,0.611357690265408,0.611357690265408,0.0,0.44397541866093443,0.44397541866093443,0.0,0.3287170492308045,0.3287170492308045,0.0,0.2933941299281955,0.2933941299281955,0.0
Mus_caroli,occupancy_descending,425,425,2.0,3,ok,425,575,0.6848488228462559,7.704109762301156,empirical_macro_occupancy,7.770185219216881,-0.2338303199904983,-0.04445462774018871,373.53617269648964,0.2156725791126609,0.010070980692927112,0.6941766238094164,0.6941766238094164,0.0,0.6024848153253789,0.6024848153253789,0.0,0.4339044379680073,0.4339044379680073,0.0,0.3244962020557274,0.3244962020557274,0.0,0.28641605199277215,0.28641605199277215,0.0
Mus_caroli,occupancy_descending,400,400,2.0,3,ok,400,600,0.658340913732669,7.644620182206462,empirical_macro_occupancy,7.717729077218815,-0.2933199000851925,-0.05948958009469418,343.6798475588441,0.22308354240168382,0.014222918030369458,0.6920572499841569,0.6920572499841569,0.0,0.6000546384048873,0.6000546384048873,0.0,0.41968151993763786,0.41968151993763786,0.0,0.31708523876670447,0.31708523876670447,0.0,0.2789280747300143,0.2789280747300143,0.0
Mus_caroli,occupancy_descending,375,375,2.0,3,ok,375,625,0.6307714436658348,7.587910736525373,empirical_macro_occupancy,7.673920052075521,-0.35002934576628153,-0.056709445681089043,319.7761621113605,0.2294865682118855,0.021842546929534135,0.6824504438825952,0.6824504438825952,0.0,0.5782120914753531,0.5782120914753531,0.0,0.41031299270628613,0.41031299270628613,0.0,0.3106822129565028,0.3106822129565028,0.0,0.2669221576858072,0.2669221576858072,0.0
Mus_caroli,occupancy_descending,350,350,2.0,3,ok,350,650,0.6021336298526444,7.520659694009849,empirical_macro_occupancy,7.617801986439828,-0.4172803882818057,-0.06725104251552416,294.57562762694766,0.23788731854403433,0.011305366117022986,0.676601594200516,0.676601594200516,0.0,0.5734704549611533,0.5734704549611533,0.0,0.39900762658926314,0.39900762658926314,0.0,0.30228146262435396,0.30228146262435396,0.0,0.2612943672535191,0.2612943672535191,0.0
Mus_caroli,occupancy_descending,325,325,2.0,3,ok,325,675,0.5722925700745968,7.442584932001009,empirical_macro_occupancy,7.553426516266318,-0.4953551502906457,-0.07807476200884,269.99499260848995,0.243976200795762,0.010558737289807163,0.6720251722736543,0.6720251722736543,0.0,0.5672505385500043,0.5672505385500043,0.0,0.388448889299456,0.388448889299456,0.0,0.2961925803726263,0.2961925803726263,0.0,0.25357548530335144,0.25357548530335144,0.0
Mus_caroli,occupancy_descending,300,300,2.0,3,ok,300,700,0.5406607452523947,7.334006424260153,empirical_macro_occupancy,7.463348864411793,-0.6039336580315018,-0.10857850774085609,239.1842692759648,0.25396318212822633,0.00998698133246434,0.6660248457234255,0.6660248457234255,0.0,0.5660756214034344,0.5660756214034344,0.0,0.37943497704696433,0.37943497704696433,0.0,0.28620559904016196,0.28620559904016196,0.0,0.24219148630896853,0.24219148630896853,0.0
Mus_caroli,occupancy_descending,275,275,2.0,3,ok,275,725,0.507750633087606,7.233530683985999,empirical_macro_occupancy,7.37400414273632,-0.7044093983056552,-0.1004757402741534,215.14126415426585,0.26131454620506966,0.02937190590629024,0.6564602887812274,0.6564602887812274,0.0,0.5367037154971441,0.5367037154971441,0.0,0.369607866947926,0.369607866947926,0.0,0.2788542349633186,0.2788542349633186,0.0,0.21063977410292495,0.21063977410292495,0.0
Mus_caroli,occupancy_descending,250,250,2.0,3,ok,250,750,0.4736459956919574,7.120985106029755,empirical_macro_occupancy,7.277074670922372,-0.8169549762618997,-0.11254557795624454,190.85664885300636,0.270963942455888,0.015531116241361387,0.6492791224055727,0.6492791224055727,0.0,0.5322426929183993,0.5322426929183993,0.0,0.35407675070656464,0.35407675070656464,0.0,0.2692048387125003,0.2692048387125003,0.0,0.20597806123228052,0.20597806123228052,0.0
Mus_caroli,occupancy_descending,225,225,2.0,3,ok,225,775,0.4383764404956865,6.988721690313463,empirical_macro_occupancy,7.168703561490819,-0.9492183919781914,-0.13226341571629163,170.13545225787095,0.2771211331892991,0.016639321399657236,0.6439510165225444,0.6439510165225444,0.0,0.5256779766945578,0.5256779766945578,0.0,0.3374374293069074,0.3374374293069074,0.0,0.2630476479790892,0.2630476479790892,0.0,0.19979109957893595,0.19979109957893595,0.0
Mus_caroli,occupancy_descending,200,200,2.0,3,ok,200,800,0.40162737509459573,6.845488272919573,empirical_macro_occupancy,7.035118437241172,-1.0924518093720819,-0.1432334173938905,148.58243038709296,0.28762509230002925,0.03686751743975908,0.6308861267532324,0.6308861267532324,0.0,0.48881045925479877,0.48881045925479877,0.0,0.32311439841446493,0.32311439841446493,0.0,0.25254368886835904,0.25254368886835904,0.0,0.18641413865771028,0.18641413865771028,0.0
Mus_caroli,occupancy_descending,175,175,2.0,3,ok,175,825,0.363037588839786,6.630487134176928,empirical_macro_occupancy,6.855818515628389,-1.3074529481147268,-0.21500113874264493,119.00697307475542,0.3063936819447962,0.018768589644766992,0.6203595357158105,0.6203595357158105,0.0,0.47863826140361904,0.47863826140361904,0.0,0.31062911962745376,0.31062911962745376,0.0,0.23377509922359205,0.23377509922359205,0.0,0.17216612384545807,0.17216612384545807,0.0
Mus_caroli,occupancy_descending,150,150,2.0,3,ok,150,850,0.32275824112054324,6.412328987087817,empirical_macro_occupancy,6.652990035504068,-1.5256110952038373,-0.21815814708911052,97.32046923067517,0.31968436125150373,0.02044431602787683,0.6093700249227332,0.6093700249227332,0.0,0.4581939453757422,0.4581939453757422,0.0,0.2965354168888302,0.2965354168888302,0.0,0.22048441991688456,0.22048441991688456,0.0,0.16717605385233458,0.16717605385233458,0.0
Mus_caroli,occupancy_descending,125,125,2.0,3,ok,125,875,0.28056980629957834,6.164876703216771,empirical_macro_occupancy,6.421119108425707,-1.773063379074884,-0.24745228387104667,78.13730362621112,0.3425190751529315,0.06022733495958449,0.5865779667527995,0.5865779667527995,0.0,0.3979666104161577,0.3979666104161577,0.0,0.2621264075633958,0.2621264075633958,0.0,0.19764970601545678,0.19764970601545678,0.0,0.14991708880192758,0.14991708880192758,0.0
Mus_caroli,occupancy_descending,100,100,2.0,3,ok,100,900,0.23595054762441284,5.786071568890992,empirical_macro_occupancy,6.109103834171422,-2.1518685134006628,-0.3788051343257788,52.3788546011121,0.38317809008895476,0.04517086444330637,0.5577261334347051,0.5577261334347051,0.0,0.35279574597285135,0.35279574597285135,0.0,0.21765915552173393,0.21765915552173393,0.0,0.15699069107943356,0.15699069107943356,0.0,0.1295796175059254,0.1295796175059254,0.0
Mus_caroli,occupancy_descending,75,75,2.0,3,ok,75,925,0.18809654261655825,5.359498951323667,empirical_macro_occupancy,5.675429801140203,-2.5784411309679873,-0.42657261756732456,35.58181894650217,0.42091265747178164,0.08161745032152351,0.52796082091818,0.52796082091818,0.0,0.27117829565132784,0.27117829565132784,0.0,0.15050167576677367,0.15050167576677367,0.0,0.14192383251765772,0.14192383251765772,0.0,0.11095910551785161,0.11095910551785161,0.0
Mus_caroli,occupancy_descending,50,50,2.0,3,ok,50,950,0.13564089696948034,4.642414165772964,empirical_macro_occupancy,4.995615050782037,-3.2955259165186908,-0.7170847855507034,19.20794531780807,0.4547830318683382,0.03941005871830805,0.5042600203578629,0.5042600203578629,0.0,0.2317682369330198,0.2317682369330198,0.0,0.12018067885651014,0.12018067885651014,0.0,0.11085430932335295,0.11085430932335295,0.0,0.07472021069353384,0.07472021069353384,0.0
Mus_musculus,occupancy_descending,1000,1000,2.0,3,ok,1000,0,1.0,7.7653839770168425,empirical_macro_occupancy,7.696786555194434,0.0,,628.0183633989756,0.0,,0.8768326221746143,0.8768326221746143,0.0,0.7535297120366949,0.7535297120366949,0.0,0.7410670789119684,0.7410670789119684,0.0,0.7133095727969779,0.7133095727969779,0.0,0.5864739546185868,0.5864739546185868,0.0
Mus_musculus,occupancy_descending,975,975,2.0,3,ok,975,25,0.9999273734859069,7.765642218437539,empirical_macro_occupancy,7.797858116278913,0.00025824142069641454,0.00025824142069641454,628.006371170491,0.0008330326269151422,0.0008330326269151422,0.8767793021237327,0.8767793021237327,0.0,0.7535068455224755,0.7535068455224755,0.0,0.7402340462850533,0.7402340462850533,0.0,0.7132430443814799,0.7132430443814799,0.0,0.5864627062132123,0.5864627062132123,0.0
Mus_musculus,occupancy_descending,950,950,2.0,3,ok,950,50,0.9994522925314825,7.766027598856937,empirical_macro_occupancy,7.8370214891657834,0.000643621840094255,0.0003853804193978405,627.9336896988004,0.0031242185677694545,0.0022911859408543123,0.8767421791273422,0.8767421791273422,0.0,0.7534726069728873,0.7534726069728873,0.0,0.737942860344199,0.737942860344199,0.0,0.7131106957078711,0.7131106957078711,0.0,0.5864502116324427,0.5864502116324427,0.0
Mus_musculus,occupancy_descending,925,925,2.0,3,ok,925,75,0.998366509819984,7.765562514166221,empirical_macro_occupancy,7.851252708984844,0.00017853714937832166,-0.0004650846907159334,627.6621674095023,0.011748542235437642,0.008624323667668188,0.8767110647949302,0.8767110647949302,0.0,0.7533787792625413,0.7533787792625413,0.0,0.7293185366765308,0.7293185366765308,0.0,0.7123607719225862,0.7123607719225862,0.0,0.5863890971163155,0.5863890971163155,0.0
Mus_musculus,occupancy_descending,900,900,2.0,3,ok,900,100,0.9963206647644304,7.763201513918762,empirical_macro_occupancy,7.86028285240533,-0.002182463098080234,-0.0023610002474585556,626.952439470551,0.024182905974664437,0.012736088958861802,0.8766001728719123,0.8766001728719123,0.0,0.7532104798178382,0.7532104798178382,0.0,0.716884172937304,0.716884172937304,0.0,0.6996246829637244,0.6996246829637244,0.0,0.5860693452955941,0.5860693452955941,0.0
Mus_musculus,occupancy_descending,875,875,2.0,3,ok,875,125,0.9932839832205231,7.7588656908124145,empirical_macro_occupancy,7.860944983491777,-0.006518286204427959,-0.004335823106347725,625.5609845301283,0.024937444248487095,0.0038585244667552754,0.8764697617070608,0.8764697617070608,0.0,0.7531518007141661,0.7531518007141661,0.0,0.7161296346634813,0.7161296346634813,0.0,0.6957661584969691,0.6957661584969691,0.0,0.585986141300043,0.585986141300043,0.0
Mus_musculus,occupancy_descending,850,850,2.0,3,ok,850,150,0.9892091553347498,7.753291301238409,empirical_macro_occupancy,7.859899588155848,-0.012092675778433204,-0.005574389574005245,623.6068860050401,0.02530663775702735,0.00036919350854025534,0.8763598889402052,0.8763598889402052,0.0,0.7529803973681519,0.7529803973681519,0.0,0.7157604411549411,0.7157604411549411,0.0,0.6955879420918821,0.6955879420918821,0.0,0.5856936580784645,0.5856936580784645,0.0
Mus_musculus,occupancy_descending,825,825,2.0,3,ok,825,175,0.9839126207412882,7.744566096168239,empirical_macro_occupancy,7.849496409060093,-0.020817880848603032,-0.008725205070169828,620.5237347985302,0.04991877274345158,0.032197142038355775,0.875963394396953,0.875963394396953,0.0,0.7527438861160327,0.7527438861160327,0.0,0.7137801481353852,0.7137801481353852,0.0,0.6633908000535264,0.6633908000535264,0.0,0.5849737280882416,0.5849737280882416,0.0
Mus_musculus,occupancy_descending,800,800,2.0,3,ok,800,200,0.9770422084822684,7.73366546666197,empirical_macro_occupancy,7.835823819304367,-0.03171851035487272,-0.010900629506269688,616.2696703844197,0.054639174558735126,0.004720401815283548,0.8758587300446784,0.8758587300446784,0.0,0.752623765187463,0.752623765187463,0.0,0.7131391954589412,0.7131391954589412,0.0,0.6586703982382428,0.6586703982382428,0.0,0.5848400915621605,0.5848400915621605,0.0
Mus_musculus,occupancy_descending,775,775,2.0,3,ok,775,225,0.9690083609816689,7.719888289935153,empirical_macro_occupancy,7.829253371152595,-0.04549568708168916,-0.013777176726816442,610.2794429828638,0.054848393495011694,0.000490801194416246,0.8756284852998292,0.8756284852998292,0.0,0.7521809904607851,0.7521809904607851,0.0,0.712648394264525,0.712648394264525,0.0,0.6584611793019662,0.6584611793019662,0.0,0.5838267298578472,0.5838267298578472,0.0
Mus_musculus,occupancy_descending,750,750,2.0,3,ok,750,250,0.9595288400377238,7.704344536056858,empirical_macro_occupancy,7.814321603875234,-0.06103944095998415,-0.015543753878294986,603.7153360151331,0.05491757660404806,0.012666673268278084,0.8747545724926615,0.8747545724926615,0.0,0.739514317192507,0.739514317192507,0.0,0.7103775392134483,0.7103775392134483,0.0,0.6583919961929299,0.6583919961929299,0.0,0.5616332288828781,0.5616332288828781,0.0
Mus_musculus,occupancy_descending,725,725,2.0,3,ok,725,275,0.9485326750395195,7.686261036908261,empirical_macro_occupancy,7.793026329413702,-0.07912294010858112,-0.01808349914859697,594.7179191890814,0.05523994482150918,0.0010186526056612522,0.8741288266254122,0.8741288266254122,0.0,0.7390911504621211,0.7390911504621211,0.0,0.709358886607787,0.709358886607787,0.0,0.6580696279754688,0.6580696279754688,0.0,0.5602470220382487,0.5602470220382487,0.0
Mus_musculus,occupancy_descending,700,700,2.0,3,ok,700,300,0.9364085134600323,7.665044946380645,empirical_macro_occupancy,7.7804597483339055,-0.10033903063619753,-0.021216090527616416,584.6676766347631,0.05570418889319928,0.006140997427264816,0.873301186260422,0.873301186260422,0.0,0.7329501530348563,0.7329501530348563,0.0,0.7071332920438507,0.7071332920438507,0.0,0.6576053839037787,0.6576053839037787,0.0,0.5564807894934626,0.5564807894934626,0.0
Mus_musculus,occupancy_descending,675,675,2.0,3,ok,675,325,0.923251593054657,7.641248376411826,empirical_macro_occupancy,7.752328459309112,-0.12413560060501627,-0.023796569968818737,572.34729875891,0.0630978779018605,0.0073936890086612195,0.8731825879528511,0.8731825879528511,0.0,0.732411109409027,0.732411109409027,0.0,0.7061654489272694,0.7061654489272694,0.0,0.6502116948951174,0.6502116948951174,0.0,0.555457291597022,0.555457291597022,0.0
Mus_musculus,occupancy_descending,650,650,2.0,3,ok,650,350,0.908979316906354,7.617361285067276,empirical_macro_occupancy,7.7205132744820615,-0.1480226919495662,-0.023887091344549916,558.9852386129439,0.06235278159832647,0.001180915943156835,0.8726842316052111,0.8726842316052111,0.0,0.7319257257796545,0.7319257257796545,0.0,0.7049845329841126,0.7049845329841126,0.0,0.6509567911986515,0.6509567911986515,0.0,0.554898765743194,0.554898765743194,0.0
Mus_musculus,occupancy_descending,625,625,2.0,3,ok,625,375,0.8930116174668679,7.591630762522522,empirical_macro_occupancy,7.694257149346401,-0.17375321449432057,-0.025730522544754386,542.3672184392519,0.06271770535957322,0.006396067782870718,0.8722912421424281,0.8722912421424281,0.0,0.7255296579967838,0.7255296579967838,0.0,0.701604025354762,0.701604025354762,0.0,0.6505918674374047,0.6505918674374047,0.0,0.5502059405624199,0.5502059405624199,0.0
Mus_musculus,occupancy_descending,600,600,2.0,3,ok,600,400,0.875304321769695,7.559899357849288,empirical_macro_occupancy,7.6650883115134665,-0.20548461916755478,-0.03173140467323421,524.7358487044896,0.11658578559503319,0.05386808023545997,0.8714184460810956,0.8714184460810956,0.0,0.7237382481142233,0.7237382481142233,0.0,0.6999775612000554,0.6999775612000554,0.0,0.5967237872019447,0.5967237872019447,0.0,0.5480559782975409,0.5480559782975409,0.0
Mus_musculus,occupancy_descending,575,575,2.0,3,ok,575,425,0.8562629978195954,7.526742818494387,empirical_macro_occupancy,7.6183351873089755,-0.23864115852245504,-0.03315653935490026,507.95035291244864,0.16640932399025976,0.049823538395226574,0.8708330768912913,0.8708330768912913,0.0,0.722031376764304,0.722031376764304,0.0,0.6983992122550494,0.6983992122550494,0.0,0.5469002488067182,0.5469002488067182,0.0,0.5226205073170663,0.5226205073170663,0.0
Mus_musculus,occupancy_descending,550,550,2.0,3,ok,550,450,0.8362879777021209,7.4870064415055175,empirical_macro_occupancy,7.580517717103787,-0.27837753551132494,-0.03973637698886989,488.0523020924251,0.16780141919806646,0.0017342346195741154,0.8703469926511226,0.8703469926511226,0.0,0.720764098840366,0.720764098840366,0.0,0.6966649776354753,0.6966649776354753,0.0,0.5455081535989115,0.5455081535989115,0.0,0.520048579794509,0.520048579794509,0.0
Mus_musculus,occupancy_descending,525,525,2.0,3,ok,525,475,0.8156154375235544,7.441342005619597,empirical_macro_occupancy,7.522333110995628,-0.32404197139724555,-0.04566443588592062,464.0643754280197,0.16840916328193933,0.0017582914523762705,0.8695340967461228,0.8695340967461228,0.0,0.7198560659145322,0.7198560659145322,0.0,0.694906686183099,0.694906686183099,0.0,0.5449004095150386,0.5449004095150386,0.0,0.5141750158510754,0.5141750158510754,0.0
Mus_musculus,occupancy_descending,500,500,2.0,3,ok,500,500,0.7939390818408689,7.391307467921138,empirical_macro_occupancy,7.46488264083586,-0.3740765090957048,-0.050034537698459225,439.55864485813265,0.16888017822969092,0.0018469827402236572,0.8691862265306408,0.8691862265306408,0.0,0.7191143000195462,0.7191143000195462,0.0,0.6930597034428754,0.6930597034428754,0.0,0.544429394567287,0.544429394567287,0.0,0.5047516888867002,0.5047069666099151,0.006719024437686683
Mus_musculus,occupancy_descending,475,475,2.0,3,ok,475,525,0.7709217361151294,7.340504505117936,empirical_macro_occupancy,7.427450243292571,-0.4248794718989064,-0.05080296280320162,411.49004348238185,0.198845553356362,0.02996537512667108,0.867208099740626,0.867208099740626,0.0,0.6995030377585719,0.6995030377585719,0.0,0.6752650387515166,0.6752650387515166,0.0,0.5144640194406159,0.5144640194406159,0.0,0.49913394811652667,0.49913394811652667,0.0
Mus_musculus,occupancy_descending,450,450,2.0,3,ok,450,550,0.7463928889640187,7.284357864758684,empirical_macro_occupancy,7.359847583226589,-0.4810261122581583,-0.056146640359251876,387.07166592937375,0.1998109649137647,0.0016912500546578668,0.8667129542565871,0.8667129542565871,0.0,0.697811787703914,0.697811787703914,0.0,0.6749275907751822,0.6749275907751822,0.0,0.5134986078832132,0.5134986078832132,0.0,0.495970857583563,0.495970857583563,0.0
Mus_musculus,occupancy_descending,425,425,2.0,3,ok,425,575,0.7207599858599862,7.226132710100748,empirical_macro_occupancy,7.3088728973818275,-0.5392512669160947,-0.05822515465793643,362.0180686190496,0.2030613893016593,0.0057713552411705615,0.8647134870695242,0.8647134870695242,0.0,0.6931217407068319,0.6931217407068319,0.0,0.6691562355340116,0.6691562355340116,0.0,0.5102481834953186,0.5102481834953186,0.0,0.4928597868730478,0.4928597868730478,0.0
Mus_musculus,occupancy_descending,400,400,2.0,3,ok,400,600,0.6938295893245835,7.1602361611720955,empirical_macro_occupancy,7.239265871496493,-0.605147815844747,-0.06589654892865227,335.6605217508155,0.20816987346834503,0.00708612021645183,0.8637840053543901,0.8637840053543901,0.0,0.6885856776324505,0.6885856776324505,0.0,0.6620701153175598,0.6620701153175598,0.0,0.5051396993286329,0.5051396993286329,0.0,0.49045046005666476,0.49045046005666476,0.0
Mus_musculus,occupancy_descending,375,375,2.0,3,ok,375,625,0.6653356353652689,7.094723316195135,empirical_macro_occupancy,7.190907519519429,-0.6706606608217074,-0.06551284497696042,310.3469255293491,0.21337867752651718,0.0070297651931851,0.862079891416899,0.862079891416899,0.0,0.682869212027935,0.682869212027935,0.0,0.6550403501243747,0.6550403501243747,0.0,0.49993089527046075,0.49993089527046075,0.0,0.4636956106304896,0.4636956106304896,0.0
Mus_musculus,occupancy_descending,350,350,2.0,3,ok,350,650,0.6355803029897006,7.016133791717443,empirical_macro_occupancy,7.1274277740531895,-0.7492501852993998,-0.07858952447769241,285.19241838228004,0.2197926994861658,0.00912128067308482,0.8602642769265563,0.8602642769265563,0.0,0.6779322953994239,0.6779322953994239,0.0,0.6459190694512899,0.6459190694512899,0.0,0.4935168733108121,0.4935168733108121,0.0,0.456141254753357,0.456141254753357,0.0
Mus_musculus,occupancy_descending,325,325,2.0,3,ok,325,675,0.6044894263935061,6.920677748262203,empirical_macro_occupancy,7.042515220038809,-0.8447062287546396,-0.09545604345523984,255.26619474612625,0.2224462499392615,0.0036300008075234036,0.8573248449184117,0.8573248449184117,0.0,0.6743022945919005,0.6743022945919005,0.0,0.6442915388800421,0.6442915388800421,0.0,0.49086332285771644,0.49086332285771644,0.0,0.44598901979780453,0.44598901979780453,0.0
Mus_musculus,occupancy_descending,300,300,2.0,3,ok,300,700,0.5721501737194032,6.833974360130146,empirical_macro_occupancy,6.956689859291716,-0.9314096168866968,-0.08670338813205714,233.6297200112262,0.22496932987891427,0.006430992828799553,0.8560313104424688,0.8560313104424688,0.0,0.6678713017631009,0.6678713017631009,0.0,0.6386880503907285,0.6386880503907285,0.0,0.48834024291806366,0.48834024291806366,0.0,0.43437957908923214,0.43437957908923214,0.0
Mus_musculus,occupancy_descending,275,275,2.0,3,ok,275,725,0.5383357795221357,6.73119317351229,empirical_macro_occupancy,6.8456001758606195,-1.0341908035045524,-0.10278118661785562,210.78057763598915,0.23076941017359143,0.010701323594327294,0.8527270551867097,0.8527270551867097,0.0,0.6617921591995087,0.6617921591995087,0.0,0.6279867267964012,0.6279867267964012,0.0,0.4825401626233865,0.4825401626233865,0.0,0.4265734398991685,0.4265734398991685,0.0
Mus_musculus,occupancy_descending,250,250,2.0,3,ok,250,750,0.5034447334034363,6.61311702282016,empirical_macro_occupancy,6.719852575313661,-1.1522669541966826,-0.11807615069213018,186.13869732136564,0.23377755361305996,0.006823880987354536,0.849499238448017,0.849499238448017,0.0,0.6549682782121542,0.6549682782121542,0.0,0.6263478922068784,0.6263478922068784,0.0,0.47953201918391797,0.47953201918391797,0.0,0.417177777439227,0.417177777439227,0.0
Mus_musculus,occupancy_descending,225,225,2.0,3,ok,225,775,0.4672735225303003,6.467007695572633,empirical_macro_occupancy,6.595962649492089,-1.2983762814442095,-0.1461093272475269,156.9700174037344,0.2373702455503483,0.009470478762119927,0.8472508879865275,0.8472508879865275,0.0,0.6454977994500343,0.6454977994500343,0.0,0.6239705220149039,0.6239705220149039,0.0,0.47593932724662963,0.47593932724662963,0.0,0.40956122041087045,0.40956122041087045,0.0
Mus_musculus,occupancy_descending,200,200,2.0,3,ok,200,800,0.4293796009473912,6.324863190126031,empirical_macro_occupancy,6.45342099219921,-1.4405207868908114,-0.14214450544660195,138.06142411284,0.2416462922290305,0.007407373028959108,0.8466501482258485,0.8466501482258485,0.0,0.6380904264210752,0.6380904264210752,0.0,0.6209401438867571,0.6209401438867571,0.0,0.47166328056794743,0.47166328056794743,0.0,0.397074506959211,0.397074506959211,0.0
Mus_musculus,occupancy_descending,175,175,2.0,3,ok,175,825,0.388995014402043,6.171785572163576,empirical_macro_occupancy,6.265788240837623,-1.5935984048532665,-0.15307761796245511,123.00431486578778,0.24744550551313388,0.007421679694204375,0.8438197884279569,0.8438197884279569,0.0,0.6306687467268708,0.6306687467268708,0.0,0.6184937037802913,0.6184937037802913,0.0,0.46586406728384405,0.46586406728384405,0.0,0.38778643165570353,0.38778643165570353,0.0
Mus_musculus,occupancy_descending,150,150,2.0,3,ok,150,850,0.34655311975307546,5.984251071251251,empirical_macro_occupancy,6.048816474607552,-1.7811329057655918,-0.18753450091232526,105.22100362967885,0.25550647922865516,0.00806097371552128,0.841714159250435,0.841714159250435,0.0,0.626843687663493,0.626843687663493,0.0,0.6148109429241878,0.6148109429241878,0.0,0.45780309356832277,0.45780309356832277,0.0,0.38024092583855695,0.38024092583855695,0.0
Mus_musculus,occupancy_descending,125,125,2.0,3,ok,125,875,0.3020736012580013,5.780612621715047,empirical_macro_occupancy,5.8277282757183055,-1.9847713553017954,-0.20363844953620358,88.51770280220909,0.27361166947289256,0.0181051902442374,0.8354941671499521,0.8354941671499521,0.0,0.6169085008261738,0.6169085008261738,0.0,0.5992405965210312,0.5992405965210312,0.0,0.43969790332408537,0.43969790332408537,0.0,0.369221522058817,0.369221522058817,0.0
Mus_musculus,occupancy_descending,100,100,2.0,3,ok,100,900,0.2548658889845659,5.493748413737756,empirical_macro_occupancy,5.529476547686596,-2.2716355632790863,-0.28686420797729095,67.70722319831765,0.2969215563159237,0.024854163490218406,0.8274034616838343,0.8274034616838343,0.0,0.5920543373359554,0.5920543373359554,0.0,0.5789698771605672,0.5789698771605672,0.0,0.4163880164810542,0.4163880164810542,0.0,0.3503035551288647,0.3503035551288647,0.0
Mus_musculus,occupancy_descending,75,75,2.0,3,ok,75,925,0.20485346154781747,5.124193456374489,empirical_macro_occupancy,5.176756562939013,-2.641190520642353,-0.3695549573632668,48.520163209793566,0.3230093080389371,0.027700768953230814,0.8136012566174385,0.8136012566174385,0.0,0.5762665226053957,0.5762665226053957,0.0,0.5512691082073364,0.5512691082073364,0.0,0.3903002647580408,0.3903002647580408,0.0,0.32175763452097134,0.32175763452097134,0.0
Mus_musculus,occupancy_descending,50,50,2.0,3,ok,50,950,0.15028520133555354,4.4755664063447815,empirical_macro_occupancy,4.561308194199572,-3.289817570672061,-0.6486270500297078,26.836985687568976,0.34744446756606073,0.028646401716943104,0.8011124399287677,0.8011124399287677,0.0,0.563597889511194,0.563597889511194,0.0,0.5226227064903933,0.5226227064903933,0.0,0.3658651052309172,0.3658651052309172,0.0,0.294475476633432,0.294475476633432,0.0
Mus_spretus,occupancy_descending,1000,1000,2.0,3,ok,1000,0,1.0,5.998566830124211,empirical_macro_occupancy,6.053602202544163,0.0,,176.52108406377522,0.0,,0.9062747857566417,0.9062747857566417,0.0,0.8101352833103561,0.8101352833103561,0.0,0.6929133877066418,0.6929133877066418,0.0,0.6815161390426006,0.6815161390426006,0.0,0.6428452960648773,0.6428452960648773,0.0
Mus_spretus,occupancy_descending,975,975,2.0,3,ok,975,25,0.9999984568244162,5.99857985451815,empirical_macro_occupancy,5.994213268710106,1.302439393846555e-05,1.302439393846555e-05,176.52105230151656,2.046288480883618e-07,2.046288480883618e-07,0.9062746203128226,0.9062746203128226,0.0,0.8101351480334229,0.8101351480334229,0.0,0.6929131830777937,0.6929131830777937,0.0,0.6815160863842821,0.6815160863842821,0.0,0.6428455301578815,0.6428455301578815,0.0
Mus_spretus,occupancy_descending,950,950,2.0,3,ok,950,50,0.9999550421513267,5.998850519670029,empirical_macro_occupancy,6.13702974924691,0.00028368954581736716,0.0002706651518789016,176.52088083372652,2.9118530155414213e-05,2.891390130732585e-05,0.9062725700157249,0.9062725700157249,0.0,0.8101334878889278,0.8101334878889278,0.0,0.6928842691764864,0.6928842691764864,0.0,0.6815083687283461,0.6815083687283461,0.0,0.6428415472992031,0.6428415472992031,0.0
Mus_spretus,occupancy_descending,925,925,2.0,3,ok,925,75,0.9998495918197703,5.999500984798043,empirical_macro_occupancy,6.258795377537411,0.000934154673831955,0.0006504651280145879,176.52121611429607,5.174689244447084e-05,2.2628362289056625e-05,0.9062644627901753,0.9062644627901753,0.0,0.8101274030342003,0.8101274030342003,0.0,0.6928616408141973,0.6928616408141973,0.0,0.6814880149805098,0.6814880149805098,0.0,0.6428334104607207,0.6428334104607207,0.0
Mus_spretus,occupancy_descending,900,900,2.0,3,ok,900,100,0.9996474358182987,6.000527259067914,empirical_macro_occupancy,6.358097442902033,0.001960428943702297,0.001026274269870342,176.51971747203459,7.740260820177092e-05,4.927854611103122e-05,0.9062448977541897,0.9062448977541897,0.0,0.8101156180535368,0.8101156180535368,0.0,0.6928387835528407,0.6928387835528407,0.0,0.6814387364343988,0.6814387364343988,0.0,0.6428058457169897,0.6428058457169897,0.0
Mus_spretus,occupancy_descending,875,875,2.0,3,ok,875,125,0.9993056738656837,6.002197514345867,empirical_macro_occupancy,6.446237282218112,0.003630684221655578,0.0016702552779532809,176.51720359920614,0.00011880998879942872,4.1407380597657806e-05,0.9062127418957733,0.9062127418957733,0.0,0.8100952116845781,0.8100952116845781,0.0,0.6927997874318492,0.6927997874318492,0.0,0.6813973290538011,0.6813973290538011,0.0,0.642778051755436,0.642778051755436,0.0
Mus_spretus,occupancy_descending,850,850,2.0,3,ok,850,150,0.9987505421690217,6.004622613447628,empirical_macro_occupancy,6.526338711374866,0.006055783323416719,0.002425099101761141,176.5155435276138,0.00025942870945461216,0.00014061872065518344,0.9061875838762676,0.9061875838762676,0.0,0.8100748099863166,0.8100748099863166,0.0,0.6927215836529923,0.6927215836529923,0.0,0.6812567103331459,0.6812567103331459,0.0,0.6426807917531425,0.6426807917531425,0.0
Mus_spretus,occupancy_descending,825,825,2.0,3,ok,825,175,0.9978834832476974,6.007665486430882,empirical_macro_occupancy,6.599499081411961,0.009098656306670172,0.003042872983253453,176.50398075476653,0.00042207182695463974,0.00016264311750002758,0.9061309556569361,0.9061309556569361,0.0,0.810038656264249,0.810038656264249,0.0,0.6926569032420675,0.6926569032420675,0.0,0.6810940672156459,0.6810940672156459,0.0,0.6425578717920083,0.6425578717920083,0.0
Mus_spretus,occupancy_descending,800,800,2.0,3,ok,800,200,0.9968109762169894,6.011181108432165,empirical_macro_occupancy,6.666787311722334,0.012614278307953697,0.003515622001283525,176.48927368802342,0.0005530085761576986,0.00013093674920305887,0.9061138030478043,0.9061138030478043,0.0,0.8100250076299775,0.8100250076299775,0.0,0.6926078456082706,0.6926078456082706,0.0,0.6809631304664429,0.6809631304664429,0.0,0.6424742666142272,0.6424742666142272,0.0
Mus_spretus,occupancy_descending,775,775,2.0,3,ok,775,225,0.9954557594193381,6.0151402652896415,empirical_macro_occupancy,6.734690158160616,0.016573435165430084,0.003959156857476387,176.4611803971166,0.0007680931644594713,0.00021508458830177268,0.9060795006596271,0.9060795006596271,0.0,0.8100037670899444,0.8100037670899444,0.0,0.692557996575671,0.692557996575671,0.0,0.6807480458781411,0.6807480458781411,0.0,0.6423456477738401,0.6423456477738401,0.0
Mus_spretus,occupancy_descending,750,750,2.0,3,ok,750,250,0.9937580605204658,6.019918908367909,empirical_macro_occupancy,6.783813838865164,0.021352078243698003,0.004778643078267919,176.42187709046289,0.0010899079205892725,0.00032181475612980126,0.9059809327876874,0.9059809327876874,0.0,0.8099304325351618,0.8099304325351618,0.0,0.6924578313711464,0.6924578313711464,0.0,0.6804262311220113,0.6804262311220113,0.0,0.6421163872926822,0.6421163872926822,0.0
Mus_spretus,occupancy_descending,725,725,2.0,3,ok,725,275,0.9915637677187421,6.024535390071103,empirical_macro_occupancy,6.833383363175162,0.02596855994689129,0.004616481703193287,176.3699404571845,0.0017760023958157678,0.0006860944752264952,0.9058513532944916,0.9058513532944916,0.0,0.8098351052503323,0.8098351052503323,0.0,0.6922830370743323,0.6922830370743323,0.0,0.6797401366467848,0.6797401366467848,0.0,0.641646915879564,0.641646915879564,0.0
Mus_spretus,occupancy_descending,700,700,2.0,3,ok,700,300,0.9888772019058013,6.029635274309166,empirical_macro_occupancy,6.8698336394740664,0.031068444184954913,0.005099884238063623,176.2936953742583,0.0021353686312484133,0.00035936623543264545,0.9057802786037773,0.9057802786037773,0.0,0.8097792026373614,0.8097792026373614,0.0,0.6922368603552793,0.6922368603552793,0.0,0.6793807704113521,0.6793807704113521,0.0,0.6413779628716898,0.6413779628716898,0.0
Mus_spretus,occupancy_descending,675,675,2.0,3,ok,675,325,0.9857781966985096,6.033417221808829,empirical_macro_occupancy,6.89438828835017,0.034850391684617676,0.0037819474996627633,176.1810255654587,0.002407173197812029,0.00027180456656361596,0.9057057976776416,0.9057057976776416,0.0,0.8097251234226494,0.8097251234226494,0.0,0.6921171277218343,0.6921171277218343,0.0,0.6791089658447885,0.6791089658447885,0.0,0.6411785592811515,0.6411785592811515,0.0
Mus_spretus,occupancy_descending,650,650,2.0,3,ok,650,350,0.982149162117385,6.037680194681449,empirical_macro_occupancy,6.92701633918198,0.03911336455723724,0.004262972872619564,176.06117810667274,0.0029893149741835323,0.0005821417763715031,0.9056744031478954,0.9056744031478954,0.0,0.8096920442466433,0.8096920442466433,0.0,0.6920199595967816,0.6920199595967816,0.0,0.678526824068417,0.678526824068417,0.0,0.6407593207600542,0.6407593207600542,0.0
Mus_spretus,occupancy_descending,625,625,2.0,3,ok,625,375,0.9778739484801572,6.041037614380029,empirical_macro_occupancy,6.94080728589069,0.042470784255817406,0.0033574196985801663,175.89520254119182,0.003920978899633276,0.0009316639254497439,0.9056330565027713,0.9056330565027713,0.0,0.809644371160005,0.809644371160005,0.0,0.6919036932732625,0.6919036932732625,0.0,0.6775951601429673,0.6775951601429673,0.0,0.6400720817377342,0.6400720817377342,0.0
Mus_spretus,occupancy_descending,600,600,2.0,3,ok,600,400,0.9730009086217837,6.042648119224459,empirical_macro_occupancy,6.9470063968324425,0.044081289100248,0.0016105048444305936,175.67728129127852,0.00450700380942648,0.0005860249097932035,0.9055148365804301,0.9055148365804301,0.0,0.809560068179298,0.809560068179298,0.0,0.6917076751007769,0.6917076751007769,0.0,0.6770091352331741,0.6770091352331741,0.0,0.6395627081410503,0.6395627081410503,0.0
Mus_spretus,occupancy_descending,575,575,2.0,3,ok,575,425,0.9674547355737774,6.044203467359056,empirical_macro_occupancy,6.953775810852855,0.04563663723484446,0.001555348134596457,175.38108759755298,0.005276568576909946,0.000769564767483466,0.9053613778264114,0.9053613778264114,0.0,0.8094322475336909,0.8094322475336909,0.0,0.6913508779376842,0.6913508779376842,0.0,0.6762395704656906,0.6762395704656906,0.0,0.6388412140186854,0.6388412140186854,0.0
Mus_spretus,occupancy_descending,550,550,2.0,3,ok,550,450,0.9611544640571773,6.044509530962687,empirical_macro_occupancy,6.946308858678292,0.0459427008384754,0.0003060636036309461,175.02079353139274,0.00660421661557653,0.0013276480386665845,0.9053088472903034,0.9053088472903034,0.0,0.8093645317917829,0.8093645317917829,0.0,0.6911700400945505,0.6911700400945505,0.0,0.674911922427024,0.674911922427024,0.0,0.6375602186416343,0.6375602186416343,0.0
Mus_spretus,occupancy_descending,525,525,2.0,3,ok,525,475,0.9537596695382078,6.041841510727497,empirical_macro_occupancy,6.93762106980931,0.04327468060328599,-0.0026680202351894167,174.5600993087367,0.007685796578568271,0.001081579962991741,0.9052399622776022,0.9052399622776022,0.0,0.809294867343336,0.809294867343336,0.0,0.6910665638729006,0.6910665638729006,0.0,0.6738303424640323,0.6738303424640323,0.0,0.6365703594337613,0.6365703594337613,0.0
Mus_spretus,occupancy_descending,500,500,2.0,3,ok,500,500,0.9451766298197488,6.035990945972919,empirical_macro_occupancy,6.9119001010058545,0.037424115848707196,-0.005850564754578791,173.96632531293176,0.008962530454452944,0.0012767338758846725,0.9051232091255568,0.9051232091255568,0.0,0.8091920753108152,0.8091920753108152,0.0,0.690983290525783,0.690983290525783,0.0,0.6725536085881476,0.6725536085881476,0.0,0.6348140694538648,0.6348140694538648,0.0
Mus_spretus,occupancy_descending,475,475,2.0,3,ok,475,525,0.9357542054621009,6.024393250611648,empirical_macro_occupancy,6.883355404892019,0.02582642048743633,-0.011597695361270866,173.04230550124564,0.010832616373637194,0.00187008591918425,0.904892368630309,0.904892368630309,0.0,0.8090056306659643,0.8090056306659643,0.0,0.6904825903460454,0.6904825903460454,0.0,0.6706835226689634,0.6706835226689634,0.0,0.6320733161731792,0.6320733161731792,0.0
Mus_spretus,occupancy_descending,450,450,2.0,3,ok,450,550,0.9248985825006358,6.0120585996346945,empirical_macro_occupancy,6.855040161025989,0.013491769510483032,-0.012334650976953299,171.85484260897422,0.012315166956089363,0.001482550582452169,0.9046359251526324,0.9046359251526324,0.0,0.80881375504871,0.80881375504871,0.0,0.6901209342154043,0.6901209342154043,0.0,0.6692009720865112,0.6692009720865112,0.0,0.6296465472112661,0.6296465472112661,0.0
Mus_spretus,occupancy_descending,425,425,2.0,3,ok,425,575,0.9129032729313834,5.9926325426830545,empirical_macro_occupancy,6.817155168260085,-0.005934287441156982,-0.019426056951640014,170.3457172164337,0.013156034342846179,0.0008408673867568162,0.9045382622709819,0.9045382622709819,0.0,0.8087389450447243,0.8087389450447243,0.0,0.6899820855903788,0.6899820855903788,0.0,0.6683601046997544,0.6683601046997544,0.0,0.6282041190072325,0.6282041190072325,0.0
Mus_spretus,occupancy_descending,400,400,2.0,3,ok,400,600,0.899460773299688,5.972500986043915,empirical_macro_occupancy,6.763956248346633,-0.02606584408029633,-0.020131556639139347,168.62899215549194,0.014762077183107292,0.0016060428402611127,0.9042474590569298,0.9042474590569298,0.0,0.8085096169110786,0.8085096169110786,0.0,0.6897646775013831,0.6897646775013831,0.0,0.6667540618594933,0.6667540618594933,0.0,0.6252580583820605,0.6252580583820605,0.0
Mus_spretus,occupancy_descending,375,375,2.0,3,ok,375,625,0.8848608919801783,5.942376276621814,empirical_macro_occupancy,6.707991873007139,-0.056190553502397655,-0.030124709422101326,165.85289873755156,0.016878787742328538,0.0021167105592212465,0.9036962014601548,0.9036962014601548,0.0,0.8081691584780948,0.8081691584780948,0.0,0.6896594221472439,0.6896594221472439,0.0,0.664637351300272,0.664637351300272,0.0,0.6203892573953437,0.6203892573953437,0.0
Mus_spretus,occupancy_descending,350,350,2.0,3,ok,350,650,0.8687202012794777,5.917791414045214,empirical_macro_occupancy,6.64902227709331,-0.08077541607899708,-0.02458486257659942,163.59947614332896,0.018356030019859082,0.0014772422775305438,0.9032898165292931,0.9032898165292931,0.0,0.80787949677132,0.80787949677132,0.0,0.6892715305474391,0.6892715305474391,0.0,0.6631601090227415,0.6631601090227415,0.0,0.6156730753101922,0.6156730753101922,0.0
Mus_spretus,occupancy_descending,325,325,2.0,3,ok,325,675,0.8508281091695905,5.887555742338522,empirical_macro_occupancy,6.565812680258095,-0.11101108778568936,-0.03023567170669228,160.93372160765898,0.020157000578381656,0.0018009705585225744,0.9028078269643496,0.9028078269643496,0.0,0.8073017645718026,0.8073017645718026,0.0,0.6890496227172138,0.6890496227172138,0.0,0.6613591384642189,0.6613591384642189,0.0,0.6073909342665194,0.6073909342665194,0.0
Mus_spretus,occupancy_descending,300,300,2.0,3,ok,300,700,0.831359200248225,5.854639693222011,empirical_macro_occupancy,6.487112889316454,-0.14392713690220038,-0.032916049116511026,158.02388311895064,0.021657876955972877,0.0015008763775912204,0.902195664126956,0.902195664126956,0.0,0.8068927592342515,0.8068927592342515,0.0,0.6887552375136486,0.6887552375136486,0.0,0.6598582620866277,0.6598582620866277,0.0,0.6022507106489404,0.6022507106489404,0.0
Mus_spretus,occupancy_descending,275,275,2.0,3,ok,275,725,0.8103978347806263,5.8077173433044305,empirical_macro_occupancy,6.391003506003966,-0.19084948681978098,-0.0469223499175806,154.19302528863753,0.022783534279905093,0.0011256573239322165,0.901703892337571,0.901703892337571,0.0,0.8065864547379689,0.8065864547379689,0.0,0.6884309221460941,0.6884309221460941,0.0,0.6587326047626955,0.6587326047626955,0.0,0.5958148112394279,0.5958148112394279,0.0
Mus_spretus,occupancy_descending,250,250,2.0,3,ok,250,750,0.7877449431164905,5.752030505870886,empirical_macro_occupancy,6.273314656800721,-0.2465363242533254,-0.05568683743354441,149.42319568702246,0.02439968787222091,0.0016161535923158166,0.9005672003365843,0.9005672003365843,0.0,0.8058342203099034,0.8058342203099034,0.0,0.6875752304014165,0.6875752304014165,0.0,0.6571164511703796,0.6571164511703796,0.0,0.5876441953051434,0.5876441953051434,0.0
Mus_spretus,occupancy_descending,225,225,2.0,3,ok,225,775,0.7629234782436933,5.6757078318109375,empirical_macro_occupancy,6.140761073273004,-0.3228589983132739,-0.07632267405994853,142.57934447055885,0.025254552410101105,0.0008810913224039929,0.8998744237568888,0.8998744237568888,0.0,0.805459090771616,0.805459090771616,0.0,0.6866941390790126,0.6866941390790126,0.0,0.6562615866324994,0.6562615866324994,0.0,0.5847964902258165,0.5847964902258165,0.0
Mus_spretus,occupancy_descending,200,200,2.0,3,ok,200,800,0.7351570170868631,5.585452293419565,empirical_macro_occupancy,6.007496276049799,-0.41311453670464626,-0.09025553839137235,134.27880386398013,0.028157044061091208,0.002902491650990102,0.8984380168619515,0.8984380168619515,0.0,0.8044271611498292,0.8044271611498292,0.0,0.685810519111523,0.685810519111523,0.0,0.6533590949815093,0.6533590949815093,0.0,0.566975563211403,0.566975563211403,0.0
Mus_spretus,occupancy_descending,175,175,2.0,3,ok,175,825,0.7046753899296065,5.461888710956297,empirical_macro_occupancy,5.836071525861856,-0.5366781191679149,-0.1235635824632686,121.83866858895863,0.031045096444587972,0.002888052383496764,0.8964605245338485,0.8964605245338485,0.0,0.8031447379075858,0.8031447379075858,0.0,0.6848160772602099,0.6848160772602099,0.0,0.6504710425980126,0.6504710425980126,0.0,0.553151961992138,0.553151961992138,0.0
Mus_spretus,occupancy_descending,150,150,2.0,3,ok,150,850,0.6702342828595579,5.285955127707183,empirical_macro_occupancy,5.6235040541165855,-0.7126117024170284,-0.17593358324911357,102.09865303973169,0.03482558607738484,0.006351631354724163,0.8901088931791243,0.8901088931791243,0.0,0.7982156725865156,0.7982156725865156,0.0,0.6803195047769957,0.6803195047769957,0.0,0.6466905529652157,0.6466905529652157,0.0,0.5403757114326987,0.5403757114326987,0.0
Mus_spretus,occupancy_descending,125,125,2.0,3,ok,125,875,0.6289974420321524,5.124556084653777,empirical_macro_occupancy,5.396105070762484,-0.874010745470434,-0.16139904305340558,88.09823501561674,0.039349162879256716,0.007230926270999194,0.883096721642868,0.883096721642868,0.0,0.7912668023487942,0.7912668023487942,0.0,0.6730885785059965,0.6730885785059965,0.0,0.6421669761633438,0.6421669761633438,0.0,0.531135391545168,0.531135391545168,0.0
Mus_spretus,occupancy_descending,100,100,2.0,3,ok,100,900,0.5799035741592574,4.953284279641577,empirical_macro_occupancy,5.156542524603902,-1.0452825504826349,-0.17127180501220085,71.51377726929303,0.04985984718290293,0.02007675499814965,0.8694652505649303,0.8694652505649303,0.0,0.7711900473506446,0.7711900473506446,0.0,0.6538680925935341,0.6538680925935341,0.0,0.6316562918596976,0.6316562918596976,0.0,0.5218957837340905,0.5218957837340905,0.0
Mus_spretus,occupancy_descending,75,75,2.0,3,ok,75,925,0.521675855762876,4.5625334717665815,empirical_macro_occupancy,4.781588936797354,-1.43603335835763,-0.39075080787499505,46.24498412921264,0.06161807891058835,0.01175823172768542,0.8648656319318373,0.8648656319318373,0.0,0.7625845908846728,0.7625845908846728,0.0,0.6467748269363716,0.6467748269363716,0.0,0.6198980601320122,0.6198980601320122,0.0,0.513727933202897,0.513727933202897,0.0
Mus_spretus,occupancy_descending,50,50,2.0,3,ok,50,950,0.4390786171829926,4.039797239275081,empirical_macro_occupancy,4.237796252744229,-1.9587695908491307,-0.5227362324915008,25.333368018730084,0.08112913084711615,0.0195110519365278,0.8564293715877732,0.8564293715877732,0.0,0.7438945585540584,0.7438945585540584,0.0,0.6314215541497366,0.6314215541497366,0.0,0.6003870081954844,0.6003870081954844,0.0,0.5125821442814745,0.5125821442814745,0.0
Peromyscus_californicus,occupancy_descending,1000,1000,2.0,3,ok,1000,0,1.0,7.237318028984031,empirical_macro_occupancy,6.8387756290379205,0.0,,711.836893914942,0.0,,0.8877759982896025,0.8877759982896025,0.0,0.7351445545904589,0.7351445545904589,0.0,0.6586358072122145,0.6586358072122145,0.0,0.5894253655879467,0.5894231037204786,0.0016329112047711214,0.5894253655879467,0.5894231037204786,-0.0016329112047711214
Peromyscus_californicus,occupancy_descending,975,975,2.0,3,ok,975,25,0.9999685551152628,7.237527482522162,empirical_macro_occupancy,6.8760835358222225,0.0002094535381305107,0.0002094535381305107,711.832652578472,8.485893330023586e-06,8.485893330023586e-06,0.8877759795806738,0.8877759795806738,0.0,0.7351443974473417,0.7351443974473417,0.0,0.6586282252516391,0.6586282252516391,0.0,0.5894168796946166,0.5894146688851591,0.0016143642514579587,0.5894168796946166,0.5894146688851591,-0.0016143642514579587
Peromyscus_californicus,occupancy_descending,950,950,2.0,3,ok,950,50,0.9994577204233369,7.240191563759439,empirical_macro_occupancy,6.982382810784586,0.002873534775408082,0.0026640812372775713,711.6254213879354,0.00018864062999146558,0.000180154736661442,0.8877754151514844,0.8877754151514844,0.0,0.7351332968003031,0.7351332968003031,0.0,0.6585475298735656,0.6585475298735656,0.0,0.5892367249579552,0.5892341822594436,0.0017310390584327246,0.5892367249579552,0.5892341822594436,-0.0017310390584327246
Peromyscus_californicus,occupancy_descending,925,925,2.0,3,ok,925,75,0.9976615037252543,7.246256108105659,empirical_macro_occupancy,7.046811516287883,0.008938079121628029,0.006064544346219947,710.7972480066858,0.0006343361855590812,0.00046815305532721396,0.8873072620961572,0.8873072620961572,0.0,0.7350630950938383,0.7350630950938383,0.0,0.6581113987080518,0.6581113987080518,0.0,0.5887910294023876,0.5887895484133188,0.001320599849885996,0.5887910294023876,0.5887895484133188,-0.001320599849885996
Peromyscus_californicus,occupancy_descending,900,900,2.0,3,ok,900,100,0.9937295427392893,7.254891357788077,empirical_macro_occupancy,7.0923889191561384,0.01757332880404583,0.0086352496824178,707.6857592439934,0.007050519776670372,0.0069690602800497325,0.8861984224651459,0.8861984224651459,0.0,0.7280940348137885,0.7280940348137885,0.0,0.6562625548849359,0.6562625548849359,0.0,0.586144467437999,0.5861346137711418,0.003398712628299345,0.586144467437999,0.5861346137711418,-0.003398712628299345
Peromyscus_californicus,occupancy_descending,875,875,2.0,3,ok,875,125,0.9873689949192397,7.26498878877562,empirical_macro_occupancy,7.1299075926293645,0.027670759791588395,0.010097430987542566,702.051316773822,0.008333041777723538,0.0016159648613601751,0.8858183158420083,0.8858183158420083,0.0,0.7268115128127354,0.7268115128127354,0.0,0.6548706125855651,0.6548706125855651,0.0,0.5845285025766388,0.5845162582265226,0.0037834102807857966,0.5845285025766388,0.5845162582265226,-0.0037834102807857966
Peromyscus_californicus,occupancy_descending,850,850,2.0,3,ok,850,150,0.9789718603006016,7.279203175778965,empirical_macro_occupancy,7.16851225079688,0.04188514679493327,0.014214387003344875,695.1624827557002,0.008680998834813103,0.0017917157194146105,0.8851934138572006,0.8851934138572006,0.0,0.7264635557556458,0.7264635557556458,0.0,0.653149915499952,0.653149915499952,0.0,0.5827367868572242,0.5827255371050851,0.003620933895012719,0.5827367868572242,0.5827255371050851,-0.003620933895012719
Peromyscus_californicus,occupancy_descending,825,825,2.0,3,ok,825,175,0.9691568121677429,7.289973783992492,empirical_macro_occupancy,7.197172684454365,0.05265575500846076,0.010770608213527488,685.3530624525877,0.016194083624466282,0.007513084789653179,0.8841553467464758,0.8841553467464758,0.0,0.7189504709659926,0.7189504709659926,0.0,0.651405799188408,0.651405799188408,0.0,0.5804185607100742,0.58040971077129,0.0032051925280212174,0.5804185607100742,0.58040971077129,-0.0032051925280212174
Peromyscus_californicus,occupancy_descending,800,800,2.0,3,ok,800,200,0.9581993308605693,7.303862666170813,empirical_macro_occupancy,7.2193664906923845,0.06654463718678194,0.013888882178321182,673.7428146594679,0.016831856022106573,0.0012362699749052242,0.8829835603556514,0.8829835603556514,0.0,0.7183126985683523,0.7183126985683523,0.0,0.6501695292135028,0.6501695292135028,0.0,0.5795219941777258,0.5795219941777258,0.0,0.5768624386942568,0.5768624386942568,0.0
Peromyscus_californicus,occupancy_descending,775,775,2.0,3,ok,775,225,0.945642790353481,7.315467231064206,empirical_macro_occupancy,7.25259972264361,0.07814920208017462,0.011604564893392677,662.8589407548982,0.01707581079179754,0.001577334531896013,0.8819365104368502,0.8819365104368502,0.0,0.7180687437986614,0.7180687437986614,0.0,0.6485921946816068,0.6485921946816068,0.0,0.579282047277207,0.579282047277207,0.0,0.5739792051699484,0.5739792051699484,0.0
Peromyscus_californicus,occupancy_descending,750,750,2.0,3,ok,750,250,0.9318716670592454,7.3276030950213435,empirical_macro_occupancy,7.272935670499291,0.09028506603731223,0.012135863957137616,649.1344082581243,0.01767038455964598,0.0026323392469975726,0.8804352685002802,0.8804352685002802,0.0,0.7174741700308129,0.7174741700308129,0.0,0.6468359122424742,0.6468359122424742,0.0,0.5766497080302094,0.5766497080302094,0.0,0.5737398210141315,0.5737398210141315,0.0
Peromyscus_californicus,occupancy_descending,725,725,2.0,3,ok,725,275,0.9171026027297633,7.335916495728788,empirical_macro_occupancy,7.301549714081488,0.09859846674475659,0.008313400707444352,633.8851802197424,0.031757630601112696,0.014087246041466717,0.8790993565755809,0.8790993565755809,0.0,0.7033869239893462,0.7033869239893462,0.0,0.642836536430346,0.642836536430346,0.0,0.5735232514710189,0.5735232514710189,0.0,0.5700809374331325,0.5700809374331325,0.0
Peromyscus_californicus,occupancy_descending,700,700,2.0,3,ok,700,300,0.9015246525002638,7.346345189418974,empirical_macro_occupancy,7.323980687102169,0.10902716043494287,0.010428693690186286,619.1269402352127,0.032951755712732456,0.0030183078172224542,0.8782197272613781,0.8782197272613781,0.0,0.7021927988777265,0.7021927988777265,0.0,0.6413850932273305,0.6413850932273305,0.0,0.5705049436537964,0.5705049436537964,0.0,0.567782433592661,0.567782433592661,0.0
Peromyscus_californicus,occupancy_descending,675,675,2.0,3,ok,675,325,0.8848746824886523,7.351849597605615,empirical_macro_occupancy,7.336532311634065,0.11453156862158398,0.005504408186641108,602.2464356582515,0.03536172272333671,0.0030466792567569456,0.8775008786892716,0.8775008786892716,0.0,0.6997828318671222,0.6997828318671222,0.0,0.639093246138047,0.639093246138047,0.0,0.5674582643970395,0.5674582643970395,0.0,0.5650967267075804,0.5650967267075804,0.0
Peromyscus_californicus,occupancy_descending,650,650,2.0,3,ok,650,350,0.866810464317483,7.361157134379917,empirical_macro_occupancy,7.353126780882439,0.12383910539588605,0.009307536774302072,585.4565518091548,0.036197055893029795,0.0024338181762783018,0.8767050191055693,0.8767050191055693,0.0,0.6989474986974291,0.6989474986974291,0.0,0.6366594279617687,0.6366594279617687,0.0,0.5661309251697094,0.5661309251697094,0.0,0.5631054039385892,0.5631054039385892,0.0
Peromyscus_californicus,occupancy_descending,625,625,2.0,3,ok,625,375,0.8479769074939719,7.367402948820629,empirical_macro_occupancy,7.369892091102004,0.1300849198365981,0.006245814440712039,567.2419955749206,0.03721360137038143,0.005972034916608915,0.8751565638931244,0.8751565638931244,0.0,0.6979309532200775,0.6979309532200775,0.0,0.6342804163937135,0.6342804163937135,0.0,0.5601588902531005,0.5601572712075231,0.0013467898597816742,0.5601588902531005,0.5601572712075231,-0.0013467898597816742
Peromyscus_californicus,occupancy_descending,600,600,2.0,3,ok,600,400,0.8280618781315874,7.374437658085757,empirical_macro_occupancy,7.378227053891598,0.1371196291017256,0.007034709265127503,548.8557736475416,0.037694287405841354,0.0037465450165073966,0.8741081308999747,0.8741081308999747,0.0,0.6974502671846176,0.6974502671846176,0.0,0.6323737129941767,0.6323737129941767,0.0,0.5564123452365931,0.5564074188528012,0.0023414049733308214,0.5564123452365931,0.5564074188528012,-0.0023414049733308214
Peromyscus_californicus,occupancy_descending,575,575,2.0,3,ok,575,425,0.807300344755543,7.370589622022435,empirical_macro_occupancy,7.394285752444393,0.13327159303840386,-0.003848036063321736,525.891010486408,0.06493397507446008,0.02723968766861873,0.8714594703400289,0.8714594703400289,0.0,0.6702105795159988,0.6702105795159988,0.0,0.6227172936770553,0.6227172936770553,0.0,0.5549438327438554,0.5549438327438554,0.0,0.5359099847641984,0.5359099847641984,0.0
Peromyscus_californicus,occupancy_descending,550,550,2.0,3,ok,550,450,0.7857212443763332,7.362541625699563,empirical_macro_occupancy,7.3928977288774265,0.1252235967155313,-0.008047996322872564,503.4749914582779,0.06623424452883986,0.002485008287619106,0.8701407344968134,0.8701407344968134,0.0,0.668910310061619,0.668910310061619,0.0,0.6209051774251871,0.6209051774251871,0.0,0.5524588244562363,0.5524588244562363,0.0,0.5345681080709711,0.5345681080709711,0.0
Peromyscus_californicus,occupancy_descending,525,525,2.0,3,ok,525,475,0.7630961675244561,7.358094479434972,empirical_macro_occupancy,7.381694648521502,0.12077645045094076,-0.004447146264590529,482.5912627747429,0.06769562583672961,0.00461721225647993,0.8662755186490043,0.8662755186490043,0.0,0.6674489287537293,0.6674489287537293,0.0,0.6162879651687072,0.6162879651687072,0.0,0.550325040256899,0.550325040256899,0.0,0.5308314217384442,0.5308314217384442,0.0
Peromyscus_californicus,occupancy_descending,500,500,2.0,3,ok,500,500,0.7397017520202374,7.34321832972091,empirical_macro_occupancy,7.365770051106171,0.10590030073687906,-0.014876149714061704,457.73546632107843,0.0695140006176811,0.005657617034368068,0.8648591210951337,0.8648591210951337,0.0,0.6656305539727778,0.6656305539727778,0.0,0.6132257177686611,0.6132257177686611,0.0,0.5446674232225309,0.5446674232225309,0.0,0.5249740409708473,0.5249740409708473,0.0
Peromyscus_californicus,occupancy_descending,475,475,2.0,3,ok,475,525,0.7155179348697343,7.322794400578755,empirical_macro_occupancy,7.357824314619578,0.08547637159472377,-0.020423929142155295,431.453740255171,0.08943524100100819,0.0199212403833271,0.859699090391005,0.859699090391005,0.0,0.6457093135894507,0.6457093135894507,0.0,0.6007951271882109,0.6007951271882109,0.0,0.5417275719512226,0.5417275719512226,0.0,0.5136870469183118,0.5136870469183118,0.0
Peromyscus_californicus,occupancy_descending,450,450,2.0,3,ok,450,550,0.6906255467889275,7.299258327604126,empirical_macro_occupancy,7.331912412602138,0.06194029862009476,-0.023536072974629008,406.53196839772124,0.09145151130196172,0.005789642854207355,0.8555984440655978,0.8555984440655978,0.0,0.6436930432884972,0.6436930432884972,0.0,0.5952524604229378,0.5952524604229378,0.0,0.5359379290970152,0.5359379290970152,0.0,0.5076915420696329,0.5076915420696329,0.0
Peromyscus_californicus,occupancy_descending,425,425,2.0,3,ok,425,575,0.6646594027053789,7.2657222644214166,empirical_macro_occupancy,7.310247201534936,0.02840423543738524,-0.03353606318270952,380.13551679735997,0.09519595810765347,0.003744446805691748,0.8530303941854077,0.8530303941854077,0.0,0.6399485964828054,0.6399485964828054,0.0,0.5928466864811143,0.5928466864811143,0.0,0.5334085973723477,0.5334085973723477,0.0,0.5045968560220061,0.5045968560220061,0.0
Peromyscus_californicus,occupancy_descending,400,400,2.0,3,ok,400,600,0.637692809712341,7.220705715949862,empirical_macro_occupancy,7.262044041655815,-0.016612313034169546,-0.045016548471554785,351.7747401060924,0.09826995626579638,0.0049075051304605655,0.8519889043343722,0.8519889043343722,0.0,0.6368745983246625,0.6368745983246625,0.0,0.5893782785354469,0.5893782785354469,0.0,0.5285010922418871,0.5285010922418871,0.0,0.5018687022923729,0.5018687022923729,0.0
Peromyscus_californicus,occupancy_descending,375,375,2.0,3,ok,375,625,0.6097485315914025,7.170661936226688,empirical_macro_occupancy,7.2071066112176805,-0.06665609275734319,-0.05004377972317364,324.3837557229005,0.10051292013295277,0.006395720360764634,0.8509464067021927,0.8509464067021927,0.0,0.6346316344575061,0.6346316344575061,0.0,0.5868497443817478,0.5868497443817478,0.0,0.5221053718811225,0.5221053718811225,0.0,0.49446836677824607,0.49446836677824607,0.0
Peromyscus_californicus,occupancy_descending,350,350,2.0,3,ok,350,650,0.5806666431312315,7.115537390136263,empirical_macro_occupancy,7.147914351997163,-0.12178063884776869,-0.0551245460904255,296.30442526463906,0.10472866022412686,0.00709912431121329,0.8489277247243128,0.8489277247243128,0.0,0.630415894366332,0.630415894366332,0.0,0.5833227798913891,0.5833227798913891,0.0,0.5150062475699092,0.5150062475699092,0.0,0.4904207110907018,0.4904207110907018,0.0
Peromyscus_californicus,occupancy_descending,325,325,2.0,3,ok,325,675,0.550777026251463,7.054710269040381,empirical_macro_occupancy,7.081949151640577,-0.1826077599436502,-0.06082712109588151,274.22136397978767,0.10797152751904637,0.004612812097853136,0.8458667375541399,0.8458667375541399,0.0,0.6271730270714125,0.6271730270714125,0.0,0.5789660363090714,0.5789660363090714,0.0,0.5103934354720561,0.5103934354720561,0.0,0.48326512716886555,0.48326512716886555,0.0
Peromyscus_californicus,occupancy_descending,300,300,2.0,3,ok,300,700,0.5200073384258613,6.97631779755187,empirical_macro_occupancy,7.026975495611441,-0.26100023143216156,-0.07839247148851136,249.34651552610273,0.11387207936880728,0.007231972576706824,0.8435117420245284,0.8435117420245284,0.0,0.6212724752216516,0.6212724752216516,0.0,0.5717340637323646,0.5717340637323646,0.0,0.5047328448339194,0.5047328448339194,0.0,0.465687165276978,0.465687165276978,0.0
Peromyscus_californicus,occupancy_descending,275,275,2.0,3,ok,275,725,0.48842606391259635,6.884791865530994,empirical_macro_occupancy,6.944582089155906,-0.352526163453037,-0.09152593202087544,223.2720008012043,0.129674423863968,0.015802344495160714,0.8396044690822787,0.8396044690822787,0.0,0.6054701307264909,0.6054701307264909,0.0,0.5623247823387558,0.5623247823387558,0.0,0.4974946358616352,0.4974946358616352,0.0,0.4335069322844246,0.43344400851287207,0.007385920588930757
Peromyscus_californicus,occupancy_descending,250,250,2.0,3,ok,250,750,0.4556743837815387,6.782617555376815,empirical_macro_occupancy,6.835801314176428,-0.45470047360721644,-0.10217431015417944,198.97498029586905,0.1348812829426429,0.005206859078674908,0.8379314249527852,0.8379314249527852,0.0,0.600263271647816,0.600263271647816,0.0,0.5573551936187474,0.5573551936187474,0.0,0.4956850079157149,0.4956850079157149,0.0,0.43296031918114364,0.43286587982806896,0.009042569662961027
Peromyscus_californicus,occupancy_descending,225,225,2.0,3,ok,225,775,0.42203009333343366,6.65934963201757,empirical_macro_occupancy,6.68822406075791,-0.5779683969664617,-0.1232679233592453,175.74773517843587,0.13710041188499178,0.0046989599683335825,0.8360689509473651,0.8360689509473651,0.0,0.5980441427054671,0.5980441427054671,0.0,0.5537210405931862,0.5537210405931862,0.0,0.4909860479473813,0.4909860479473813,0.0,0.43143889931655705,0.43136585449050735,0.007938729316248345
Peromyscus_californicus,occupancy_descending,200,200,2.0,3,ok,200,800,0.3870375311096977,6.5242997109990775,empirical_macro_occupancy,6.524562815525521,-0.7130183179849539,-0.13504992101849211,152.66105891398402,0.14230112275228335,0.009881686622861818,0.8322491161611956,0.8322491161611956,0.0,0.5928434318381756,0.5928434318381756,0.0,0.5438393539703243,0.5438393539703243,0.0,0.48432092746037203,0.48432092746037203,0.0,0.42992746270594795,0.42979605480678523,0.01062894450531716
Peromyscus_californicus,occupancy_descending,175,175,2.0,3,ok,175,825,0.35074936246943045,6.3382576427306,empirical_macro_occupancy,6.331951032993318,-0.8990603862534314,-0.18604206826847758,125.58808182058762,0.1587024969645202,0.016401374212236863,0.8222871820857681,0.8222871820857681,0.0,0.5764420576259387,0.5764420576259387,0.0,0.5342247018184665,0.5342247018184665,0.0,0.47686092128600244,0.47686092128600244,0.0,0.44253343569393083,0.44253343569393083,0.0
Peromyscus_californicus,occupancy_descending,150,150,2.0,3,ok,150,850,0.31317793387044285,6.127137629280661,empirical_macro_occupancy,6.1433712535039255,-1.1101803997033706,-0.21112001344993914,101.21571339856446,0.17976679617260072,0.021064299208080506,0.8057057866969701,0.8057057866969701,0.0,0.5553777584178582,0.5553777584178582,0.0,0.515181316310775,0.515181316310775,0.0,0.4689636284403693,0.4689636284403693,0.0,0.39924655183348295,0.39913915183227816,0.009259947382981356
Peromyscus_californicus,occupancy_descending,125,125,2.0,3,ok,125,875,0.27376707597103445,5.870692366903847,empirical_macro_occupancy,5.866632558695505,-1.3666256620801844,-0.25644526237681387,79.46135029287494,0.1925369063727872,0.019318008173133228,0.8026839562970997,0.8026839562970997,0.0,0.5426076482176717,0.5426076482176717,0.0,0.4958633081376418,0.4958633081376418,0.0,0.4633061940597895,0.4633061940597895,0.0,0.3828792991694718,0.38250596084585475,0.01690407199154397
Peromyscus_californicus,occupancy_descending,100,100,2.0,3,ok,100,900,0.23198704856575636,5.5036700912784635,empirical_macro_occupancy,5.494465602595843,-1.7336479377055678,-0.36702227562538337,53.08925051800126,0.21036345469343853,0.04113262936871753,0.7779036712715381,0.7779036712715381,0.0,0.5247810998970204,0.5247810998970204,0.0,0.45473067876892426,0.45470960313049513,0.004378017194370117,0.45473067876892426,0.45470960313049513,-0.004378017194370117,0.38026226753834835,0.37958062298291295,0.02275835603267801
Peromyscus_californicus,occupancy_descending,75,75,2.0,3,ok,75,925,0.187107095682926,4.9509473962889174,empirical_macro_occupancy,4.956897946128989,-2.286370632695114,-0.5527226949895461,30.837589583718636,0.24860581863761988,0.04323148035574331,0.7606340348893337,0.7606340348893337,0.0,0.48653873595283903,0.48653873595283903,0.0,0.43400379429945923,0.43400379429945923,0.0,0.41149919841318094,0.41149919841318094,0.0,0.34423025681504393,0.34342550304558617,0.023524318583908126
Peromyscus_californicus,occupancy_descending,50,50,2.0,3,ok,50,950,0.13614400445398467,4.346774857815228,empirical_macro_occupancy,4.3526732685416825,-2.8905431711688037,-0.6041725384736898,18.018162957595905,0.3496314311708213,0.10102561253320141,0.7101886304493694,0.7101886304493694,0.0,0.3855131234196376,0.3855131234196376,0.0,0.3631026338509975,0.3631026338509975,0.0,0.3477626428130383,0.3477626428130383,0.0,0.22233439175972378,0.22233439175972378,0.0
Peromyscus_gossypinus,occupancy_descending,1000,1000,2.0,3,ok,1000,0,1.0,6.842356026679624,empirical_macro_occupancy,6.845023297334765,0.0,,725.9802080880401,0.0,,0.9081773681207641,0.9081773681207641,0.0,0.8466019123013584,0.8466019123013584,0.0,0.7145333102412676,0.7145333102412676,0.0,0.6590636219219906,0.6590636219219906,0.0,0.619552225843283,0.619552225843283,0.0
Peromyscus_gossypinus,occupancy_descending,975,975,2.0,3,ok,975,25,0.998120711527599,6.848589497302618,empirical_macro_occupancy,6.933429334072059,0.006233470622993842,0.006233470622993842,725.0387231147806,0.00027675758122025496,0.00027675758122025496,0.9081365199307105,0.9081365199307105,0.0,0.8465119252658828,0.8465119252658828,0.0,0.7142565526600474,0.7142565526600474,0.0,0.6588895619065541,0.6588895619065541,0.0,0.619542297197909,0.619542297197909,0.0
Peromyscus_gossypinus,occupancy_descending,950,950,2.0,3,ok,950,50,0.9931440000740789,6.863247436746099,empirical_macro_occupancy,6.980913689803208,0.02089141006647477,0.014657939443480927,721.7330437382049,0.001520728009409944,0.0013466679939734272,0.9078767151658685,0.9078767151658685,0.0,0.8461783653256928,0.8461783653256928,0.0,0.7134479537687821,0.7134479537687821,0.0,0.6575428939125807,0.6575428939125807,0.0,0.6181159069369486,0.6181159069369486,0.0
Peromyscus_gossypinus,occupancy_descending,925,925,2.0,3,ok,925,75,0.9859020955061902,6.88247663587757,empirical_macro_occupancy,7.0154146469455165,0.040120609197945356,0.019229199131470587,716.8336115210279,0.003219587817110514,0.00169885980770057,0.9077495228060827,0.9077495228060827,0.0,0.845783595575537,0.845783595575537,0.0,0.7124050340177094,0.7124050340177094,0.0,0.6558440341048801,0.6558440341048801,0.0,0.6181084828473261,0.6181084828473261,0.0
Peromyscus_gossypinus,occupancy_descending,900,900,2.0,3,ok,900,100,0.9772793144000074,6.903002894019849,empirical_macro_occupancy,7.044655769117356,0.06064686734022473,0.020526258142279374,710.4548580509608,0.0050531895202016175,0.0018336017030911034,0.9077402908577127,0.9077402908577127,0.0,0.8456589054097841,0.8456589054097841,0.0,0.7112667671522132,0.7112667671522132,0.0,0.654010432401789,0.654010432401789,0.0,0.6179904500666665,0.6179904500666665,0.0
Peromyscus_gossypinus,occupancy_descending,875,875,2.0,3,ok,875,125,0.9670953209930273,6.92287764431819,empirical_macro_occupancy,7.067709005639314,0.08052161763856525,0.019874750298340516,702.553917298881,0.005868191152326729,0.0014504864960329655,0.9075897960341669,0.9075897960341669,0.0,0.845398954053909,0.845398954053909,0.0,0.7098162806561802,0.7098162806561802,0.0,0.6531954307696639,0.6531954307696639,0.0,0.6176928668259282,0.6176928668259282,0.0
Peromyscus_gossypinus,occupancy_descending,850,850,2.0,3,ok,850,150,0.9559170501791783,6.9397036664721785,empirical_macro_occupancy,7.089196134970112,0.09734763979255412,0.016826022153988873,692.3904172297861,0.007652877186381968,0.0017846860340552384,0.9070775275646391,0.9070775275646391,0.0,0.8447931129211189,0.8447931129211189,0.0,0.7083265911224452,0.7083265911224452,0.0,0.6514107447356087,0.6514107447356087,0.0,0.6137559038702687,0.6137559038702687,0.0
Peromyscus_gossypinus,occupancy_descending,825,825,2.0,3,ok,825,175,0.9436155584158232,6.956850609147207,empirical_macro_occupancy,7.096615806180489,0.11449458246758226,0.017146942675028143,680.7602680409447,0.008853282902755333,0.001200405716373365,0.9069919302358169,0.9069919302358169,0.0,0.8446372424684783,0.8446372424684783,0.0,0.7074543047456118,0.7074543047456118,0.0,0.6502103390192353,0.6502103390192353,0.0,0.6137571879881907,0.6137571879881907,0.0
Peromyscus_gossypinus,occupancy_descending,800,800,2.0,3,ok,800,200,0.930213069365607,6.97616725498306,empirical_macro_occupancy,7.111252501291335,0.1338112283034354,0.01931664583585313,669.5334096974792,0.012541240184374192,0.003687957281618859,0.9068726257404902,0.9068726257404902,0.0,0.8444191269303813,0.8444191269303813,0.0,0.7061020028174527,0.7061020028174527,0.0,0.6465223817376164,0.6465223817376164,0.0,0.613764316253436,0.613764316253436,0.0
Peromyscus_gossypinus,occupancy_descending,775,775,2.0,3,ok,775,225,0.9157364366208921,6.989020436235715,empirical_macro_occupancy,7.115915997712689,0.14666440955609072,0.012853181252655332,655.0478469565259,0.014833626040815284,0.0022923858564410926,0.9067553605340132,0.9067553605340132,0.0,0.8442236722288596,0.8442236722288596,0.0,0.7045449914188165,0.7045449914188165,0.0,0.6442299958811754,0.6442299958811754,0.0,0.6129372806251053,0.6129372806251053,0.0
Peromyscus_gossypinus,occupancy_descending,750,750,2.0,3,ok,750,250,0.9003824321946793,7.0074294042353005,empirical_macro_occupancy,7.121779263863456,0.16507337755567608,0.018408967999585357,640.0774886691684,0.020148047784331657,0.005314421743516373,0.9063655266963829,0.9063655266963829,0.0,0.8436495343830333,0.8436495343830333,0.0,0.7029692155909439,0.7029692155909439,0.0,0.638915574137659,0.638915574137659,0.0,0.6130241095927602,0.6130241095927602,0.0
Peromyscus_gossypinus,occupancy_descending,725,725,2.0,3,ok,725,275,0.8844246849332827,7.020028404130706,empirical_macro_occupancy,7.123151289717595,0.17767237745108133,0.01259899989540525,623.7968992826547,0.022053154587656665,0.0019051068033250074,0.9062517884388775,0.9062517884388775,0.0,0.8434357383621608,0.8434357383621608,0.0,0.7011556548792532,0.7011556548792532,0.0,0.637010467334334,0.637010467334334,0.0,0.6125703814910042,0.6125703814910042,0.0
Peromyscus_gossypinus,occupancy_descending,700,700,2.0,3,ok,700,300,0.867846064096747,7.027889369736519,empirical_macro_occupancy,7.119768827219163,0.1855333430568944,0.007860965605813064,606.2176538221978,0.024687537794474634,0.0026343832068179696,0.9060412165079524,0.9060412165079524,0.0,0.8430614529495708,0.8430614529495708,0.0,0.6995600638840447,0.6995600638840447,0.0,0.634376084127516,0.634376084127516,0.0,0.6125719915523596,0.6125719915523596,0.0
Peromyscus_gossypinus,occupancy_descending,675,675,2.0,3,ok,675,325,0.8504023408924652,7.032672183051085,empirical_macro_occupancy,7.113546413731979,0.19031615637146082,0.004782813314566425,588.271984139196,0.027462772833903748,0.0027752350394291136,0.905765590089636,0.905765590089636,0.0,0.8426541906943402,0.8426541906943402,0.0,0.698422261683845,0.698422261683845,0.0,0.6316008490880869,0.6316008490880869,0.0,0.6125834720764225,0.6125834720764225,0.0
Peromyscus_gossypinus,occupancy_descending,650,650,2.0,3,ok,650,350,0.8323476984619373,7.033893983936936,empirical_macro_occupancy,7.105456361763779,0.19153795725731193,0.0012218008858511098,566.8425186531789,0.0306961097277072,0.004671717549957877,0.9034398621784557,0.9034398621784557,0.0,0.8379824731443823,0.8379824731443823,0.0,0.6952870108267998,0.6952870108267998,0.0,0.6283675121942834,0.6283675121942834,0.0,0.6103613090549208,0.6103613090549208,0.0
Peromyscus_gossypinus,occupancy_descending,625,625,2.0,3,ok,625,375,0.8134281851601493,7.032075319819207,empirical_macro_occupancy,7.087356556997129,0.18971929313958302,-0.0018186641177289076,545.6246544761577,0.03328951375931932,0.002593404031612123,0.9032822829116766,0.9032822829116766,0.0,0.837838157181493,0.837838157181493,0.0,0.6930785418939783,0.6930785418939783,0.0,0.6257741081626713,0.6257741081626713,0.0,0.6097350080789848,0.6097350080789848,0.0
Peromyscus_gossypinus,occupancy_descending,600,600,2.0,3,ok,600,400,0.7938257572250054,7.031082602322224,empirical_macro_occupancy,7.081309470960744,0.18872657564259931,-0.0009927174969837083,526.475407210808,0.03878594300029781,0.005496429240978484,0.9026143910020901,0.9026143910020901,0.0,0.8370079362591409,0.8370079362591409,0.0,0.6911115878516466,0.6911115878516466,0.0,0.6202776789216928,0.6202776789216928,0.0,0.6094055937293178,0.6094055937293178,0.0
Peromyscus_gossypinus,occupancy_descending,575,575,2.0,3,ok,575,425,0.7736985267563639,7.014336280719751,empirical_macro_occupancy,7.043167132790597,0.1719802540401263,-0.016746321602473024,498.7004629368179,0.04382079395527505,0.0050348509549772436,0.9023180395064305,0.9023180395064305,0.0,0.8364493661457117,0.8364493661457117,0.0,0.6874217276902269,0.6874217276902269,0.0,0.6152428279667156,0.6152428279667156,0.0,0.6091805366958616,0.6091805366958616,0.0
Peromyscus_gossypinus,occupancy_descending,550,550,2.0,3,ok,550,450,0.7529124572888983,6.997341020211362,empirical_macro_occupancy,7.0180474149714795,0.15498499353173756,-0.016995260508388732,473.2945108187437,0.046596960669838317,0.0027761667145632662,0.9017365139039496,0.9017365139039496,0.0,0.8353708816503375,0.8353708816503375,0.0,0.6852685287924272,0.6852685287924272,0.0,0.6124666612521523,0.6124666612521523,0.0,0.6072144130599795,0.6072144130599795,0.0
Peromyscus_gossypinus,occupancy_descending,525,525,2.0,3,ok,525,475,0.7315518135434704,6.978539816907503,empirical_macro_occupancy,6.986084194068019,0.13618379022787863,-0.018801203303858927,447.6197346660024,0.049103487143342894,0.002506526473504578,0.9011952789051506,0.9011952789051506,0.0,0.8344365801285433,0.8344365801285433,0.0,0.6827733932489657,0.6827733932489657,0.0,0.6099601347786477,0.6099601347786477,0.0,0.6045902889097817,0.6045902889097817,0.0
Peromyscus_gossypinus,occupancy_descending,500,500,2.0,3,ok,500,500,0.7094858000055559,6.954531732921709,empirical_macro_occupancy,6.951467311851667,0.11217570624208495,-0.024008083985793682,419.57644359112163,0.05300992217203537,0.003906435028692479,0.9007084180444935,0.9007084180444935,0.0,0.8335238963768081,0.8335238963768081,0.0,0.6793236007428581,0.6793236007428581,0.0,0.6060536997499553,0.6060536997499553,0.0,0.5989680167651467,0.5989680167651467,0.0
Peromyscus_gossypinus,occupancy_descending,475,475,2.0,3,ok,475,525,0.6865366273739965,6.9294985433518,empirical_macro_occupancy,6.915228500274832,0.08714251667217532,-0.02503318956990963,394.44253602064975,0.055852284323928636,0.004160039701505913,0.8994188671387113,0.8994188671387113,0.0,0.8308572353665393,0.8308572353665393,0.0,0.6751635610413522,0.6751635610413522,0.0,0.603211337598062,0.603211337598062,0.0,0.5923775108003507,0.5923775108003507,0.0
Peromyscus_gossypinus,occupancy_descending,450,450,2.0,3,ok,450,550,0.6626452640448918,6.885938934223557,empirical_macro_occupancy,6.859640928432794,0.04358290754393224,-0.04355960912824308,365.39590498317074,0.05658168644355677,0.0027385541755969856,0.8991517640712652,0.8991517640712652,0.0,0.8304584655382075,0.8304584655382075,0.0,0.6724250068657552,0.6724250068657552,0.0,0.6024819354784339,0.6024819354784339,0.0,0.5874045943837757,0.5874045943837757,0.0
Peromyscus_gossypinus,occupancy_descending,425,425,2.0,3,ok,425,575,0.6380700600964877,6.828276994045437,empirical_macro_occupancy,6.792010728604013,-0.014079032634187527,-0.057661940178119764,332.563595563445,0.05706886788576471,0.0031156968311397693,0.8990855226759751,0.8990855226759751,0.0,0.8303541274505356,0.8303541274505356,0.0,0.6693093100346155,0.6693093100346155,0.0,0.6019947540362259,0.6019947540362259,0.0,0.5810082882064622,0.5810082882064622,0.0
Peromyscus_gossypinus,occupancy_descending,400,400,2.0,3,ok,400,600,0.6126105395720093,6.7737946321274745,empirical_macro_occupancy,6.713545444363958,-0.06856139455214993,-0.05448236191796241,304.38013326799717,0.05727855109564062,0.0036147622501354615,0.8984778994500362,0.8984778994500362,0.0,0.8292534884345706,0.8292534884345706,0.0,0.66569454778448,0.66569454778448,0.0,0.60178507082635,0.60178507082635,0.0,0.5749705415033934,0.5749705415033934,0.0
Peromyscus_gossypinus,occupancy_descending,375,375,2.0,3,ok,375,625,0.5864403248358689,6.711447160483372,empirical_macro_occupancy,6.636228644701208,-0.1309088661962523,-0.06234747164410237,276.3391549102091,0.057348316643277886,0.0031641580087377053,0.8979124468029387,0.8979124468029387,0.0,0.8279046393746,0.8279046393746,0.0,0.6625303897757423,0.6625303897757423,0.0,0.6017153052787128,0.6017153052787128,0.0,0.564785060824147,0.564785060824147,0.0
Peromyscus_gossypinus,occupancy_descending,350,350,2.0,3,ok,350,650,0.55963233728112,6.639980454052471,empirical_macro_occupancy,6.554663066165696,-0.20237557262715367,-0.07146670643090136,248.5882897580567,0.058026521712329915,0.005867022868976002,0.8972819061316512,0.8972819061316512,0.0,0.8264554154165913,0.8264554154165913,0.0,0.6566633669067663,0.6566633669067663,0.0,0.6010371002096607,0.6010371002096607,0.0,0.5579879143209214,0.5579879143209214,0.0
Peromyscus_gossypinus,occupancy_descending,325,325,2.0,3,ok,325,675,0.5317569194299631,6.574611836503982,empirical_macro_occupancy,6.491914304697155,-0.26774419017564277,-0.0653686175484891,226.56788228379062,0.0662113449329218,0.00834140159842045,0.8945805540257176,0.8945805540257176,0.0,0.8209490659453993,0.8209490659453993,0.0,0.6483219653083458,0.6483219653083458,0.0,0.5957701665433511,0.5957701665433511,0.0,0.5521171928881496,0.5521171928881496,0.0
Peromyscus_gossypinus,occupancy_descending,300,300,2.0,3,ok,300,700,0.5028295815469521,6.50165366984702,empirical_macro_occupancy,6.396399797985652,-0.34070235683260464,-0.07295816665696186,207.64665725294432,0.07229213902126708,0.006080794088345276,0.8938228651531861,0.8938228651531861,0.0,0.818883674593769,0.818883674593769,0.0,0.6422411712200006,0.6422411712200006,0.0,0.5955334327917643,0.5955334327917643,0.0,0.5467372312415395,0.5467372312415395,0.0
Peromyscus_gossypinus,occupancy_descending,275,275,2.0,3,ok,275,725,0.4728454622058837,6.415357576785693,empirical_macro_occupancy,6.305212644422316,-0.4269984498939312,-0.08629609306132657,185.1865146278333,0.07760887428925733,0.005316735267990258,0.8927144519330273,0.8927144519330273,0.0,0.815237623857271,0.815237623857271,0.0,0.6369244359520103,0.6369244359520103,0.0,0.5944035129876699,0.5944035129876699,0.0,0.5366158008088431,0.5366158008088431,0.0
Peromyscus_gossypinus,occupancy_descending,250,250,2.0,3,ok,250,750,0.4419103553008065,6.329890483178371,empirical_macro_occupancy,6.213871517063997,-0.5124655435012535,-0.0854670936073223,168.89888183109457,0.08338261008314662,0.00577373579388929,0.8915584242594017,0.8915584242594017,0.0,0.8119279251411885,0.8119279251411885,0.0,0.631150700158121,0.631150700158121,0.0,0.5940161042513085,0.5940161042513085,0.0,0.5307532972987219,0.5307532972987219,0.0
Peromyscus_gossypinus,occupancy_descending,225,225,2.0,3,ok,225,775,0.4097492430064912,6.199636776891098,empirical_macro_occupancy,6.069043101901049,-0.6427192497885263,-0.13025370628727284,146.8066083306715,0.08998140116420428,0.006598791081057653,0.8904494441379034,0.8904494441379034,0.0,0.8078293021932856,0.8078293021932856,0.0,0.6245519090770634,0.6245519090770634,0.0,0.5927920680666156,0.5927920680666156,0.0,0.5236598982654012,0.5236598982654012,0.0
Peromyscus_gossypinus,occupancy_descending,200,200,2.0,3,ok,200,800,0.3763035567120091,6.053323884859635,empirical_macro_occupancy,5.936827086941314,-0.7890321418199893,-0.14631289203146292,125.41984580427243,0.09894228957842,0.01230542151340841,0.8855669096057831,0.8855669096057831,0.0,0.7995397793458283,0.7995397793458283,0.0,0.6155910206628477,0.6155910206628477,0.0,0.5804866465532071,0.5804866465532071,0.0,0.5070097102543608,0.5070097102543608,0.0
Peromyscus_gossypinus,occupancy_descending,175,175,2.0,3,ok,175,825,0.34149481910864593,5.881844929030281,empirical_macro_occupancy,5.782845675500083,-0.9605110976493432,-0.1714789558293539,104.76938252862878,0.1041000285899667,0.005565770342329857,0.8811589107393177,0.8811589107393177,0.0,0.7939740090034985,0.7939740090034985,0.0,0.610433281651301,0.610433281651301,0.0,0.5757763564494384,0.5757763564494384,0.0,0.4927877492431044,0.4927877492431044,0.0
Peromyscus_gossypinus,occupancy_descending,150,150,2.0,3,ok,150,850,0.30527673089922497,5.768641569054443,empirical_macro_occupancy,5.649269092564134,-1.0737144576251811,-0.11320335997583797,91.47297138012293,0.12435500168598668,0.02718168772909557,0.8710032370671157,0.8710032370671157,0.0,0.7701157288306659,0.7701157288306659,0.0,0.590178308555281,0.590178308555281,0.0,0.5485946687203428,0.5485946687203428,0.0,0.47886833518096594,0.4788675021384767,0.0008932159010665196
Peromyscus_gossypinus,occupancy_descending,125,125,2.0,3,ok,125,875,0.26717935421740296,5.580463266782124,empirical_macro_occupancy,5.4419365140679545,-1.2618927598975,-0.1881783022723189,78.17804867183608,0.12952305652239804,0.01748021200950245,0.8687563855318344,0.8687563855318344,0.0,0.762952627048037,0.762952627048037,0.0,0.5850102537188696,0.5850102537188696,0.0,0.5311144567108403,0.5311144567108403,0.0,0.4625003140121758,0.4625003140121758,0.0
Peromyscus_gossypinus,occupancy_descending,100,100,2.0,3,ok,100,900,0.22624221014325002,5.26961384684037,empirical_macro_occupancy,5.107224038161371,-1.5727421798392545,-0.3108494199417544,60.58807784962078,0.13534386280160815,0.006820428971073489,0.8677885842249692,0.8677885842249692,0.0,0.7561321980769635,0.7561321980769635,0.0,0.5791894474396595,0.5791894474396595,0.0,0.526596047960668,0.526596047960668,0.0,0.4572942240364019,0.4572942240364019,0.0
Peromyscus_gossypinus,occupancy_descending,75,75,2.0,3,ok,75,925,0.18252826572092637,4.923894373036238,empirical_macro_occupancy,4.766767197838148,-1.9184616536433863,-0.3457194738041318,42.93754226605686,0.15438306125614787,0.021915487294825176,0.8525899126790284,0.8525899126790284,0.0,0.7402263368459412,0.7402263368459412,0.0,0.5690867595913931,0.5690867595913931,0.0,0.5046805606658428,0.5046805606658428,0.0,0.42206143716267325,0.42206143716267325,0.0
Peromyscus_gossypinus,occupancy_descending,50,50,2.0,3,ok,50,950,0.13419041048956876,4.4230180355443,empirical_macro_occupancy,4.2383938545773425,-2.4193379911353246,-0.5008763374919383,26.913130437096765,0.22684077108297412,0.07245770982682626,0.8330084752385133,0.8330084752385133,0.0,0.7068028432327625,0.7068028432327625,0.0,0.5457558237730606,0.5457558237730606,0.0,0.4322228508390165,0.4322228508390165,0.0,0.3605445296255241,0.3605445296255241,0.0
Peromyscus_leucopus,occupancy_descending,1000,1000,2.0,3,ok,1000,0,1.0,6.549028206701747,empirical_macro_occupancy,6.582992558698879,0.0,,473.0844284800308,0.0,,0.9463923970952846,0.9463923970952846,0.0,0.8560773157520496,0.8560773157520496,0.0,0.6921066446156886,0.6921066446156886,0.0,0.6320376121007302,0.6320376121007302,0.0,0.574941228840328,0.574941228840328,0.0
Peromyscus_leucopus,occupancy_descending,975,975,2.0,3,ok,975,25,0.9979959018507814,6.555831144469522,empirical_macro_occupancy,6.662557883388492,0.006802937767774964,0.006802937767774964,472.67647280003456,0.0003276945569706813,0.0003276945569706813,0.9463691921805807,0.9463691921805807,0.0,0.855964830982577,0.855964830982577,0.0,0.6917789500587179,0.6917789500587179,0.0,0.632008511252271,0.632008511252271,0.0,0.5746743819803416,0.5746743819803416,0.0
Peromyscus_leucopus,occupancy_descending,950,950,2.0,3,ok,950,50,0.9927124906243924,6.572407019709767,empirical_macro_occupancy,6.722453658865586,0.02337881300802014,0.016575875240245175,471.414843031576,0.0010109073948454395,0.0006832128378747582,0.9460715634551077,0.9460715634551077,0.0,0.8555196487124809,0.8555196487124809,0.0,0.6910957372208432,0.6910957372208432,0.0,0.6315476241073049,0.6315476241073049,0.0,0.5731758421288004,0.5731758421288004,0.0
Peromyscus_leucopus,occupancy_descending,925,925,2.0,3,ok,925,75,0.9859997539523064,6.591995054462988,empirical_macro_occupancy,6.770475269584474,0.0429668477612406,0.019588034753220462,469.62148291772655,0.001999294055452294,0.0009883866606068548,0.9460602312510973,0.9460602312510973,0.0,0.8554594479757468,0.8554594479757468,0.0,0.6901073505602363,0.6901073505602363,0.0,0.6315319965784806,0.6315319965784806,0.0,0.5725701893692143,0.5725701893692143,0.0
Peromyscus_leucopus,occupancy_descending,900,900,2.0,3,ok,900,100,0.9780647158347565,6.612492539695447,empirical_macro_occupancy,6.813986573688008,0.06346433299369991,0.02049748523245931,467.3182411251321,0.00355990066172851,0.0015606066062762158,0.9460395123416726,0.9460395123416726,0.0,0.8553051012023861,0.8553051012023861,0.0,0.6885467439539601,0.6885467439539601,0.0,0.631432876247793,0.631432876247793,0.0,0.5720072782207998,0.5720072782207998,0.0
Peromyscus_leucopus,occupancy_descending,875,875,2.0,3,ok,875,125,0.9690621482080187,6.636343864649904,empirical_macro_occupancy,6.851060169029095,0.08731565794815666,0.023851324954456743,464.2171168316266,0.005102596249541791,0.0015426955878132809,0.9459566802900693,0.9459566802900693,0.0,0.854858112374443,0.854858112374443,0.0,0.6870040483661468,0.6870040483661468,0.0,0.6312108480355059,0.6312108480355059,0.0,0.571193763147897,0.571193763147897,0.0
Peromyscus_leucopus,occupancy_descending,850,850,2.0,3,ok,850,150,0.9590505866120952,6.660066326389641,empirical_macro_occupancy,6.8893127251761825,0.11103811968789401,0.023722461739737355,460.94226640902787,0.006396550365730169,0.0012939541161883783,0.9459187294735879,0.9459187294735879,0.0,0.8545671776291577,0.8545671776291577,0.0,0.6857100942499584,0.6857100942499584,0.0,0.6311782728994881,0.6311782728994881,0.0,0.5704962075940362,0.5704962075940362,0.0
Peromyscus_leucopus,occupancy_descending,825,825,2.0,3,ok,825,175,0.948034330267438,6.682538193647392,empirical_macro_occupancy,6.919779949993394,0.1335099869456453,0.0224718672577513,456.95121842695534,0.00826125847388648,0.00186470810815631,0.9459060410365236,0.9459060410365236,0.0,0.8544238851152125,0.8544238851152125,0.0,0.6838453861418021,0.6838453861418021,0.0,0.6311201026949027,0.6311201026949027,0.0,0.5699270993882725,0.5699270993882725,0.0
Peromyscus_leucopus,occupancy_descending,800,800,2.0,3,ok,800,200,0.93630506474626,6.703173035930771,empirical_macro_occupancy,6.9455448540971245,0.15414482922902373,0.02063484228337842,452.047321139092,0.010113655012496836,0.001852396538610357,0.9458805176056411,0.9458805176056411,0.0,0.8542426081174683,0.8542426081174683,0.0,0.6819929896031918,0.6819929896031918,0.0,0.6310637686677041,0.6310637686677041,0.0,0.5693081652260275,0.5693081652260275,0.0
Peromyscus_leucopus,occupancy_descending,775,775,2.0,3,ok,775,225,0.9237539867001962,6.72540343670785,empirical_macro_occupancy,6.970104838745547,0.17637523000610322,0.022230400777079495,446.73266282060644,0.01206237227274265,0.0019487172602458136,0.9458406184867717,0.9458406184867717,0.0,0.8539157428813462,0.8539157428813462,0.0,0.680044272342946,0.680044272342946,0.0,0.6309329645646929,0.6309329645646929,0.0,0.5686789028163549,0.5686789028163549,0.0
Peromyscus_leucopus,occupancy_descending,750,750,2.0,3,ok,750,250,0.9104244190430332,6.746442744730944,empirical_macro_occupancy,6.990888033862574,0.1974145380291965,0.021039308023093284,440.32706816553525,0.013790252999835828,0.0017278807270931784,0.9457722308433512,0.9457722308433512,0.0,0.8535655326862661,0.8535655326862661,0.0,0.6783163916158528,0.6783163916158528,0.0,0.630640145937395,0.630640145937395,0.0,0.5679630926430921,0.5679630926430921,0.0
Peromyscus_leucopus,occupancy_descending,725,725,2.0,3,ok,725,275,0.896347117736467,6.764636473332626,empirical_macro_occupancy,7.013429914119075,0.21560826663087873,0.018193728601682224,433.83642003951195,0.015624545402943668,0.00183429240310784,0.9457429291751581,0.9457429291751581,0.0,0.8533225840799098,0.8533225840799098,0.0,0.6764820992127449,0.6764820992127449,0.0,0.6305281397104157,0.6305281397104157,0.0,0.567569743748985,0.567569743748985,0.0
Peromyscus_leucopus,occupancy_descending,700,700,2.0,3,ok,700,300,0.8814394054641108,6.7809056531882,empirical_macro_occupancy,7.0374408686895356,0.23187744648645303,0.0162691798555743,425.74834679982763,0.018269616170835667,0.0026450707678919994,0.9456141301063498,0.9456141301063498,0.0,0.8527029145433973,0.8527029145433973,0.0,0.6738370284448529,0.6738370284448529,0.0,0.6293401922327838,0.6293401922327838,0.0,0.5662413340053136,0.5662413340053136,0.0
Peromyscus_leucopus,occupancy_descending,675,675,2.0,3,ok,675,325,0.8657310460598636,6.79995972921847,empirical_macro_occupancy,7.054308050530424,0.2509315225167228,0.019054076030269762,418.42912473713534,0.0208929111808438,0.002623295010008131,0.9454974840738662,0.9454974840738662,0.0,0.8516987789097947,0.8516987789097947,0.0,0.6712137334348448,0.6712137334348448,0.0,0.6288181039101983,0.6288181039101983,0.0,0.5657804765425798,0.5657804765425798,0.0
Peromyscus_leucopus,occupancy_descending,650,650,2.0,3,ok,650,350,0.849331504290622,6.813663591211519,empirical_macro_occupancy,7.058723392061599,0.26463538450977175,0.01370386199304896,409.9723501837594,0.02316920704041525,0.0022762958595714533,0.9454799385368187,0.9454799385368187,0.0,0.851556484251021,0.851556484251021,0.0,0.6689374375752734,0.6689374375752734,0.0,0.6286788694155169,0.6286788694155169,0.0,0.5654790169206106,0.5654790169206106,0.0
Peromyscus_leucopus,occupancy_descending,625,625,2.0,3,ok,625,375,0.8321574414214677,6.828703556459377,empirical_macro_occupancy,7.069161496639329,0.2796753497576301,0.015039965247858333,400.0252597641397,0.026272436120854614,0.0031032290804393625,0.9453978083839839,0.9453978083839839,0.0,0.8506998559666411,0.8506998559666411,0.0,0.665834208494834,0.665834208494834,0.0,0.6284011058718716,0.6284011058718716,0.0,0.5651923676718987,0.5651923676718987,0.0
Peromyscus_leucopus,occupancy_descending,600,600,2.0,3,ok,600,400,0.8144406846475499,6.827301910116188,empirical_macro_occupancy,7.059010014656972,0.2782737034144409,-0.001401646343189178,387.0555890546695,0.029560348782687318,0.0032879126618327037,0.9453025009939997,0.9453025009939997,0.0,0.8503239347615326,0.8503239347615326,0.0,0.6625462958330013,0.6625462958330013,0.0,0.6282332710118923,0.6282332710118923,0.0,0.5648671874244974,0.5648671874244974,0.0
Peromyscus_leucopus,occupancy_descending,575,575,2.0,3,ok,575,425,0.7959593280516859,6.8241564666393,empirical_macro_occupancy,7.059316819417803,0.27512825993755285,-0.0031454434768880546,374.676640210983,0.031463606842656144,0.0019032580599688265,0.9452432786276986,0.9452432786276986,0.0,0.8499725568503844,0.8499725568503844,0.0,0.6606430377730325,0.6606430377730325,0.0,0.6279482634071637,0.6279482634071637,0.0,0.5642322567422102,0.5642322567422102,0.0
Peromyscus_leucopus,occupancy_descending,550,550,2.0,3,ok,550,450,0.776607875378166,6.819290429759328,empirical_macro_occupancy,7.051376634960897,0.2702622230575811,-0.00486603687997178,361.73018500495147,0.03368775034011262,0.0022241434974564767,0.9451556513678037,0.9451556513678037,0.0,0.8493050415667251,0.8493050415667251,0.0,0.658418894275576,0.658418894275576,0.0,0.6272960844850617,0.6272960844850617,0.0,0.5638361083845022,0.5638361083845022,0.0
Peromyscus_leucopus,occupancy_descending,525,525,2.0,3,ok,525,475,0.756595665592082,6.8221419078230445,empirical_macro_occupancy,7.0551833776318915,0.2731137011212974,0.0028514780637163284,350.28369913650903,0.036826955095802805,0.0031392047556901836,0.9450201797837571,0.9450201797837571,0.0,0.8487115372996173,0.8487115372996173,0.0,0.6552796895198858,0.6552796895198858,0.0,0.6265436455121576,0.6265436455121576,0.0,0.5630867949806538,0.5630867949806538,0.0
Peromyscus_leucopus,occupancy_descending,500,500,2.0,3,ok,500,500,0.7359511396902709,6.803792111657606,empirical_macro_occupancy,7.0341916760868175,0.2547639049558592,-0.018349796165438192,333.36718624051764,0.04021035260897776,0.003383397513174957,0.9449264548987155,0.9449264548987155,0.0,0.8486875554399436,0.8486875554399436,0.0,0.6518962920067108,0.6518962920067108,0.0,0.6258629707050782,0.6258629707050782,0.0,0.5624586033873171,0.5624586033873171,0.0
Peromyscus_leucopus,occupancy_descending,475,475,2.0,3,ok,475,525,0.7146313054682115,6.789421417777232,empirical_macro_occupancy,7.017782271343362,0.24039321107548517,-0.014370693880374041,317.8519261267312,0.04470099744265299,0.004490644833675228,0.9448341171224952,0.9448341171224952,0.0,0.8480553164945898,0.8480553164945898,0.0,0.6474056471730356,0.6474056471730356,0.0,0.6249952356164636,0.6249952356164636,0.0,0.5620408355646708,0.5620408355646708,0.0
Peromyscus_leucopus,occupancy_descending,450,450,2.0,3,ok,450,550,0.6925786195136986,6.771064444873233,empirical_macro_occupancy,6.985384765388655,0.2220362381714862,-0.018356972903998958,302.20646532379925,0.04978368434812985,0.005082686905476863,0.9447031153483795,0.9447031153483795,0.0,0.8465034587768275,0.8465034587768275,0.0,0.6423229602675588,0.6423229602675588,0.0,0.6238895012232338,0.6238895012232338,0.0,0.5614833900345654,0.5614833900345654,0.0
Peromyscus_leucopus,occupancy_descending,425,425,2.0,3,ok,425,575,0.6698096172900095,6.744827378298535,empirical_macro_occupancy,6.954649784933238,0.1957991715967875,-0.02623706657469871,284.86124935153987,0.05433914435516063,0.004555460007030776,0.9443464017380524,0.9443464017380524,0.0,0.8443003474842444,0.8443003474842444,0.0,0.637767500260528,0.637767500260528,0.0,0.6218715858674096,0.6218715858674096,0.0,0.5560322178652821,0.5560322178652821,0.0
Peromyscus_leucopus,occupancy_descending,400,400,2.0,3,ok,400,600,0.6463338893658451,6.7105874246236095,empirical_macro_occupancy,6.9179999915573855,0.16155921792186234,-0.03423995367492516,268.56464524545635,0.05871741461602453,0.0043782702608639035,0.9441667935911957,0.9441667935911957,0.0,0.8436840439275655,0.8436840439275655,0.0,0.6333892299996641,0.6333892299996641,0.0,0.6184203381504016,0.6184203381504016,0.0,0.554522527457489,0.554522527457489,0.0
Peromyscus_leucopus,occupancy_descending,375,375,2.0,3,ok,375,625,0.6219781440860584,6.665200461594757,empirical_macro_occupancy,6.858211890937496,0.11617225489300953,-0.04538696302885281,250.2248139617028,0.06100154670381919,0.0028908803870626443,0.9440353495892593,0.9440353495892593,0.0,0.8427453181715194,0.8427453181715194,0.0,0.6311050979118694,0.6311050979118694,0.0,0.615529457763339,0.615529457763339,0.0,0.5540082217777731,0.5540082217777731,0.0
Peromyscus_leucopus,occupancy_descending,350,350,2.0,3,ok,350,650,0.5969289014764184,6.607527677263396,empirical_macro_occupancy,6.782868534989097,0.058499470561648614,-0.057672784331360916,230.2442077361212,0.0639988852125386,0.004100286983298229,0.9439383515491163,0.9439383515491163,0.0,0.8413502880199597,0.8413502880199597,0.0,0.62810775940315,0.62810775940315,0.0,0.6114291707800408,0.6114291707800408,0.0,0.5529985907043231,0.5529985907043231,0.0
Peromyscus_leucopus,occupancy_descending,325,325,2.0,3,ok,325,675,0.5712205553005419,6.550870217424235,empirical_macro_occupancy,6.698224286703852,0.0018420107224876858,-0.05665745983916093,215.85270826102322,0.06557331973730818,0.007792941968657652,0.9437496450353029,0.9437496450353029,0.0,0.8402095510270466,0.8402095510270466,0.0,0.6265333248783804,0.6265333248783804,0.0,0.6036362288113831,0.6036362288113831,0.0,0.5513563164245919,0.5513563164245919,0.0
Peromyscus_leucopus,occupancy_descending,300,300,2.0,3,ok,300,700,0.5445991208424885,6.474253182765546,empirical_macro_occupancy,6.613803890169371,-0.07477502393620128,-0.07661703465868897,196.49112573836783,0.06923797633395035,0.005453374608773931,0.9426078426730446,0.9426078426730446,0.0,0.837157246661321,0.837157246661321,0.0,0.6228686682817383,0.6228686682817383,0.0,0.5981828542026092,0.5981828542026092,0.0,0.5490119177281891,0.5490119177281891,0.0
Peromyscus_leucopus,occupancy_descending,275,275,2.0,3,ok,275,725,0.5168889914822522,6.385687578304347,empirical_macro_occupancy,6.514103113061866,-0.1633406283973997,-0.08856560446119843,178.69951599413992,0.07245517787164935,0.004637846611989405,0.9422876516602124,0.9422876516602124,0.0,0.8346825737341523,0.8346825737341523,0.0,0.6196514667440393,0.6196514667440393,0.0,0.5935450075906198,0.5935450075906198,0.0,0.5501856728611647,0.5501856728611647,0.0
Peromyscus_leucopus,occupancy_descending,250,250,2.0,3,ok,250,750,0.48792018265734155,6.286093019460331,empirical_macro_occupancy,6.390900944110108,-0.26293518724141585,-0.09959455884401613,162.46306918906646,0.0733827577848668,0.005344831244651904,0.9420521381782921,0.9420521381782921,0.0,0.8333910759958003,0.8333910759958003,0.0,0.6187238868308218,0.6187238868308218,0.0,0.5882001763459679,0.5882001763459679,0.0,0.5488558334455402,0.5488558334455402,0.0
Peromyscus_leucopus,occupancy_descending,225,225,2.0,3,ok,225,775,0.4573279220478576,6.147318569052299,empirical_macro_occupancy,6.232685747953206,-0.4017096376494482,-0.13877445040803238,141.26572459697127,0.07453128184565538,0.008064899504822476,0.9419514748825404,0.9419514748825404,0.0,0.8328537568507319,0.8328537568507319,0.0,0.6175753627700332,0.6175753627700332,0.0,0.5801352768411454,0.5801352768411454,0.0,0.5458122620473801,0.5458122620473801,0.0
Peromyscus_leucopus,occupancy_descending,200,200,2.0,3,ok,200,800,0.42518529640148633,6.014997128505006,empirical_macro_occupancy,6.075526209125839,-0.5340310781967412,-0.132321440547293,122.98306369024941,0.0803785392670393,0.008281869659605534,0.9416810460890315,0.9416810460890315,0.0,0.8293146489863898,0.8293146489863898,0.0,0.6117281053486493,0.6117281053486493,0.0,0.5718534071815399,0.5718534071815399,0.0,0.5405176822641181,0.5405176822641181,0.0
Peromyscus_leucopus,occupancy_descending,175,175,2.0,3,ok,175,825,0.3918097866131535,5.86252125061319,empirical_macro_occupancy,5.914992964094685,-0.6865069560885573,-0.15247587789181605,106.14629053140206,0.08673881454792154,0.012836360893870524,0.940476571675803,0.940476571675803,0.0,0.8248552511826756,0.8248552511826756,0.0,0.6053678300677671,0.6053678300677671,0.0,0.5590170462876694,0.5590170462876694,0.0,0.530069181889187,0.530069181889187,0.0
Peromyscus_leucopus,occupancy_descending,150,150,2.0,3,ok,150,850,0.3566907775768535,5.690459105108317,empirical_macro_occupancy,5.729698057670664,-0.8585691015934298,-0.17206214550487253,91.93364114610152,0.10248986614396882,0.015751051596047283,0.9376689333982076,0.9376689333982076,0.0,0.8186775290854947,0.8186775290854947,0.0,0.5896167784717198,0.5896167784717198,0.0,0.548793508962943,0.548793508962943,0.0,0.5186783813541251,0.5186783813541251,0.0
Peromyscus_leucopus,occupancy_descending,125,125,2.0,3,ok,125,875,0.31924489814816037,5.457804029832451,empirical_macro_occupancy,5.47838307839754,-1.0912241768692965,-0.2326550752758667,74.3361899115993,0.11204773835734017,0.010100113892971385,0.9364576995478616,0.9364576995478616,0.0,0.8085774151925234,0.8085774151925234,0.0,0.5800589062583484,0.5800589062583484,0.0,0.5425319612667814,0.5425319612667814,0.0,0.504478174578728,0.504478174578728,0.0
Peromyscus_leucopus,occupancy_descending,100,100,2.0,3,ok,100,900,0.2792598329785925,5.147132911892627,empirical_macro_occupancy,5.161776736617517,-1.40189529480912,-0.3106711179398234,56.22487827555435,0.12884633477097873,0.020161811845844646,0.9284394533579158,0.9284394533579158,0.0,0.7904733104711781,0.7904733104711781,0.0,0.5632603098447099,0.5632603098447099,0.0,0.5223701494209367,0.5223701494209367,0.0,0.48166072572035873,0.48166072572035873,0.0
Peromyscus_leucopus,occupancy_descending,75,75,2.0,3,ok,75,925,0.236333439601244,4.711925063523099,empirical_macro_occupancy,4.716539971005688,-1.8371031431786484,-0.4352078483695285,37.35300799933665,0.1519615935669273,0.025638203738383325,0.924462190500796,0.924462190500796,0.0,0.7648351067327948,0.7648351067327948,0.0,0.5401450510487613,0.5401450510487613,0.0,0.5108302772310522,0.5108302772310522,0.0,0.464557084563147,0.464557084563147,0.0
Peromyscus_leucopus,occupancy_descending,50,50,2.0,3,ok,50,950,0.18831643849932073,4.064694451665484,empirical_macro_occupancy,4.092100946754094,-2.484333755036263,-0.6472306118576148,20.426080893587205,0.17642698904400944,0.041041303587921685,0.914033836891419,0.914033836891419,0.0,0.7272567971731104,0.7272567971731104,0.0,0.5156796555716792,0.5156796555716792,0.0,0.46978897364313055,0.46978897364313055,0.0,0.39843397927158947,0.39843397927158947,0.0
Peromyscus_maniculatus,occupancy_descending,1000,1000,2.0,3,ok,1000,0,1.0,7.827948436687231,empirical_macro_occupancy,7.885879475670196,0.0,,729.7133817297795,0.0,,0.9240481974188713,0.9240481974188713,0.0,0.8600970610919303,0.8600970610919303,0.0,0.6950677926908218,0.6950677926908218,0.0,0.6628702159059515,0.6628702159059515,0.0,0.579665591374281,0.579665591374281,0.0
Peromyscus_maniculatus,occupancy_descending,975,975,2.0,3,ok,975,25,0.9979446996457082,7.827892192924624,empirical_macro_occupancy,7.922549492978644,-5.624376260726649e-05,-5.624376260726649e-05,728.5529475745439,0.00031686964941246565,0.00031686964941246565,0.9239590521803349,0.9239590521803349,0.0,0.8600211446974404,0.8600211446974404,0.0,0.6947509230414093,0.6947509230414093,0.0,0.6626253138697819,0.6626253138697819,0.0,0.5793736887582228,0.5793736887582228,0.0
Peromyscus_maniculatus,occupancy_descending,950,950,2.0,3,ok,950,50,0.9931521169190501,7.8264694241314485,empirical_macro_occupancy,7.939073061666935,-0.001479012555782866,-0.0014227687931755995,725.4208496049546,0.0018226817838351561,0.0015058121344226905,0.9236644978476609,0.9236644978476609,0.0,0.8599378795312922,0.8599378795312922,0.0,0.6932451109069866,0.6932451109069866,0.0,0.6612639781174311,0.6612639781174311,0.0,0.5786290268963606,0.5786290268963606,0.0
Peromyscus_maniculatus,occupancy_descending,925,925,2.0,3,ok,925,75,0.9862681394681416,7.822348487541861,empirical_macro_occupancy,7.940187656863988,-0.005599949145370431,-0.004120936589587565,720.7457755051988,0.00271360427775702,0.0008909224939218641,0.923643159788257,0.923643159788257,0.0,0.8598720528779319,0.8598720528779319,0.0,0.6923541884130647,0.6923541884130647,0.0,0.6604908263086435,0.6604908263086435,0.0,0.577698895435437,0.577698895435437,0.0
Peromyscus_maniculatus,occupancy_descending,900,900,2.0,3,ok,900,100,0.9774029086644882,7.81608776119675,empirical_macro_occupancy,7.941973751438367,-0.011860675490481754,-0.006260726345111323,713.2735230589084,0.0034320469999392644,0.0007184427221822443,0.9235961767901821,0.9235961767901821,0.0,0.8597810930165283,0.8597810930165283,0.0,0.6916357456908825,0.6916357456908825,0.0,0.659799103980133,0.659799103980133,0.0,0.576533879955262,0.576533879955262,0.0
Peromyscus_maniculatus,occupancy_descending,875,875,2.0,3,ok,875,125,0.9673457132612857,7.8088104506104115,empirical_macro_occupancy,7.940672518088537,-0.019137986076819935,-0.0072773105863381815,705.3291313910373,0.004026211206974217,0.0007155509762373224,0.9235842784323685,0.9235842784323685,0.0,0.8595696475291116,0.8595696475291116,0.0,0.6910415814838475,0.6910415814838475,0.0,0.6590835530038957,0.6590835530038957,0.0,0.5752661629139559,0.5752661629139559,0.0
Peromyscus_maniculatus,occupancy_descending,850,850,2.0,3,ok,850,150,0.9563596075149864,7.80049999237985,empirical_macro_occupancy,7.934623291050067,-0.027448444307381692,-0.008310458230561757,696.081360747806,0.004930336289769133,0.0009221927185215639,0.9234335125327343,0.9234335125327343,0.0,0.8593048961511014,0.8593048961511014,0.0,0.6901374564010526,0.6901374564010526,0.0,0.6581613602853741,0.6581613602853741,0.0,0.573766909110484,0.573766909110484,0.0
Peromyscus_maniculatus,occupancy_descending,825,825,2.0,3,ok,825,175,0.9444596779903461,7.787318997864567,empirical_macro_occupancy,7.925366759549145,-0.040629438822664454,-0.013180994515282762,684.865931235531,0.0067964440760588385,0.002087588455481404,0.9232414819420345,0.9232414819420345,0.0,0.8589687445994031,0.8589687445994031,0.0,0.6883041717222322,0.6883041717222322,0.0,0.6560737718298927,0.6560737718298927,0.0,0.5723430977593204,0.5723430977593204,0.0
Peromyscus_maniculatus,occupancy_descending,800,800,2.0,3,ok,800,200,0.9317459873517264,7.774656607913775,empirical_macro_occupancy,7.921800629388417,-0.05329182877345673,-0.012662389950792274,671.8065471469349,0.011341093376022626,0.004544649299963788,0.9225788180751706,0.9225788180751706,0.0,0.8579891807141768,0.8579891807141768,0.0,0.6846198995400601,0.6846198995400601,0.0,0.6515291225299289,0.6515291225299289,0.0,0.5690600387769218,0.5690600387769218,0.0
Peromyscus_maniculatus,occupancy_descending,775,775,2.0,3,ok,775,225,0.9179728041205786,7.756956897814353,empirical_macro_occupancy,7.906510947848581,-0.07099153887287812,-0.017699710099421395,657.5609036305507,0.01326336337218914,0.0019222699961665146,0.9223833494265135,0.9223833494265135,0.0,0.8578166295892838,0.8578166295892838,0.0,0.6829795785097448,0.6829795785097448,0.0,0.6496068525337624,0.6496068525337624,0.0,0.5671125709772181,0.5671125709772181,0.0
Peromyscus_maniculatus,occupancy_descending,750,750,2.0,3,ok,750,250,0.9034297966394063,7.7371456361667414,empirical_macro_occupancy,7.881322119118867,-0.09080280052048995,-0.019811261647611822,641.9513557035974,0.014139248292095008,0.0010441877431613955,0.9222622921746875,0.9222622921746875,0.0,0.8575436760741706,0.8575436760741706,0.0,0.6819353907665834,0.6819353907665834,0.0,0.6487309676138565,0.6487309676138565,0.0,0.5649694928596423,0.5649694928596423,0.0
Peromyscus_maniculatus,occupancy_descending,725,725,2.0,3,ok,725,275,0.887883516853992,7.71892890123908,empirical_macro_occupancy,7.8585027971216554,-0.10901953544815157,-0.018216734927661626,627.3946974228654,0.01563277661655771,0.0014935283244627007,0.9221131697628462,0.9221131697628462,0.0,0.8571591401405043,0.8571591401405043,0.0,0.6807221090094916,0.6807221090094916,0.0,0.6472374392893938,0.6472374392893938,0.0,0.5628795411851802,0.5628795411851802,0.0
Peromyscus_maniculatus,occupancy_descending,700,700,2.0,3,ok,700,300,0.8716502156969312,7.699981683751885,empirical_macro_occupancy,7.836741084837969,-0.12796675293534676,-0.01894721748719519,611.3922059870791,0.017780999749570814,0.0026143253823243118,0.9216403463610733,0.9216403463610733,0.0,0.8565938152979867,0.8565938152979867,0.0,0.6781077836271673,0.6781077836271673,0.0,0.6450892161563807,0.6450892161563807,0.0,0.5598681265373175,0.5598681265373175,0.0
Peromyscus_maniculatus,occupancy_descending,675,675,2.0,3,ok,675,325,0.854658743794981,7.676976257578175,empirical_macro_occupancy,7.811588870164538,-0.1509721791090568,-0.023005426173710042,593.5774018894667,0.019821814241987146,0.002040814492416332,0.9215129453022064,0.9215129453022064,0.0,0.856293394631226,0.856293394631226,0.0,0.6768196439855241,0.6768196439855241,0.0,0.6430484016639644,0.6430484016639644,0.0,0.5563571977492693,0.5563571977492693,0.0
Peromyscus_maniculatus,occupancy_descending,650,650,2.0,3,ok,650,350,0.8368095739150965,7.65042209553434,empirical_macro_occupancy,7.775257435022364,-0.17752634115289112,-0.026554162043834317,574.2715484634947,0.0216335832582375,0.001811769016250353,0.9213916192928204,0.9213916192928204,0.0,0.8560865639279596,0.8560865639279596,0.0,0.6753876019844348,0.6753876019844348,0.0,0.641236632647714,0.641236632647714,0.0,0.5550138596871163,0.5550138596871163,0.0
Peromyscus_maniculatus,occupancy_descending,625,625,2.0,3,ok,625,375,0.8182688157493909,7.621700880739958,empirical_macro_occupancy,7.741479673155994,-0.2062475559472734,-0.028721214794382277,555.1763279169517,0.023182067982744914,0.0015484847245074151,0.9211985981106184,0.9211985981106184,0.0,0.855795140888086,0.855795140888086,0.0,0.674215883341759,0.674215883341759,0.0,0.6396881479232066,0.6396881479232066,0.0,0.5516992532493804,0.5516992532493804,0.0
Peromyscus_maniculatus,occupancy_descending,600,600,2.0,3,ok,600,400,0.7990367842574626,7.5894282943374884,empirical_macro_occupancy,7.7066309937540955,-0.23852014234974295,-0.03227258640246955,534.9292820854191,0.02542106002670974,0.002238992043964827,0.9210579576195893,0.9210579576195893,0.0,0.8554877348735466,0.8554877348735466,0.0,0.6730359770831598,0.6730359770831598,0.0,0.6374491558792418,0.6374491558792418,0.0,0.5488076668396186,0.5488076668396186,0.0
Peromyscus_maniculatus,occupancy_descending,575,575,2.0,3,ok,575,425,0.7790629284237935,7.554656592582386,empirical_macro_occupancy,7.675327091132953,-0.2732918441048451,-0.034771701755102136,512.6496109637717,0.028967892326175915,0.003546832299466174,0.9203073396737123,0.9203073396737123,0.0,0.8544361125496011,0.8544361125496011,0.0,0.6712361478633126,0.6712361478633126,0.0,0.6339023235797756,0.6339023235797756,0.0,0.5453838083898189,0.5453838083898189,0.0
Peromyscus_maniculatus,occupancy_descending,550,550,2.0,3,ok,550,450,0.75822066598585,7.517123355799186,empirical_macro_occupancy,7.62967321572311,-0.31082508088804506,-0.037533236783199975,492.026729440046,0.03130678461986103,0.002338892293685113,0.9199147775477008,0.9199147775477008,0.0,0.8538861448292203,0.8538861448292203,0.0,0.6698690040077173,0.6698690040077173,0.0,0.6315634312860905,0.6315634312860905,0.0,0.5418162099888315,0.5418162099888315,0.0
Peromyscus_maniculatus,occupancy_descending,525,525,2.0,3,ok,525,475,0.7366825003155896,7.47878916405851,empirical_macro_occupancy,7.581604429517749,-0.3491592726287216,-0.03833419174067654,471.80409602203054,0.03585923842597516,0.0048563427115673186,0.9180192481281759,0.9180192481281759,0.0,0.8521224048111161,0.8521224048111161,0.0,0.66501266129615,0.66501266129615,0.0,0.6270109774799764,0.6270109774799764,0.0,0.5377720868050705,0.5377720868050705,0.0
Peromyscus_maniculatus,occupancy_descending,500,500,2.0,3,ok,500,500,0.7143123688665712,7.434028892525871,empirical_macro_occupancy,7.5225751858668435,-0.39391954416136077,-0.04476027153263917,450.6835747177817,0.03902969419024904,0.003170455764273883,0.9179771150549431,0.9179771150549431,0.0,0.851981852486414,0.851981852486414,0.0,0.6639117822176935,0.6639117822176935,0.0,0.6238405217157025,0.6238405217157025,0.0,0.5348888008445503,0.5348888008445503,0.0
Peromyscus_maniculatus,occupancy_descending,475,475,2.0,3,ok,475,525,0.690945264305276,7.383898120503604,empirical_macro_occupancy,7.463260324423403,-0.44405031618362756,-0.05013077202226679,428.0952230535097,0.041761945385727195,0.002821798294813216,0.9174560996502436,0.9174560996502436,0.0,0.8514023381779351,0.8514023381779351,0.0,0.6610899839228803,0.6610899839228803,0.0,0.6211082705202243,0.6211082705202243,0.0,0.5323099205334536,0.5323099205334536,0.0
Peromyscus_maniculatus,occupancy_descending,450,450,2.0,3,ok,450,550,0.6667841465968112,7.329980505482389,empirical_macro_occupancy,7.403880709320068,-0.4979679312048422,-0.053917615021214615,403.0443787610335,0.04590730999895931,0.0041453646132321165,0.917151560201833,0.917151560201833,0.0,0.8503604186326434,0.8503604186326434,0.0,0.6597931229462386,0.6597931229462386,0.0,0.6169629059069922,0.6169629059069922,0.0,0.5280495613203349,0.5280495613203349,0.0
Peromyscus_maniculatus,occupancy_descending,425,425,2.0,3,ok,425,575,0.6419256453459176,7.269488777520549,empirical_macro_occupancy,7.332565430206498,-0.5584596591666822,-0.06049172796183999,377.31676229823137,0.050943234774882495,0.005035924775923184,0.9162135103801267,0.9162135103801267,0.0,0.849536615975163,0.849536615975163,0.0,0.6553377760809462,0.6553377760809462,0.0,0.611926981131069,0.611926981131069,0.0,0.5253073794261789,0.5253073794261789,0.0
Peromyscus_maniculatus,occupancy_descending,400,400,2.0,3,ok,400,600,0.6163843746779538,7.206161452039224,empirical_macro_occupancy,7.251679461862104,-0.6217869846480077,-0.06332732548132558,353.50570636905013,0.05642671799429344,0.005483483219410945,0.9160781505391437,0.9160781505391437,0.0,0.8491146322069444,0.8491146322069444,0.0,0.6540967944396714,0.6540967944396714,0.0,0.6064434979116581,0.6064434979116581,0.0,0.5212866241413395,0.5212866241413395,0.0
Peromyscus_maniculatus,occupancy_descending,375,375,2.0,3,ok,375,625,0.590018539781791,7.1264637391776215,empirical_macro_occupancy,7.158838439716613,-0.7014846975096098,-0.0796977128616021,324.4122421501285,0.0621277157339063,0.005700997739612856,0.9157706976673256,0.9157706976673256,0.0,0.8484062318681184,0.8484062318681184,0.0,0.6529669421492453,0.6529669421492453,0.0,0.6007425001720452,0.6007425001720452,0.0,0.5172732555554121,0.5172732555554121,0.0
Peromyscus_maniculatus,occupancy_descending,350,350,2.0,3,ok,350,650,0.5628136840118697,7.0405150808012,empirical_macro_occupancy,7.066682684523725,-0.7874333558860318,-0.08594865837642196,293.2646344955948,0.06925757590038051,0.007129860166474211,0.9152444484095961,0.9152444484095961,0.0,0.8472543308374118,0.8472543308374118,0.0,0.6511777424261618,0.6511777424261618,0.0,0.593612640005571,0.593612640005571,0.0,0.5113271604252021,0.5113271604252021,0.0
Peromyscus_maniculatus,occupancy_descending,325,325,2.0,3,ok,325,675,0.5348682637386006,6.940922508936982,empirical_macro_occupancy,6.962770918136336,-0.8870259277502495,-0.09959257186421766,261.6234949883803,0.07615595121527208,0.006898375314891569,0.9149138900533322,0.9149138900533322,0.0,0.8458242944724902,0.8458242944724902,0.0,0.6499809378434391,0.6499809378434391,0.0,0.5867142646906794,0.5867142646906794,0.0,0.5022797338192331,0.5022797338192331,0.0
Peromyscus_maniculatus,occupancy_descending,300,300,2.0,3,ok,300,700,0.506135286989926,6.820949044730132,empirical_macro_occupancy,6.837713016145641,-1.0069993919570992,-0.11997346420684973,226.82982438129173,0.08365022630899377,0.007494275093721692,0.9147834603946037,0.9147834603946037,0.0,0.8455034506602068,0.8455034506602068,0.0,0.6489774304787141,0.6489774304787141,0.0,0.5792199895969578,0.5792199895969578,0.0,0.49878191334252103,0.49878191334252103,0.0
Peromyscus_maniculatus,occupancy_descending,275,275,2.0,3,ok,275,725,0.47656124213010453,6.69146282345285,empirical_macro_occupancy,6.70587200474274,-1.136485613234381,-0.12948622127728182,192.29278676217362,0.09001848003277413,0.006368253723780359,0.9132144292887678,0.9132144292887678,0.0,0.8426643443430886,0.8426643443430886,0.0,0.6458712744695879,0.6458712744695879,0.0,0.5728517358731774,0.5728517358731774,0.0,0.4889208660381926,0.4889156037252763,0.0022684094614745173
Peromyscus_maniculatus,occupancy_descending,250,250,2.0,3,ok,250,750,0.445871389901589,6.519800943407098,empirical_macro_occupancy,6.532687446718236,-1.3081474932801331,-0.1716618800457521,151.08856091764227,0.10005432354323518,0.010035843510461051,0.912975192024504,0.912975192024504,0.0,0.8419574153066203,0.8419574153066203,0.0,0.6445705415376068,0.6445705415376068,0.0,0.5628158923627163,0.5628158923627163,0.0,0.4868618243825422,0.4868368924833677,0.004927084151423246
Peromyscus_maniculatus,occupancy_descending,225,225,2.0,3,ok,225,775,0.4139418881903505,6.3850164381554055,empirical_macro_occupancy,6.390942641343409,-1.4429319985318259,-0.13478450525169272,132.4257093929758,0.10777802348469023,0.007723699941455053,0.9116003370431452,0.9116003370431452,0.0,0.8402980419407693,0.8402980419407693,0.0,0.6398554906890083,0.6398554906890083,0.0,0.5550921924212613,0.5550921924212613,0.0,0.4812978154127296,0.4812744879011013,0.004738609141791973
Peromyscus_maniculatus,occupancy_descending,200,200,2.0,3,ok,200,800,0.3804771474134384,6.2420085532303595,empirical_macro_occupancy,6.2192520384847265,-1.5859398834568719,-0.143007884925046,118.88616429983115,0.116386980762064,0.008608957277373763,0.9107897635343318,0.9107897635343318,0.0,0.8385063653993964,0.8385063653993964,0.0,0.6361287505351291,0.6361287505351291,0.0,0.5464832351438875,0.5464832351438875,0.0,0.47660087465952333,0.4765755581748119,0.004912339217637531
Peromyscus_maniculatus,occupancy_descending,175,175,2.0,3,ok,175,825,0.34579700904286803,6.044406923757115,empirical_macro_occupancy,6.017602644132212,-1.7835415129301166,-0.19760162947324478,99.14170080050982,0.12442837569654175,0.008041394934477752,0.9096795636165249,0.9096795636165249,0.0,0.8341369969532418,0.8341369969532418,0.0,0.6338119614178309,0.6338119614178309,0.0,0.5384418402094098,0.5384418402094098,0.0,0.4716477456079037,0.4716448258807241,0.001659565292258568
Peromyscus_maniculatus,occupancy_descending,150,150,2.0,3,ok,150,850,0.30957133242776147,5.806731577997623,empirical_macro_occupancy,5.7631780730159905,-2.021216858689608,-0.23767534575949156,77.96807510953509,0.14643308442780778,0.02200470873126603,0.9087450316520869,0.9087450316520869,0.0,0.8305051734134287,0.8305051734134287,0.0,0.6314828439511045,0.6314828439511045,0.0,0.5164371314781437,0.5164371314781437,0.0,0.47490266588123126,0.47490266588123126,0.0
Peromyscus_maniculatus,occupancy_descending,125,125,2.0,3,ok,125,875,0.27124232411963123,5.541386893646055,empirical_macro_occupancy,5.507849029253186,-2.2865615430411763,-0.2653446843515681,59.734186779815495,0.16723219713311266,0.032037105970904145,0.8913141354461152,0.8913141354461152,0.0,0.7984680674425245,0.7984680674425245,0.0,0.6165399176535196,0.6165399176535196,0.0,0.49563801877283886,0.49563801877283886,0.0,0.4653320047606901,0.4653320047606901,0.0
Peromyscus_maniculatus,occupancy_descending,100,100,2.0,3,ok,100,900,0.23084434621064548,5.250451719538354,empirical_macro_occupancy,5.219849219955652,-2.577496717148877,-0.29093517410770087,44.36530236327496,0.2015498672038103,0.03431767007069764,0.8874338620954455,0.8874338620954455,0.0,0.7923631663827234,0.7923631663827234,0.0,0.5991017055228441,0.5991017055228441,0.0,0.4613203487021412,0.4613203487021412,0.0,0.43141652469152936,0.43141652469152936,0.0
Peromyscus_maniculatus,occupancy_descending,75,75,2.0,3,ok,75,925,0.18717283571732551,4.84630643973499,empirical_macro_occupancy,4.809060029267035,-2.9816419969522414,-0.40414527980336423,31.800912917675557,0.20266001514473708,0.011381325872222403,0.8822157069129861,0.8822157069129861,0.0,0.780981840510501,0.780981840510501,0.0,0.592849250645129,0.592849250645129,0.0,0.46021020076121444,0.46021020076121444,0.0,0.40286904019192715,0.40286904019192715,0.0
Peromyscus_maniculatus,occupancy_descending,50,50,2.0,3,ok,50,950,0.13854757767092668,4.406384312040826,empirical_macro_occupancy,4.331221614693968,-3.4215641246464052,-0.43992212769416383,23.90648613797948,0.27135867327541174,0.09970006109079577,0.8652630920675428,0.8652630920675428,0.0,0.7381854716666708,0.7381854716666708,0.0,0.4931491895543332,0.4931491895543332,0.0,0.3915115426305398,0.3915115426305398,0.0,0.38570880008542635,0.38570880008542635,0.0
Peromyscus_polionotus,occupancy_descending,1000,1000,2.0,3,ok,1000,0,1.0,7.431503328409666,empirical_macro_occupancy,7.3790635862010445,0.0,,716.0634361400572,0.0,,0.8799174164036521,0.8799174164036521,0.0,0.7059203669809158,0.7059203669809158,0.0,0.6745767194461497,0.6745767194461497,0.0,0.582069438694862,0.582069438694862,0.0,0.540357563200214,0.540357563200214,0.0
Peromyscus_polionotus,occupancy_descending,975,975,2.0,3,ok,975,25,0.9993917810026098,7.433489037514175,empirical_macro_occupancy,7.453047046863137,0.0019857091045087927,0.0019857091045087927,715.7600357535363,0.00010134855245480523,0.00010134855245480523,0.879852599975174,0.879852599975174,0.0,0.7058398149350057,0.7058398149350057,0.0,0.6744983472776279,0.6744983472776279,0.0,0.5819680901424072,0.5819680901424072,0.0,0.5403389470441602,0.5403389470441602,0.0
Peromyscus_polionotus,occupancy_descending,950,950,2.0,3,ok,950,50,0.9971327628591263,7.437369495091444,empirical_macro_occupancy,7.502973381020842,0.005866166681777862,0.0038804575772690697,714.5346326134718,0.0012943248749117675,0.0012137728290017025,0.8797740612124801,0.8797740612124801,0.0,0.704626042106004,0.704626042106004,0.0,0.6737769005278771,0.6737769005278771,0.0,0.5817242780510754,0.5817242780510754,0.0,0.5395471878478277,0.5395471878478277,0.0
Peromyscus_polionotus,occupancy_descending,925,925,2.0,3,ok,925,75,0.9926773720895228,7.442151749476033,empirical_macro_occupancy,7.530568174806865,0.01064842106636732,0.004782254384589457,711.5423993933338,0.0017975184030476488,0.0011222294914329245,0.879719983955774,0.879719983955774,0.0,0.7041228485778681,0.7041228485778681,0.0,0.6731064988522398,0.6731064988522398,0.0,0.5806020485596425,0.5806020485596425,0.0,0.5394054940412814,0.5394054940412814,0.0
Peromyscus_polionotus,occupancy_descending,900,900,2.0,3,ok,900,100,0.9857687904189965,7.44589964121634,empirical_macro_occupancy,7.55809375836946,0.014396312806674416,0.0037478917403070966,706.650470598914,0.0062925994958347164,0.004495081092787068,0.879321494018692,0.879321494018692,0.0,0.699627767485081,0.699627767485081,0.0,0.6705771851330359,0.6705771851330359,0.0,0.5794897598081329,0.5794897598081329,0.0,0.5313222175482645,0.5313222175482645,0.0
Peromyscus_polionotus,occupancy_descending,875,875,2.0,3,ok,875,125,0.9773887477501235,7.450006008719839,empirical_macro_occupancy,7.569858014453977,0.018502680310173325,0.004106367503498909,699.9196902404765,0.007508981870326559,0.002151117883491982,0.8790679935558843,0.8790679935558843,0.0,0.6984113851105892,0.6984113851105892,0.0,0.6698628741278966,0.6698628741278966,0.0,0.5773386419246409,0.5773386419246409,0.0,0.5307997025439171,0.5307997025439171,0.0
Peromyscus_polionotus,occupancy_descending,850,850,2.0,3,ok,850,150,0.9672714494519179,7.451698386744143,empirical_macro_occupancy,7.580824212032393,0.02019505833447699,0.0016923780243036646,690.752872504933,0.010339525280634532,0.002830543410307973,0.8788010490735625,0.8788010490735625,0.0,0.6955808417002812,0.6955808417002812,0.0,0.6679720564868369,0.6679720564868369,0.0,0.5753339718267346,0.5753339718267346,0.0,0.5291940345731871,0.5291940345731871,0.0
Peromyscus_polionotus,occupancy_descending,825,825,2.0,3,ok,825,175,0.9553119194010143,7.450679167209902,empirical_macro_occupancy,7.581455623298659,0.0191758388002361,-0.0010192195342408894,679.5386044014091,0.011330789373685035,0.0019358385032767211,0.8784796349676185,0.8784796349676185,0.0,0.6945895776072307,0.6945895776072307,0.0,0.6673445746716806,0.6673445746716806,0.0,0.5733981333234579,0.5733981333234579,0.0,0.5284593220683942,0.5284593220683942,0.0
Peromyscus_polionotus,occupancy_descending,800,800,2.0,3,ok,800,200,0.9419782509503836,7.452543485219625,empirical_macro_occupancy,7.588502059792595,0.021040156809958965,0.001864318009722865,667.0472939759145,0.012424008623699967,0.0032416619570038163,0.8783142345721421,0.8783142345721421,0.0,0.6934963583572158,0.6934963583572158,0.0,0.6659006221603199,0.6659006221603199,0.0,0.5701564713664541,0.5701564713664541,0.0,0.5275283783362459,0.5275283783362459,0.0
Peromyscus_polionotus,occupancy_descending,775,775,2.0,3,ok,775,225,0.9274500657116517,7.451353423347543,empirical_macro_occupancy,7.59237719404571,0.01985009493787704,-0.0011900618720819267,654.551230702329,0.01555698243500081,0.003644015106592846,0.8780413208135452,0.8780413208135452,0.0,0.6922595985033752,0.6922595985033752,0.0,0.6645645408725231,0.6645645408725231,0.0,0.5665124562598612,0.5665124562598612,0.0,0.5263188786706441,0.5263188786706441,0.0
Peromyscus_polionotus,occupancy_descending,750,750,2.0,3,ok,750,250,0.9119002766512976,7.446288428560682,empirical_macro_occupancy,7.580375312185133,0.014785100151016195,-0.005064994786860844,638.1834428282519,0.018142470415885348,0.0025854879808845377,0.8775496547305878,0.8775496547305878,0.0,0.6899054457415502,0.6899054457415502,0.0,0.6633496898692106,0.6633496898692106,0.0,0.5639269682789767,0.5639269682789767,0.0,0.5249927468972915,0.5249927468972915,0.0
Peromyscus_polionotus,occupancy_descending,725,725,2.0,3,ok,725,275,0.8953614821154607,7.445158524098167,empirical_macro_occupancy,7.575697994967395,0.013655195688500932,-0.0011299044625152632,622.1438412937648,0.02118232868328518,0.003039858267399831,0.8766248151504842,0.8766248151504842,0.0,0.6884708089889077,0.6884708089889077,0.0,0.6618706244862789,0.6618706244862789,0.0,0.5608871100115769,0.5608871100115769,0.0,0.523388501307955,0.523388501307955,0.0
Peromyscus_polionotus,occupancy_descending,700,700,2.0,3,ok,700,300,0.8782289252400868,7.437085596056674,empirical_macro_occupancy,7.565088897211236,0.005582267647008088,-0.008072928041492844,604.91589443724,0.02461172064090511,0.0034293919576199317,0.8763115666976709,0.8763115666976709,0.0,0.6885828626402027,0.6885828626402027,0.0,0.6605818243367655,0.6605818243367655,0.0,0.5574577180539569,0.5574577180539569,0.0,0.5213255743025383,0.5213255743025383,0.0
Peromyscus_polionotus,occupancy_descending,675,675,2.0,3,ok,675,325,0.8605731885311648,7.427328693681494,empirical_macro_occupancy,7.553828228476663,-0.004174634728172144,-0.009756902375180232,586.0471435122715,0.028125944904659694,0.003514224263754584,0.8758982561844411,0.8758982561844411,0.0,0.6858899266634576,0.6858899266634576,0.0,0.6584763143212926,0.6584763143212926,0.0,0.5539434937902024,0.5539434937902024,0.0,0.5185644640551726,0.5185644640551726,0.0
Peromyscus_polionotus,occupancy_descending,650,650,2.0,3,ok,650,350,0.8419684147537658,7.4170960739515435,empirical_macro_occupancy,7.5294151305617705,-0.01440725445812241,-0.010232619729950265,567.490636600611,0.031381216965511216,0.0032552720608515218,0.875594354615466,0.875594354615466,0.0,0.6847715188503455,0.6847715188503455,0.0,0.6570584380723534,0.6570584380723534,0.0,0.5506882217293508,0.5506882217293508,0.0,0.5166851707838224,0.5166851707838224,0.0
Peromyscus_polionotus,occupancy_descending,625,625,2.0,3,ok,625,375,0.8226780363398803,7.395142905901647,empirical_macro_occupancy,7.496466080581339,-0.036360422508018964,-0.021953168049896554,546.1937026837234,0.03497341310210211,0.003592196136590897,0.8753848926055717,0.8753848926055717,0.0,0.6839188330956444,0.6839188330956444,0.0,0.6557258840685949,0.6557258840685949,0.0,0.5470960255927599,0.5470960255927599,0.0,0.5152310848216953,0.5152310848216953,0.0
Peromyscus_polionotus,occupancy_descending,600,600,2.0,3,ok,600,400,0.8026241007226533,7.372103827335645,empirical_macro_occupancy,7.463014889417879,-0.05939950107402048,-0.023039078566001514,524.1902454479513,0.03903030698646337,0.004056893884361257,0.8750503475903317,0.8750503475903317,0.0,0.6829507158704721,0.6829507158704721,0.0,0.6542021103651964,0.6542021103651964,0.0,0.5430391317083987,0.5430391317083987,0.0,0.5134059933848342,0.5134059933848342,0.0
Peromyscus_polionotus,occupancy_descending,575,575,2.0,3,ok,575,425,0.7819867019535103,7.356553514138106,empirical_macro_occupancy,7.439563919633212,-0.07494981427155967,-0.01555031319753919,502.8241401888468,0.04216409261236942,0.004159407708881679,0.8739672045338737,0.8739672045338737,0.0,0.6806265681316248,0.6806265681316248,0.0,0.6500427026563147,0.6500427026563147,0.0,0.5399053460824926,0.5399053460824926,0.0,0.5105597837248002,0.5105597837248002,0.0
Peromyscus_polionotus,occupancy_descending,550,550,2.0,3,ok,550,450,0.7605712893231723,7.336480946907811,empirical_macro_occupancy,7.407183695583149,-0.09502238150185516,-0.02007256723029549,483.85440068104396,0.04745927010898854,0.005295177496619119,0.8735394216498954,0.8735394216498954,0.0,0.6795558945008372,0.6795558945008372,0.0,0.6474257762131448,0.6474257762131448,0.0,0.5346101685858735,0.5346101685858735,0.0,0.5077451865561221,0.5077451865561221,0.0
Peromyscus_polionotus,occupancy_descending,525,525,2.0,3,ok,525,475,0.7384765082616965,7.308988866728846,empirical_macro_occupancy,7.373933799322724,-0.12251446168081959,-0.02749208017896443,461.3870473385399,0.050905380224104735,0.0037609185436282555,0.8726570198421945,0.8726570198421945,0.0,0.6757949759572089,0.6757949759572089,0.0,0.6444179012548409,0.6444179012548409,0.0,0.5311640584707573,0.5311640584707573,0.0,0.5044914778437743,0.5044914778437743,0.0
Peromyscus_polionotus,occupancy_descending,500,500,2.0,3,ok,500,500,0.7158616654693467,7.285548915155042,empirical_macro_occupancy,7.341605227127939,-0.145954413254624,-0.023439951573804407,442.43478028364814,0.05592552198219092,0.005020141758086183,0.8707618706926757,0.8707618706926757,0.0,0.6748192496430432,0.6748192496430432,0.0,0.6417827606018167,0.6417827606018167,0.0,0.5261439167126711,0.5261439167126711,0.0,0.4994908432135766,0.4994908432135766,0.0
Peromyscus_polionotus,occupancy_descending,475,475,2.0,3,ok,475,525,0.692739705796619,7.243478211340095,empirical_macro_occupancy,7.2894762487729405,-0.1880251170695706,-0.0420707038149466,416.5347572084327,0.06002306015643233,0.004097538174241411,0.8703337465272959,0.8703337465272959,0.0,0.6742169316325906,0.6742169316325906,0.0,0.6398960842845695,0.6398960842845695,0.0,0.5220463785384297,0.5220463785384297,0.0,0.4946813043666213,0.4946813043666213,0.0
Peromyscus_polionotus,occupancy_descending,450,450,2.0,3,ok,450,550,0.6688339684971473,7.206173277403407,empirical_macro_occupancy,7.233334648433953,-0.22533005100625925,-0.037304933936688656,397.32518757247965,0.063281490670966,0.0032584305145336723,0.8692571468044269,0.8692571468044269,0.0,0.673627933818845,0.673627933818845,0.0,0.6379330322644396,0.6379330322644396,0.0,0.518787948023896,0.518787948023896,0.0,0.49100955737025537,0.49100955737025537,0.0
Peromyscus_polionotus,occupancy_descending,425,425,2.0,3,ok,425,575,0.644108170194359,7.161201304280366,empirical_macro_occupancy,7.175560177350693,-0.2703020241292995,-0.04497197312304024,377.20597206770293,0.06618056235752912,0.002899071686563115,0.8687086113571041,0.8687086113571041,0.0,0.6732184819348966,0.6732184819348966,0.0,0.6359329992472512,0.6359329992472512,0.0,0.5158888763373329,0.5158888763373329,0.0,0.48473588806911216,0.48473588806911216,0.0
Peromyscus_polionotus,occupancy_descending,400,400,2.0,3,ok,400,600,0.6187709403035464,7.111762635003785,empirical_macro_occupancy,7.108713612800079,-0.3197406934058806,-0.04943866927658114,355.17434849791306,0.07097743443813687,0.00479687208060775,0.8679387388981169,0.8679387388981169,0.0,0.6727195513792815,0.6727195513792815,0.0,0.6334012652230667,0.6334012652230667,0.0,0.5110920042567252,0.5110920042567252,0.0,0.47829369758630697,0.47829369758630697,0.0
Peromyscus_polionotus,occupancy_descending,375,375,2.0,3,ok,375,625,0.592718153092983,7.051564414990197,empirical_macro_occupancy,7.04064774709491,-0.37993891341946906,-0.06019822001358843,329.771640938728,0.07697449844464066,0.005997064006503794,0.8669040244504206,0.8669040244504206,0.0,0.6705813417458105,0.6705813417458105,0.0,0.6300066439054975,0.6300066439054975,0.0,0.5050949402502214,0.5050949402502214,0.0,0.46910288656248894,0.46910288656248894,0.0
Peromyscus_polionotus,occupancy_descending,350,350,2.0,3,ok,350,650,0.5658178088827942,6.969517084258383,empirical_macro_occupancy,6.957857033815019,-0.46198624415128275,-0.0820473307318137,298.5298514381228,0.07967791028297566,0.004430657402830107,0.865962759191992,0.865962759191992,0.0,0.6661506843429804,0.6661506843429804,0.0,0.6273273678306177,0.6273273678306177,0.0,0.5023915284118864,0.5023915284118864,0.0,0.46160436608028815,0.46160436608028815,0.0
Peromyscus_polionotus,occupancy_descending,325,325,2.0,3,ok,325,675,0.538251230067883,6.893046778231406,empirical_macro_occupancy,6.87054007256265,-0.5384565501782594,-0.07647030602697669,272.8929151603448,0.0854215163378993,0.013685568076658217,0.8647812412801418,0.8647812412801418,0.0,0.6524651162663222,0.6524651162663222,0.0,0.6225840610822989,0.6225840610822989,0.0,0.49664792235696276,0.49664792235696276,0.0,0.45038424474407124,0.45038424474407124,0.0
Peromyscus_polionotus,occupancy_descending,300,300,2.0,3,ok,300,700,0.5096480238457375,6.819254021699474,empirical_macro_occupancy,6.769706867004242,-0.6122493067101917,-0.07379275653193229,253.83360546360063,0.09227102149603317,0.006849505158133873,0.8628358619527636,0.8628358619527636,0.0,0.6501533764162041,0.6501533764162041,0.0,0.6191828483419161,0.6191828483419161,0.0,0.4897984171988289,0.4897984171988289,0.0,0.44300883095640675,0.44300883095640675,0.0
Peromyscus_polionotus,occupancy_descending,275,275,2.0,3,ok,275,725,0.48015133947549166,6.722265853512559,empirical_macro_occupancy,6.660462232802731,-0.7092374748971073,-0.09698816818691558,228.7328360762099,0.09810609700836759,0.00583507551233442,0.860474535191938,0.860474535191938,0.0,0.6479362739637461,0.6479362739637461,0.0,0.615003308005127,0.615003308005127,0.0,0.48396334168649446,0.48396334168649446,0.0,0.4295715101849938,0.4295715101849938,0.0
Peromyscus_polionotus,occupancy_descending,250,250,2.0,3,ok,250,750,0.4498138067507679,6.609107630658723,empirical_macro_occupancy,6.537499779272078,-0.8223956977509426,-0.11315822285383526,200.92329490903404,0.1077932728343397,0.009687175825972116,0.8583307357283259,0.8583307357283259,0.0,0.6469501483343005,0.6469501483343005,0.0,0.6083866554376063,0.6083866554376063,0.0,0.47427616586052235,0.47427616586052235,0.0,0.41676409312739526,0.41676409312739526,0.0
Peromyscus_polionotus,occupancy_descending,225,225,2.0,3,ok,225,775,0.41833882796567706,6.4756661969123535,empirical_macro_occupancy,6.405589888006916,-0.9558371314973124,-0.13344143374636985,174.9439957408907,0.11252490454481673,0.006618625451367377,0.8564677613601802,0.8564677613601802,0.0,0.6461533827890816,0.6461533827890816,0.0,0.6017680299862389,0.6017680299862389,0.0,0.4695445341500453,0.4695445341500453,0.0,0.40179113784493586,0.40179113784493586,0.0
Peromyscus_polionotus,occupancy_descending,200,200,2.0,3,ok,200,800,0.3858179619532891,6.311808031904151,empirical_macro_occupancy,6.236627342325705,-1.1196952965055145,-0.16385816500820205,146.71315787989042,0.12138993557389499,0.008865031029078263,0.8543822627430866,0.8543822627430866,0.0,0.6433750776708025,0.6433750776708025,0.0,0.5971412605959595,0.5971412605959595,0.0,0.46067950312096706,0.46067950312096706,0.0,0.39962969001993764,0.39962969001993764,0.0
Peromyscus_polionotus,occupancy_descending,175,175,2.0,3,ok,175,825,0.35166604477841107,6.157357614294724,empirical_macro_occupancy,6.081118965548833,-1.2741457141149422,-0.15445041760942768,128.59724508530562,0.1331945526047062,0.011804617030811204,0.8480219779702443,0.8480219779702443,0.0,0.6406064709719875,0.6406064709719875,0.0,0.588301769142288,0.588301769142288,0.0,0.44887488609015586,0.44887488609015586,0.0,0.3942762703674977,0.3942762703674977,0.0
Peromyscus_polionotus,occupancy_descending,150,150,2.0,3,ok,150,850,0.3158628560176405,5.949898699697122,empirical_macro_occupancy,5.875412511368689,-1.4816046287125442,-0.20745891459760202,106.70173781624503,0.14419969835090068,0.011005145746194489,0.8435561833457229,0.8435561833457229,0.0,0.6394919586277903,0.6394919586277903,0.0,0.5773311866595803,0.5773311866595803,0.0,0.43786974034396137,0.43786974034396137,0.0,0.3843509864699475,0.3843509864699475,0.0
Peromyscus_polionotus,occupancy_descending,125,125,2.0,3,ok,125,875,0.2781258766711022,5.690574924670639,empirical_macro_occupancy,5.636467424513529,-1.7409284037390265,-0.2593237750264823,83.45554297262777,0.15987191250206068,0.01567221415115999,0.8364779567615531,0.8364779567615531,0.0,0.632438760859153,0.632438760859153,0.0,0.5662916725895638,0.5662916725895638,0.0,0.4221975261928014,0.4221975261928014,0.0,0.37433013428620693,0.37433013428620693,0.0
Peromyscus_polionotus,occupancy_descending,100,100,2.0,3,ok,100,900,0.2376855023060259,5.2897428232958426,empirical_macro_occupancy,5.365687101833807,-2.1417605051138233,-0.40083210137479686,56.21961367053443,0.17282661381264192,0.026863149423486332,0.8285126340810639,0.8285126340810639,0.0,0.6055756114356666,0.6055756114356666,0.0,0.548022179508248,0.548022179508248,0.0,0.40924282488222014,0.40924282488222014,0.0,0.35115225469188444,0.35115225469188444,0.0
Peromyscus_polionotus,occupancy_descending,75,75,2.0,3,ok,75,925,0.19368245941576773,4.793548799181612,empirical_macro_occupancy,5.053116359454571,-2.637954529228054,-0.49619402411423064,34.95487724150219,0.21303252749598245,0.04020591368334053,0.8166849549566056,0.8166849549566056,0.0,0.5835869194522262,0.5835869194522262,0.0,0.5166204239299268,0.5166204239299268,0.0,0.3690369111988796,0.3690369111988796,0.0,0.30823227364214506,0.30823227364214506,0.0
Peromyscus_polionotus,occupancy_descending,50,50,2.0,3,ok,50,950,0.14338869162427542,4.077740407915235,empirical_macro_occupancy,4.588593995722802,-3.3537629204944306,-0.7158083912663766,16.763765910604324,0.27100503959783573,0.08709368386874278,0.7756474745293636,0.7756474745293636,0.0,0.564249216410129,0.564249216410129,0.0,0.429526740061184,0.429526740061184,0.0,0.3110643990970263,0.3110643990970263,0.0,0.2696897424825685,0.2694480503529282,0.011415137376307428
