species,moseq_cluster,log2_enrichment_vs_arm_expected,standardized_residual,q_value,soft_frames,expected_soft_frames,moseq_label,aligned_arm,omnibus_chi2,omnibus_p_value,omnibus_dof
Mus_caroli,0,-0.8989505285482343,-133.46910760948091,0.0,44425.52815296234,82840.68346692364,head_low,1,28308504.904681325,0.0,378
Mus_caroli,1,0.7520042258747645,186.07841197153286,0.0,124591.8038573097,73979.88379340574,head_down,1,28308504.904681325,0.0,378
Mus_caroli,2,-1.743687760963012,-186.07653577886418,0.0,21016.291778427963,70381.48217017537,sniff_floor,1,28308504.904681325,0.0,378
Mus_caroli,3,-1.6084160807097754,-170.567861229701,0.0,21126.15047011347,64417.201623275265,step_to_stop,1,28308504.904681325,0.0,378
Mus_caroli,4,0.0006738097434072136,0.10623601774391682,0.9153950946043458,51739.00378618978,51714.8447616206,turn_left,1,28308504.904681325,0.0,378
Mus_caroli,5,0.30375094701473115,48.918055987583394,0.0,53783.42494942747,43572.282283058186,enter_rear,1,28308504.904681325,0.0,378
Mus_caroli,6,0.044976831953512854,6.668996750050237,2.7844103374728063e-11,45756.96300837097,44352.470542555195,turn_right,1,28308504.904681325,0.0,378
Mus_caroli,7,-2.515840878898903,-199.71142819361168,0.0,10242.183601937417,58578.213911422274,extend_rear,1,28308504.904681325,0.0,378
Mus_caroli,8,-0.5164683689535846,-60.87007625241972,0.0,28604.617305843447,40917.45492719004,extend_rear_2,1,28308504.904681325,0.0,378
Mus_caroli,9,-0.381703943093654,-46.96731699466334,0.0,31329.635677174112,40818.74810724824,still,1,28308504.904681325,0.0,378
Mus_caroli,10,-3.116298410759836,-190.65533335385516,0.0,5355.810186272178,46443.4500682898,motionless_rear,1,28308504.904681325,0.0,378
Mus_caroli,11,3.134848867002506,1843.6229765982428,0.0,492767.3680830353,56099.423659042826,start_moving,1,28308504.904681325,0.0,378
Mus_caroli,12,-1.07601815851586,-87.27102934653612,0.0,13074.054583899384,27562.844527270572,syllable_12,1,28308504.904681325,0.0,378
Mus_caroli,13,0.5906152712393024,112.3664841122747,0.0,74294.43984105483,49335.93918240527,take_a_step,1,28308504.904681325,0.0,378
Mus_caroli,14,0.05779825344426081,11.782624489413509,5.38501942152146e-32,86485.96488148578,83089.59211007378,curve_spine,1,28308504.904681325,0.0,378
Mus_caroli,15,-0.7037721111988059,-65.50182675362066,0.0,17676.510342538266,28790.75456475643,syllable_15,1,28308504.904681325,0.0,378
Mus_caroli,16,-4.084519347649415,-231.89835234997878,0.0,3579.325891724355,60724.519008834446,brief_walk,1,28308504.904681325,0.0,378
Mus_caroli,17,-3.6753611580086423,-215.00486252058857,0.0,4258.895500720467,54411.52993542188,slow_locomotion,1,28308504.904681325,0.0,378
Mus_caroli,18,1.1362462590753661,202.5989001931004,0.0,62855.62150414124,28595.646424552735,leave_rear_turn_right_2,1,28308504.904681325,0.0,378
Mus_caroli,19,-0.4277027478571697,-52.76994642719212,0.0,31452.836504482413,42306.89705878565,high_rear,1,28308504.904681325,0.0,378
Mus_caroli,20,-0.36036410771384453,-36.78358991554747,4.2836825286823435e-296,21573.33808928591,27694.769531174286,enter_wall_rear,1,28308504.904681325,0.0,378
Mus_caroli,21,1.181096683731686,203.5268504275054,0.0,58465.45536939872,25784.20865795954,leave_rear_turn_left_2,1,28308504.904681325,0.0,378
Mus_caroli,22,0.12881766181421722,18.899970162004358,1.3497714823287925e-79,44774.626427988485,40950.007993571824,stopping,1,28308504.904681325,0.0,378
Mus_caroli,23,-0.9166472075964228,-120.29446669130282,0.0,34663.66690630332,65435.40695372929,scrunch_idle,1,28308504.904681325,0.0,378
Mus_caroli,24,0.15104334791882829,16.2726969953984,1.7809388024969657e-59,24136.166194362875,21737.00519809861,end_and_enter_rear,1,28308504.904681325,0.0,378
Mus_caroli,25,-1.897324311642058,-100.5478717851549,0.0,5071.019072624744,18890.644417503012,syllable_25,1,28308504.904681325,0.0,378
Mus_caroli,26,-2.6720493861843275,-183.52456291024265,0.0,7434.759773396913,47384.24395859209,still_2,1,28308504.904681325,0.0,378
Mus_caroli,27,1.6404362821326044,391.9144431123786,0.0,106786.12143173932,34252.65860133999,stop_rear_start_walking,1,28308504.904681325,0.0,378
Mus_caroli,28,0.23115818345941339,39.12872667333402,0.0,59510.42335501639,50699.945544213384,mid_rear_2,1,28308504.904681325,0.0,378
Mus_caroli,29,0.4749926981106689,61.38626009315821,0.0,34450.69699808892,24786.25783263655,mid_rear_3,1,28308504.904681325,0.0,378
Mus_caroli,30,-0.9474901369163227,-67.20466200301517,0.0,10102.856727638871,19483.507630784843,syllable_30,1,28308504.904681325,0.0,378
Mus_caroli,31,-0.7975966053113837,-74.40141121486663,0.0,17656.767648782894,30691.047026920514,groom_1,1,28308504.904681325,0.0,378
Mus_caroli,32,-0.7342698994523243,-75.78152586822664,0.0,21697.49510160077,36094.98483150724,slow_locomotion_2,1,28308504.904681325,0.0,378
Mus_caroli,33,-1.1912410541515648,-80.80297385875488,0.0,9050.4125526465,20666.534902126372,jump_1,1,28308504.904681325,0.0,378
Mus_caroli,34,-1.955099172048665,-136.51337670923343,0.0,8727.415413213197,33839.905655875504,very_slow_locomotion,1,28308504.904681325,0.0,378
Mus_caroli,35,-3.094238230164879,-169.73626097447163,0.0,4327.764482294648,36959.16402212062,groom_2,1,28308504.904681325,0.0,378
Mus_caroli,36,-2.765583543923327,-152.47362130679358,0.0,4699.185628261662,31955.543114724987,groom_3,1,28308504.904681325,0.0,378
Mus_caroli,37,-2.098609269519322,-136.91529522445902,0.0,7449.313537317545,31905.13548321784,groom_4,1,28308504.904681325,0.0,378
Mus_caroli,38,-1.0639706243432565,-75.12194422329598,0.0,9918.086675054334,20735.521947143123,brief_fast,1,28308504.904681325,0.0,378
Mus_caroli,39,0.5972395308145824,69.7006260914904,0.0,27946.78815382296,18473.317286157406,paused_in_rear,1,28308504.904681325,0.0,378
Mus_caroli,40,-1.5085919339757503,-94.45488059639214,0.0,7454.798454718696,21211.30212211976,groom_5,1,28308504.904681325,0.0,378
Mus_caroli,41,-0.11231245703842582,-11.251614747200916,2.545848154236808e-29,20878.707186702733,22569.036662098326,jump_2,1,28308504.904681325,0.0,378
Mus_caroli,42,-1.4157114451942152,-89.4108251820829,0.0,7666.642258250515,20453.932049646166,groom_6,1,28308504.904681325,0.0,378
Mus_caroli,43,0.01341432211555059,0.9536277275235026,0.3449763380768792,10518.800724326558,10421.449161642558,syllable_43,1,28308504.904681325,0.0,378
Mus_caroli,44,-0.36685301384652763,-23.58680097567053,6.36445798287362e-123,8557.839155640868,11035.649050522248,groom_7,1,28308504.904681325,0.0,378
Mus_caroli,45,-3.0161649310534653,-66.14603728446056,0.0,704.1318303980138,5696.526122168982,idle_enter_groom,1,28308504.904681325,0.0,378
Mus_caroli,46,-1.9328803629804496,-67.25470998219944,0.0,2174.5369756232367,8302.746229214068,syllable_46,1,28308504.904681325,0.0,378
Mus_caroli,47,-1.6872949191597018,-58.4781276904997,0.0,2233.5867019372185,7193.316966718163,groom_10,1,28308504.904681325,0.0,378
Mus_caroli,48,-1.7692425844671076,-59.679394113456105,0.0,2092.4766599147283,7132.728772910723,groom_11,1,28308504.904681325,0.0,378
Mus_caroli,49,-1.6764331259136853,-22.52451183998207,2.86271250233131e-112,336.1689196906874,1074.5192867515152,syllable_49,1,28308504.904681325,0.0,378
Mus_caroli,50,-39.175437520671586,-24.916721240465577,5.958714817012437e-137,0.0,620.8429973760685,syllable_50,1,28308504.904681325,0.0,378
Mus_caroli,52,-5.156394091308716,-3.1723181632541912,0.0015842852608721398,0.2986943290559772,10.652615939793966,syllable_52,1,28308504.904681325,0.0,378
Mus_caroli,61,-41.12251872330985,-48.92781442000104,0.0,0.0,2393.931023919062,syllable_61,1,28308504.904681325,0.0,378
Mus_caroli,73,-31.567567777654087,-1.7839899171507936,0.07651199432244331,0.0,3.1826200254956953,73,1,28308504.904681325,0.0,378
Mus_caroli,94,-31.614831099954735,-1.813452707960796,0.07188592885971744,0.0,3.2886107250103445,94,1,28308504.904681325,0.0,378
Mus_musculus,0,-0.022900836896295938,-13.594766025094406,4.890412478006489e-42,733467.2491156035,745202.9496838587,head_low,1,28308504.904681325,0.0,378
Mus_musculus,1,0.38722638783815083,251.15908961413945,0.0,870384.7929488282,665494.6013588503,head_down,1,28308504.904681325,0.0,378
Mus_musculus,2,-0.33971322373037505,-166.93734698958852,0.0,500294.1562857056,633124.7633571017,sniff_floor,1,28308504.904681325,0.0,378
Mus_musculus,3,0.20991813379281601,119.22591422247035,0.0,670230.8303810154,579472.3878541081,step_to_stop,1,28308504.904681325,0.0,378
Mus_musculus,4,0.14924854059654866,74.33894633810806,0.0,515910.5450580056,465206.867519265,turn_left,1,28308504.904681325,0.0,378
Mus_musculus,5,-0.16373123107883678,-67.16865129111103,0.0,349907.4495207606,391959.5049545588,enter_rear,1,28308504.904681325,0.0,378
Mus_musculus,6,0.08565489120843485,38.63741949858719,0.0,423382.9840875555,398977.7786813567,turn_right,1,28308504.904681325,0.0,378
Mus_musculus,7,-0.8333769443568877,-318.51963748628395,0.0,295730.1200702722,526947.0985404582,extend_rear,1,28308504.904681325,0.0,378
Mus_musculus,8,-1.0333731390879004,-310.2836709176613,0.0,179830.43426601472,368077.6984109869,extend_rear_2,1,28308504.904681325,0.0,378
Mus_musculus,9,0.5743749854388965,296.33487987119315,0.0,546757.4033231577,367189.769795527,still,1,28308504.904681325,0.0,378
Mus_musculus,10,-1.0222275146164543,-328.1234793453107,0.0,205699.9668134829,417787.42685293575,motionless_rear,1,28308504.904681325,0.0,378
Mus_musculus,11,0.21179486073377424,112.33206655235996,0.0,584448.0278145343,504648.85412220325,start_moving,1,28308504.904681325,0.0,378
Mus_musculus,12,-0.7493808972187319,-201.73623045260038,0.0,147492.1135565204,247944.75593143483,syllable_12,1,28308504.904681325,0.0,378
Mus_musculus,13,0.9905583848831969,657.4973458695191,0.0,881824.3324859899,443807.1472313648,take_a_step,1,28308504.904681325,0.0,378
Mus_musculus,14,0.6710646487642223,512.0260178827169,0.0,1190112.748124915,747442.0361727015,curve_spine,1,28308504.904681325,0.0,378
Mus_musculus,15,-0.585384782061808,-169.7363433998906,0.0,172609.84429616443,258990.56269673313,syllable_15,1,28308504.904681325,0.0,378
Mus_musculus,16,-4.010238573490704,-693.2237973651946,0.0,33899.46740460865,546254.4342911546,brief_walk,1,28308504.904681325,0.0,378
Mus_musculus,17,-3.5048390268434346,-637.9869002145685,0.0,43118.153313342285,489465.2109054325,slow_locomotion,1,28308504.904681325,0.0,378
Mus_musculus,18,0.11659080015593769,42.689590520061635,0.0,278886.91518910986,257235.44485484355,leave_rear_turn_right_2,1,28308504.904681325,0.0,378
Mus_musculus,19,0.4458880912869644,223.41501838315884,0.0,518403.2981251195,380576.58581204875,high_rear,1,28308504.904681325,0.0,378
Mus_musculus,20,-1.7975586765057094,-355.5503191315137,0.0,71665.406192139,249131.50256282106,enter_wall_rear,1,28308504.904681325,0.0,378
Mus_musculus,21,0.023022740557213442,7.747198898349403,1.0256667523491573e-14,235675.93267757873,231944.83124764936,leave_rear_turn_left_2,1,28308504.904681325,0.0,378
Mus_musculus,22,-0.39993331295220996,-146.94310827321954,0.0,279185.5647153142,368370.533284792,stopping,1,28308504.904681325,0.0,378
Mus_musculus,23,0.28653635869914473,168.56548122456405,0.0,717959.1561743976,588631.7716723394,scrunch_idle,1,28308504.904681325,0.0,378
Mus_musculus,24,-1.489499230783519,-284.71434314007837,0.0,69638.05844213633,195537.74441496644,end_and_enter_rear,1,28308504.904681325,0.0,378
Mus_musculus,25,-0.604044746850863,-141.02080922071934,0.0,111800.0705724254,169932.97679603196,syllable_25,1,28308504.904681325,0.0,378
Mus_musculus,26,-0.2588315991154849,-107.22583490039592,0.0,356244.99571322976,426250.4471076846,still_2,1,28308504.904681325,0.0,378
Mus_musculus,27,-1.7941681732344334,-395.03583622113325,0.0,88843.72117362574,308123.7521950717,stop_rear_start_walking,1,28308504.904681325,0.0,378
Mus_musculus,28,0.9485627791974469,628.0270628021933,0.0,880205.8165136058,456077.2242233394,mid_rear_2,1,28308504.904681325,0.0,378
Mus_musculus,29,-0.8178673435730344,-204.3280519884446,0.0,126485.0661051125,222967.64917301005,mid_rear_3,1,28308504.904681325,0.0,378
Mus_musculus,30,-0.8190960337813173,-181.3595788217324,0.0,99340.32177365648,175266.1464031257,syllable_30,1,28308504.904681325,0.0,378
Mus_musculus,31,0.3079413558189379,125.02264955119175,0.0,341776.4870815195,276084.8633326289,groom_1,1,28308504.904681325,0.0,378
Mus_musculus,32,1.468997916407638,1007.6128637603944,0.0,898856.1453614241,324696.61088652303,slow_locomotion_2,1,28308504.904681325,0.0,378
Mus_musculus,33,-2.5319592691114527,-356.6197174870262,0.0,32144.21838477543,185908.2050543216,jump_1,1,28308504.904681325,0.0,378
Mus_musculus,34,0.7666242862665507,386.92265711722996,0.0,517889.3033815409,304410.78533412534,very_slow_locomotion,1,28308504.904681325,0.0,378
Mus_musculus,35,-0.6463248870918316,-208.2078232014606,0.0,212417.2848621186,332470.4347487759,groom_2,1,28308504.904681325,0.0,378
Mus_musculus,36,-0.39614857164710376,-128.73876556769778,0.0,218436.1394162156,287459.78414520086,groom_3,1,28308504.904681325,0.0,378
Mus_musculus,37,-0.4212543050144891,-135.6601150959598,0.0,214329.180537614,287006.33646570775,groom_4,1,28308504.904681325,0.0,378
Mus_musculus,38,-5.764700802924629,-423.94604357965295,0.0,3430.820575356224,186528.78599698105,brief_fast,1,28308504.904681325,0.0,378
Mus_musculus,39,0.7639419382926255,284.590600720394,0.0,282192.33931786276,166178.86231693035,paused_in_rear,1,28308504.904681325,0.0,378
Mus_musculus,40,-0.2798763918577523,-77.02754300547855,0.0,157161.81395147173,190808.72159088828,groom_5,1,28308504.904681325,0.0,378
Mus_musculus,41,-1.5670714887714665,-298.5125384588313,0.0,68518.58576735832,203022.37968418095,jump_2,1,28308504.904681325,0.0,378
Mus_musculus,42,0.13527318080604583,42.165838018612526,0.0,202082.63020480095,183995.7115046672,groom_6,1,28308504.904681325,0.0,378
Mus_musculus,43,1.804273980239811,763.1686437292173,0.0,327415.77094901504,93747.351303991,syllable_43,1,28308504.904681325,0.0,378
Mus_musculus,44,0.8693923251489425,260.53365120383944,0.0,181360.18103886803,99272.45744427768,groom_7,1,28308504.904681325,0.0,378
Mus_musculus,45,-2.720296602587457,-192.02061777913698,0.0,7775.890042651461,51243.759606189575,idle_enter_groom,1,28308504.904681325,0.0,378
Mus_musculus,46,0.5460065562035568,125.72471048763141,0.0,109047.82484972636,74688.31402093967,syllable_46,1,28308504.904681325,0.0,378
Mus_musculus,47,0.9866997795159894,249.70961186938433,0.0,128229.019005309,64708.31477084128,groom_10,1,28308504.904681325,0.0,378
Mus_musculus,48,1.1312010611013743,301.53653192832724,0.0,140543.91672404608,64163.28666566698,groom_11,1,28308504.904681325,0.0,378
Mus_musculus,49,0.9178340936907107,87.42980695636972,0.0,18261.678820751527,9665.9625255161,syllable_49,1,28308504.904681325,0.0,378
Mus_musculus,50,-10.223513315656058,-74.66944821752534,0.0,4.671200510878639,5584.864991124094,syllable_50,1,28308504.904681325,0.0,378
Mus_musculus,52,-36.47971072564813,-9.789118386921775,1.382684508533129e-22,0.0,95.82683879416997,syllable_52,1,28308504.904681325,0.0,378
Mus_musculus,61,-8.577041020265977,-146.36342670439242,0.0,56.38919617095559,21534.88341361259,syllable_61,1,28308504.904681325,0.0,378
Mus_musculus,73,-1.5261110814379384,-3.492850288663994,0.0005054651825769565,9.940551296894482,28.629626549004435,73,1,28308504.904681325,0.0,378
Mus_musculus,94,-34.78405312287379,-5.439032831729681,5.7490382331976534e-08,0.0,29.583078145633387,94,1,28308504.904681325,0.0,378
Mus_spretus,0,-1.034444433906924,-153.96979438173494,0.0,44185.34196384999,90505.92761902556,head_low,1,28308504.904681325,0.0,378
Mus_spretus,1,-0.36017181508577084,-62.80940330017161,0.0,62968.66348533405,80825.23861048667,head_down,1,28308504.904681325,0.0,378
Mus_spretus,2,-0.7481928767574568,-112.20873963502767,0.0,45778.67944087527,76893.87707136675,sniff_floor,1,28308504.904681325,0.0,378
Mus_spretus,3,-0.39462022148367676,-63.48617800275466,0.0,53535.60088269595,70377.72195426376,step_to_stop,1,28308504.904681325,0.0,378
Mus_spretus,4,-0.45578395137871336,-64.3889078819773,0.0,41194.94572908621,56500.01666986719,turn_left,1,28308504.904681325,0.0,378
Mus_spretus,5,-1.4475111942069265,-138.18575508860326,0.0,17454.176793889266,47604.02330674615,enter_rear,1,28308504.904681325,0.0,378
Mus_spretus,6,-0.42360933784655247,-56.010055212924435,0.0,36127.012519867174,48456.40234550002,turn_right,1,28308504.904681325,0.0,378
Mus_spretus,7,-2.1656185793144815,-196.59350589699935,0.0,14264.393954228291,63998.45301174774,extend_rear,1,28308504.904681325,0.0,378
Mus_spretus,8,-2.737002700842059,-179.7181248335725,0.0,6705.359270304844,44703.54491309373,extend_rear_2,1,28308504.904681325,0.0,378
Mus_spretus,9,0.8984983725233325,182.4832198714117,0.0,83131.95479027327,44595.70475621329,still,1,28308504.904681325,0.0,378
Mus_spretus,10,-1.9492862050197146,-166.92821719296137,0.0,13139.057303870151,50740.860098489975,motionless_rear,1,28308504.904681325,0.0,378
Mus_spretus,11,-0.34235435868096675,-52.29814174875083,0.0,48342.913319431034,61290.30042565547,start_moving,1,28308504.904681325,0.0,378
Mus_spretus,12,-2.42368299963497,-141.18886398264047,0.0,5612.496757786738,30113.233104307274,syllable_12,1,28308504.904681325,0.0,378
Mus_spretus,13,-0.5017486530724249,-68.19866975606439,0.0,38067.587600307175,53900.99108057536,take_a_step,1,28308504.904681325,0.0,378
Mus_spretus,14,1.4163372220950594,502.88024843768704,0.0,242292.49686559156,90777.8677660391,curve_spine,1,28308504.904681325,0.0,378
Mus_spretus,15,-1.9221753024060548,-130.55868272057992,0.0,8299.539093159856,31454.761593986415,syllable_15,1,28308504.904681325,0.0,378
Mus_spretus,16,-6.223187799789155,-254.12431542135266,0.0,888.0373613362758,66343.3556086981,brief_walk,1,28308504.904681325,0.0,378
Mus_spretus,17,-3.1423254097222113,-216.20205525308674,0.0,6732.712717146361,59446.2259831789,slow_locomotion,1,28308504.904681325,0.0,378
Mus_spretus,18,-0.07602969838676177,-9.073649694392868,1.266052767747604e-19,29637.805891060576,31241.600107671435,leave_rear_turn_right_2,1,28308504.904681325,0.0,378
Mus_spretus,19,-0.7383670387542022,-86.1220385819512,0.0,27706.004338872077,46221.55205318725,high_rear,1,28308504.904681325,0.0,378
Mus_spretus,20,-5.585546470032362,-170.3240255901311,0.0,630.1066692605987,30257.365121991756,enter_wall_rear,1,28308504.904681325,0.0,378
Mus_spretus,21,-0.3710059300106878,-38.058702365665425,0.0,21782.27537370627,28170.020150098117,leave_rear_turn_left_2,1,28308504.904681325,0.0,378
Mus_spretus,22,-2.5865245282766045,-176.3016622575688,0.0,7448.449436887634,44739.110113022376,stopping,1,28308504.904681325,0.0,378
Mus_spretus,23,2.0071847716720614,807.4687481283657,0.0,287388.2325246034,71490.1417712269,scrunch_idle,1,28308504.904681325,0.0,378
Mus_spretus,24,-5.53622778973461,-150.784104738841,0.0,511.7553979920205,23748.329163640992,end_and_enter_rear,1,28308504.904681325,0.0,378
Mus_spretus,25,-2.0253853938394197,-108.3724742748165,0.0,5069.654554288559,20638.59476738777,syllable_25,1,28308504.904681325,0.0,378
Mus_spretus,26,0.8674816554081758,187.59070964536164,0.0,94450.72701900148,51768.70559875215,still_2,1,28308504.904681325,0.0,378
Mus_spretus,27,-4.538276796584061,-185.1223860939237,0.0,1610.5350920895048,37422.0553282839,stop_rear_start_walking,1,28308504.904681325,0.0,378
Mus_spretus,28,-0.642629550485835,-84.59909020474917,0.0,35480.52788201661,55391.20888041988,mid_rear_2,1,28308504.904681325,0.0,378
Mus_spretus,29,-2.8859063492415835,-142.29649871304437,0.0,3663.5315654301903,27079.728986577084,mid_rear_3,1,28308504.904681325,0.0,378
Mus_spretus,30,-2.2323380259359626,-114.8491680210414,0.0,4530.016566839124,21286.315583098964,syllable_30,1,28308504.904681325,0.0,378
Mus_spretus,31,1.8795646516923281,490.6807158962508,0.0,123381.59897416644,33530.888019286525,groom_1,1,28308504.904681325,0.0,378
Mus_spretus,32,-0.8956827740459101,-91.84566076603083,0.0,21195.947378685953,39434.851909141726,slow_locomotion_2,1,28308504.904681325,0.0,378
Mus_spretus,33,-7.411373745224019,-149.37978185265814,0.0,132.6341046593642,22578.808306606254,jump_1,1,28308504.904681325,0.0,378
Mus_spretus,34,-0.6815515624152747,-72.39402476877306,0.0,23051.27916354377,36971.11037414596,very_slow_locomotion,1,28308504.904681325,0.0,378
Mus_spretus,35,1.4811378902919545,360.0312617074342,0.0,112725.56549905668,40378.993555519526,groom_2,1,28308504.904681325,0.0,378
Mus_spretus,36,0.9100969231827444,164.2719819659157,0.0,65606.37267770134,34912.38786462602,groom_3,1,28308504.904681325,0.0,378
Mus_spretus,37,0.47524531336571474,72.84230507276781,0.0,48457.05748128113,34857.31601758538,groom_4,1,28308504.904681325,0.0,378
Mus_spretus,38,-6.190590659974105,-148.45232361237782,0.0,310.16646674420383,22654.178719326588,brief_fast,1,28308504.904681325,0.0,378
Mus_spretus,39,1.2254358060800772,190.12089638650087,0.0,47192.303422638,20182.652378185947,paused_in_rear,1,28308504.904681325,0.0,378
Mus_spretus,40,0.7240029708796397,99.2172528730219,0.0,38277.82844334442,23173.982809260197,groom_5,1,28308504.904681325,0.0,378
Mus_spretus,41,-3.043093358188833,-137.97589098533518,0.0,2991.465456173133,24657.348455926018,jump_2,1,28308504.904681325,0.0,378
Mus_spretus,42,0.5561431961860839,70.3089770011205,0.0,32856.85138282554,22346.53332319361,groom_6,1,28308504.904681325,0.0,378
Mus_spretus,43,-1.2718830064614535,-62.51586029868329,0.0,4715.052458566607,11385.745312996782,syllable_43,1,28308504.904681325,0.0,378
Mus_spretus,44,0.776084886283926,78.23240178850303,0.0,20646.957384643316,12056.777085794192,groom_7,1,28308504.904681325,0.0,378
Mus_spretus,45,-1.6187574366965536,-53.202141703462296,0.0,2026.5106931176028,6223.625389314528,idle_enter_groom,1,28308504.904681325,0.0,378
Mus_spretus,46,-0.16338339013173236,-10.197678766955715,2.2563083186522418e-24,8099.753709819213,9070.998907926942,syllable_46,1,28308504.904681325,0.0,378
Mus_spretus,47,1.768248290577935,213.32869596554076,0.0,26770.61346026685,7858.914213213207,groom_10,1,28308504.904681325,0.0,378
Mus_spretus,48,1.2500058282944684,121.6822707146913,0.0,18534.390531859943,7792.719796969731,groom_11,1,28308504.904681325,0.0,378
Mus_spretus,49,2.260490426151524,129.90917076517633,0.0,5625.005985603138,1173.9445007211875,syllable_49,1,28308504.904681325,0.0,378
Mus_spretus,50,-39.303110347823555,-26.043992930770216,1.9179258914698181e-149,0.0,678.289567779009,syllable_50,1,28308504.904681325,0.0,378
Mus_spretus,52,-33.43816152960022,-3.411495557693405,0.0006817104024843736,0.0,11.638301941161838,syllable_52,1,28308504.904681325,0.0,378
Mus_spretus,61,4.958297657037369,1538.7549703583359,0.0,81309.50286929506,2615.441337616048,syllable_61,1,28308504.904681325,0.0,378
Mus_spretus,73,-31.69524060476786,-1.864700429204123,0.06426830727390906,0.0,3.47710769167404,73,1,28308504.904681325,0.0,378
Mus_spretus,94,-31.742503927069748,-1.8954961630473142,0.06007470074979419,0.0,3.592905705127091,94,1,28308504.904681325,0.0,378
Peromyscus_californicus,0,0.3938904623733676,143.3445755369142,0.0,273945.7566802107,208493.1224880105,head_low,1,28308504.904681325,0.0,378
Peromyscus_californicus,1,-0.009579397901915521,-2.855640162468675,0.0044782157887395336,184960.0861127166,186192.29499169797,head_down,1,28308504.904681325,0.0,378
Peromyscus_californicus,2,0.9079181733993199,368.8279897417425,0.0,332366.3689324446,177135.85123731033,sniff_floor,1,28308504.904681325,0.0,378
Peromyscus_californicus,3,1.4590312978425601,704.3258376536402,0.0,445719.9776032454,162124.97225157372,step_to_stop,1,28308504.904681325,0.0,378
Peromyscus_californicus,4,-1.2668257338892117,-210.8442788373462,0.0,54089.22270615429,130155.72798404166,turn_left,1,28308504.904681325,0.0,378
Peromyscus_californicus,5,0.5215568272140036,144.21844657905956,0.0,157420.98236674207,109662.55717519589,enter_rear,1,28308504.904681325,0.0,378
Peromyscus_californicus,6,-1.3126836002811013,-199.60388293468384,0.0,44937.48242446513,111626.13207032536,turn_right,1,28308504.904681325,0.0,378
Peromyscus_californicus,7,1.3740438859972663,611.2578589448344,0.0,382131.29923803377,147429.42980473442,extend_rear,1,28308504.904681325,0.0,378
Peromyscus_californicus,8,-0.18150509766634187,-37.93671886461046,0.0,90806.76291042338,102980.89760978993,extend_rear_2,1,28308504.904681325,0.0,378
Peromyscus_californicus,9,0.0292802169175188,6.571555603525045,5.369756242376083e-11,104838.78152863488,102732.47265433017,still,1,28308504.904681325,0.0,378
Peromyscus_californicus,10,1.3017507259719379,500.9639679263737,0.0,288163.2208125308,116888.7015245353,motionless_rear,1,28308504.904681325,0.0,378
Peromyscus_californicus,11,0.3190302440001919,92.9959231461466,0.0,176134.37908711613,141190.81976335563,start_moving,1,28308504.904681325,0.0,378
Peromyscus_californicus,12,0.43625563219390956,92.9970049728304,0.0,93863.79879415072,69370.06407530089,syllable_12,1,28308504.904681325,0.0,378
Peromyscus_californicus,13,0.3790337681048763,105.8784788522341,0.0,161477.49139004236,124168.50731470968,take_a_step,1,28308504.904681325,0.0,378
Peromyscus_californicus,14,-2.684542362359854,-386.1631929840892,0.0,32528.71530797421,209119.57483066103,curve_spine,1,28308504.904681325,0.0,378
Peromyscus_californicus,15,0.362922940665718,76.9946063988726,0.0,93186.24218140949,72460.46346767212,syllable_15,1,28308504.904681325,0.0,378
Peromyscus_californicus,16,-6.9038176922154895,-387.6716167584504,0.0,1276.309300007786,152831.24245093344,brief_walk,1,28308504.904681325,0.0,378
Peromyscus_californicus,17,-2.283716860603622,-294.0597353875935,0.0,28123.65237183883,136942.73514915566,slow_locomotion,1,28308504.904681325,0.0,378
Peromyscus_californicus,18,-1.0861852865170056,-141.9140650586049,0.0,33897.96497988855,71969.4160297289,leave_rear_turn_right_2,1,28308504.904681325,0.0,378
Peromyscus_californicus,19,-1.3398917709431573,-197.4007912722594,0.0,42064.10182068116,106477.8403728036,high_rear,1,28308504.904681325,0.0,378
Peromyscus_californicus,20,-1.1443091758638086,-144.5710635203462,0.0,31533.66353737879,69702.09243198522,enter_wall_rear,1,28308504.904681325,0.0,378
Peromyscus_californicus,21,-0.8059737873986621,-109.03581594308388,0.0,37117.57387321256,64893.59996802566,leave_rear_turn_left_2,1,28308504.904681325,0.0,378
Peromyscus_californicus,22,-0.3583185085729657,-70.60396616824164,0.0,80396.55360278909,103062.82704557503,stopping,1,28308504.904681325,0.0,378
Peromyscus_californicus,23,-2.067171620896838,-308.9783023034797,0.0,39298.882761965615,164687.58762117117,scrunch_idle,1,28308504.904681325,0.0,378
Peromyscus_californicus,24,-1.7472545980989675,-164.22626136566822,0.0,16295.651393115722,54707.61342884408,end_and_enter_rear,1,28308504.904681325,0.0,378
Peromyscus_californicus,25,-0.060367858016584716,-8.935606994690835,4.443329845359355e-19,45595.53306639092,47543.90325604311,syllable_25,1,28308504.904681325,0.0,378
Peromyscus_californicus,26,0.04178327172025241,10.147828047404964,3.755182892995771e-24,122760.891587968,119256.48807092568,still_2,1,28308504.904681325,0.0,378
Peromyscus_californicus,27,-6.685809279637207,-290.75827229982986,0.0,837.3619214683243,86206.96313014602,stop_rear_start_walking,1,28308504.904681325,0.0,378
Peromyscus_californicus,28,-3.246714477496734,-319.58038585019005,0.0,13443.028149301268,127601.43342740204,mid_rear_2,1,28308504.904681325,0.0,378
Peromyscus_californicus,29,-1.8146668976760298,-178.76348447033726,0.0,17733.31199244551,62381.96106122989,mid_rear_3,1,28308504.904681325,0.0,378
Peromyscus_californicus,30,0.10592276631030523,16.869914580343693,8.719055260186697e-64,52771.70622316952,49036.01917508616,syllable_30,1,28308504.904681325,0.0,378
Peromyscus_californicus,31,-3.172839339676395,-247.10805275113094,0.0,8565.24819946437,77243.11243308306,groom_1,1,28308504.904681325,0.0,378
Peromyscus_californicus,32,-2.6440837359910234,-253.1860620921756,0.0,14532.703341320776,90843.72289954727,slow_locomotion_2,1,28308504.904681325,0.0,378
Peromyscus_californicus,33,1.5995161755503138,463.0661496190273,0.0,157622.44993145586,52013.45778939877,jump_1,1,28308504.904681325,0.0,378
Peromyscus_californicus,34,2.4852931125844075,1342.293325071749,0.0,476897.42637922533,85168.14805988681,very_slow_locomotion,1,28308504.904681325,0.0,378
Peromyscus_californicus,35,-0.15624443082827197,-31.304747063460415,5.01246784003525e-215,83471.06204446655,93018.68585614923,groom_2,1,28308504.904681325,0.0,378
Peromyscus_californicus,36,-1.3628213200708421,-173.32668612955175,0.0,31271.17265314112,80425.59146013616,groom_3,1,28308504.904681325,0.0,378
Peromyscus_californicus,37,-0.8165884195694569,-122.47745765692652,0.0,45592.252061543215,80298.72572158457,groom_4,1,28308504.904681325,0.0,378
Peromyscus_californicus,38,-2.5007578283286027,-188.08239422982436,0.0,9220.615531209563,52187.08412642081,brief_fast,1,28308504.904681325,0.0,378
Peromyscus_californicus,39,0.02465945229357079,3.717254247826733,0.0002145663062148827,47295.10397118805,46493.57589185675,paused_in_rear,1,28308504.904681325,0.0,378
Peromyscus_californicus,40,-3.218741206671765,-206.23272974733445,0.0,5734.264726869924,53384.52589231807,groom_5,1,28308504.904681325,0.0,378
Peromyscus_californicus,41,0.8150359531681979,180.97473961041516,0.0,99933.55836043984,56801.66710727415,jump_2,1,28308504.904681325,0.0,378
Peromyscus_californicus,42,0.1404044687976005,23.191197865528636,6.734606016074398e-119,56740.195223583774,51478.37972499393,groom_6,1,28308504.904681325,0.0,378
Peromyscus_californicus,43,-9.634662316576376,-161.7489256167721,0.0,32.995432022531425,26228.664294259044,syllable_43,1,28308504.904681325,0.0,378
Peromyscus_californicus,44,-2.399220944376184,-135.06416432982618,0.0,5265.122385249389,27774.480278689523,groom_7,1,28308504.904681325,0.0,378
Peromyscus_californicus,45,-0.15932134894596559,-12.518979327274021,6.649342293931077e-36,12838.00819283123,14336.99565044927,idle_enter_groom,1,28308504.904681325,0.0,378
Peromyscus_californicus,46,-1.8554788733618441,-104.60897011998348,0.0,5774.508528485221,20896.320673713053,syllable_46,1,28308504.904681325,0.0,378
Peromyscus_californicus,47,-4.380852224042911,-128.09318938893207,0.0,868.979100948045,18104.113252951032,groom_10,1,28308504.904681325,0.0,378
Peromyscus_californicus,48,-3.6652991389930722,-123.42311594805246,0.0,1414.9424831113602,17951.625113257385,groom_11,1,28308504.904681325,0.0,378
Peromyscus_californicus,49,-1.149484709398259,-28.56094482472974,2.53180430817346e-179,1219.0819422555796,2704.346124303323,syllable_49,1,28308504.904681325,0.0,378
Peromyscus_californicus,50,-40.50702595379505,-39.52891770667357,0.0,0.0,1562.5353350619712,syllable_50,1,28308504.904681325,0.0,378
Peromyscus_californicus,52,-3.803214641631155,-4.806970537459897,1.6404673364440463e-06,1.9205368413663764,26.810463977400538,syllable_52,1,28308504.904681325,0.0,378
Peromyscus_californicus,61,-42.454107156434354,-77.62110957977646,0.0,0.0,6025.036652396664,syllable_61,1,28308504.904681325,0.0,378
Peromyscus_californicus,73,0.14187573234809484,0.29246871392848794,0.7752138261395426,8.837749801636317,8.010006183416037,73,1,28308504.904681325,0.0,378
Peromyscus_californicus,94,-32.946419532815206,-2.8769364224392144,0.0041967899347259705,0.0,8.276763179757346,94,1,28308504.904681325,0.0,378
Peromyscus_gossypinus,0,0.05289896213280074,15.662536832263948,3.133940494855496e-55,182444.31240040393,175875.82785175223,head_low,1,28308504.904681325,0.0,378
Peromyscus_gossypinus,1,0.134397048893902,38.69359256777622,0.0,172398.57398836123,157063.80925426286,head_down,1,28308504.904681325,0.0,378
Peromyscus_gossypinus,2,0.47327111154508045,150.08106701524665,0.0,207438.65623215583,149424.18295058294,sniff_floor,1,28308504.904681325,0.0,378
Peromyscus_gossypinus,3,0.2547239536346823,71.4136374546859,0.0,163171.34242239868,136761.6512713871,step_to_stop,1,28308504.904681325,0.0,378
Peromyscus_gossypinus,4,-1.1876699048207295,-185.88439810534913,0.0,48200.71054704438,109793.772262954,turn_left,1,28308504.904681325,0.0,378
Peromyscus_gossypinus,5,-0.39177096010444173,-72.32863684074258,0.0,70507.93240352353,92506.61507377442,enter_rear,1,28308504.904681325,0.0,378
Peromyscus_gossypinus,6,-1.0835053126719394,-162.0585773261546,0.0,44433.72244661114,94163.00237379037,turn_right,1,28308504.904681325,0.0,378
Peromyscus_gossypinus,7,0.8623382972651206,288.46511892398456,0.0,226093.6165831103,124365.12392925832,extend_rear,1,28308504.904681325,0.0,378
Peromyscus_gossypinus,8,0.5513338378257409,137.18265111312863,0.0,127303.14028116484,86870.25453839544,extend_rear_2,1,28308504.904681325,0.0,378
Peromyscus_gossypinus,9,0.287207510327194,64.84526879106679,0.0,105749.96636329163,86660.69393428952,still,1,28308504.904681325,0.0,378
Peromyscus_gossypinus,10,1.233304642736601,424.2429132754564,0.0,231818.79637069436,98602.27954678077,motionless_rear,1,28308504.904681325,0.0,378
Peromyscus_gossypinus,11,-1.5259463062306227,-225.27146573798015,0.0,41358.5468212218,119102.50091043499,start_moving,1,28308504.904681325,0.0,378
Peromyscus_gossypinus,12,0.3467080025862907,65.71460812505308,0.0,74414.23565503913,58517.601452653376,syllable_12,1,28308504.904681325,0.0,378
Peromyscus_gossypinus,13,-0.9763330744445662,-159.14377816698672,0.0,53237.82940318345,104743.2105025274,take_a_step,1,28308504.904681325,0.0,378
Peromyscus_gossypinus,14,-2.1672192010388116,-326.49541127144295,0.0,39274.54131721487,176404.27609531317,curve_spine,1,28308504.904681325,0.0,378
Peromyscus_gossypinus,15,0.3937190139429868,77.57595062232227,0.0,80303.92295731764,61124.529417661404,syllable_15,1,28308504.904681325,0.0,378
Peromyscus_gossypinus,16,-1.569543857032449,-238.08528300095907,0.0,43435.69594715061,128921.86066816418,brief_walk,1,28308504.904681325,0.0,378
Peromyscus_gossypinus,17,0.21138106792880246,53.631837716749786,0.0,133747.43466745448,115518.99950093564,slow_locomotion,1,28308504.904681325,0.0,378
Peromyscus_gossypinus,18,-1.4400741395853278,-155.5862783529735,0.0,22374.68283751327,60710.30292600478,leave_rear_turn_right_2,1,28308504.904681325,0.0,378
Peromyscus_gossypinus,19,0.012966412585925373,2.7057347940991736,0.007072527846029729,90631.0338753993,89820.124999617,high_rear,1,28308504.904681325,0.0,378
Peromyscus_gossypinus,20,0.09484480346791414,16.476800788408756,6.236487844749352e-61,62793.019536535685,58797.68628905113,enter_wall_rear,1,28308504.904681325,0.0,378
Peromyscus_gossypinus,21,-1.1502907360907937,-128.55785844201813,0.0,24662.90744397347,54741.44892867282,leave_rear_turn_left_2,1,28308504.904681325,0.0,378
Peromyscus_gossypinus,22,1.2462359581836218,404.60478661209225,0.0,206239.0394537543,86939.36668546381,stopping,1,28308504.904681325,0.0,378
Peromyscus_gossypinus,23,-0.7196203516127119,-146.38475559499472,0.0,84362.2157293128,138923.36334234278,scrunch_idle,1,28308504.904681325,0.0,378
Peromyscus_gossypinus,24,0.5207983047019106,93.39413912217641,0.0,66212.21277286217,46148.98892957437,end_and_enter_rear,1,28308504.904681325,0.0,378
Peromyscus_gossypinus,25,-0.5328275705137294,-61.84202950427879,0.0,27721.209398097457,40105.99124170654,syllable_25,1,28308504.904681325,0.0,378
Peromyscus_gossypinus,26,1.6297303879566587,664.3382935223391,0.0,311310.7864433368,100599.64240486066,still_2,1,28308504.904681325,0.0,378
Peromyscus_gossypinus,27,-0.847679480509351,-119.8191936291681,0.0,40409.159464542514,72720.48509883964,stop_rear_start_walking,1,28308504.904681325,0.0,378
Peromyscus_gossypinus,28,-2.1673163118529155,-255.04445566033309,0.0,23963.086435071957,107639.07927181204,mid_rear_2,1,28308504.904681325,0.0,378
Peromyscus_gossypinus,29,-1.3299851169233283,-138.14889543755635,0.0,20931.87007499114,52622.73840850793,mid_rear_3,1,28308504.904681325,0.0,378
Peromyscus_gossypinus,30,-0.6048705930974024,-69.65252986665756,0.0,27198.5301845306,41364.67603370762,syllable_30,1,28308504.904681325,0.0,378
Peromyscus_gossypinus,31,-0.9561896775709291,-123.69604480187097,0.0,33583.999248974564,65158.9663145636,groom_1,1,28308504.904681325,0.0,378
Peromyscus_gossypinus,32,-3.212345362149879,-246.95754227465986,0.0,8267.934635971747,76631.8561467745,slow_locomotion_2,1,28308504.904681325,0.0,378
Peromyscus_gossypinus,33,-0.22818040463376982,-30.642689607923646,4.098927052025197e-206,37457.69085085435,43876.3151464084,jump_1,1,28308504.904681325,0.0,378
Peromyscus_gossypinus,34,-1.4768618982422352,-171.73991960944142,0.0,25811.419788928357,71844.18539990245,very_slow_locomotion,1,28308504.904681325,0.0,378
Peromyscus_gossypinus,35,0.15045135847192406,30.78972775943498,4.4704311450336956e-208,87091.34396851082,78466.56132061669,groom_2,1,28308504.904681325,0.0,378
Peromyscus_gossypinus,36,-0.0020407932259851494,-0.3681897326500743,0.7192705891383697,67747.66706173825,67843.56869772369,groom_3,1,28308504.904681325,0.0,378
Peromyscus_gossypinus,37,-0.16646428790310125,-28.362440200716044,7.226102063247057e-177,60354.871644491206,67736.55021899632,groom_4,1,28308504.904681325,0.0,378
Peromyscus_gossypinus,38,2.098599253803811,688.8121563258412,0.0,188546.63127948175,44022.778854161515,brief_fast,1,28308504.904681325,0.0,378
Peromyscus_gossypinus,39,0.5741563601157686,96.80343101334121,0.0,58390.96563548703,39219.98026692129,paused_in_rear,1,28308504.904681325,0.0,378
Peromyscus_gossypinus,40,-0.48922623447277996,-61.02996084219553,0.0,32081.749243051607,45032.88920872997,groom_5,1,28308504.904681325,0.0,378
Peromyscus_gossypinus,41,-0.4677691801158374,-60.61627042993894,0.0,34646.78564207348,47915.44251741909,jump_2,1,28308504.904681325,0.0,378
Peromyscus_gossypinus,42,0.22641710429013262,35.410260055275906,1.5008629415374565e-274,50803.96756827163,43424.94631265743,groom_6,1,28308504.904681325,0.0,378
Peromyscus_gossypinus,43,-4.323120249524163,-141.31484386563392,0.0,1105.3548614730323,22125.372727648493,syllable_43,1,28308504.904681325,0.0,378
Peromyscus_gossypinus,44,-0.45922350841927495,-41.729352568763076,0.0,17041.9902083973,23429.35658440048,groom_7,1,28308504.904681325,0.0,378
Peromyscus_gossypinus,45,1.3257870784428731,165.695967792415,0.0,30316.164368471065,12094.072690933666,idle_enter_groom,1,28308504.904681325,0.0,378
Peromyscus_gossypinus,46,-0.2203733346578946,-18.807422299989597,7.744644151552165e-79,15130.220645547275,17627.237069924497,syllable_46,1,28308504.904681325,0.0,378
Peromyscus_gossypinus,47,-1.9347605237109968,-91.2553465722144,0.0,3994.5763533327126,15271.851022653009,groom_10,1,28308504.904681325,0.0,378
Peromyscus_gossypinus,48,-1.5990914283973965,-82.43828213530875,0.0,4998.546143171566,15143.218588709116,groom_11,1,28308504.904681325,0.0,378
Peromyscus_gossypinus,49,-2.8029260091151533,-40.918429274643714,0.0,326.89772043480696,2281.270037753288,syllable_49,1,28308504.904681325,0.0,378
Peromyscus_gossypinus,50,4.000359295834211,544.7268238751651,0.0,21094.6541675006,1318.0875816056828,syllable_50,1,28308504.904681325,0.0,378
Peromyscus_gossypinus,52,-34.39663455516685,-4.755644426131844,2.1125807451688046e-06,0.0,22.616153908798875,syllable_52,1,28308504.904681325,0.0,378
Peromyscus_gossypinus,61,-42.208664576088495,-71.29138585222778,0.0,0.0,5082.461696732224,syllable_61,1,28308504.904681325,0.0,378
Peromyscus_gossypinus,73,3.7263739546483614,31.805787758537083,6.729770221420498e-222,89.43296059706299,6.7568965910948044,73,1,28308504.904681325,0.0,378
Peromyscus_gossypinus,94,4.001346063832851,39.6744522933335,0.0,111.81501810716615,6.981921316164441,94,1,28308504.904681325,0.0,378
Peromyscus_leucopus,0,-0.4900535622576255,-69.98856288813204,0.0,42047.90122066572,59056.151914070666,head_low,1,28308504.904681325,0.0,378
Peromyscus_leucopus,1,-0.5418452474089835,-71.90548324054694,0.0,36226.25534803082,52739.39172210102,head_down,1,28308504.904681325,0.0,378
Peromyscus_leucopus,2,-0.08070977517303049,-12.187093396974037,4.098190940713832e-34,47444.27525450607,50174.13339713585,sniff_floor,1,28308504.904681325,0.0,378
Peromyscus_leucopus,3,-1.1646913898912523,-118.70654114502908,0.0,20484.071456262227,45922.26772805906,step_to_stop,1,28308504.904681325,0.0,378
Peromyscus_leucopus,4,0.31179726164446614,46.32241140470633,0.0,45761.16005274598,36866.90645996747,turn_left,1,28308504.904681325,0.0,378
Peromyscus_leucopus,5,-0.6344583647373703,-62.71090259385244,0.0,20009.70940016617,31062.16914275553,enter_rear,1,28308504.904681325,0.0,378
Peromyscus_leucopus,6,0.3572832039446829,49.968168417348345,0.0,40503.47164142239,31618.35620503184,turn_right,1,28308504.904681325,0.0,378
Peromyscus_leucopus,7,-0.827096023664461,-89.1663830555561,0.0,23538.39708020692,41759.721851994866,extend_rear,1,28308504.904681325,0.0,378
Peromyscus_leucopus,8,-0.3931622540807961,-40.74070828684009,0.0,22211.426566068847,29169.573849328477,extend_rear_2,1,28308504.904681325,0.0,378
Peromyscus_leucopus,9,-0.45108690022008885,-45.803486512672286,0.0,21285.8239085399,29099.206914756225,still,1,28308504.904681325,0.0,378
Peromyscus_leucopus,10,-1.2009350462392228,-102.80792673898004,0.0,14402.187940151567,33108.99099162554,motionless_rear,1,28308504.904681325,0.0,378
Peromyscus_leucopus,11,-1.8532718113065954,-144.63385862912102,0.0,11068.517750945426,39992.62134556209,start_moving,1,28308504.904681325,0.0,378
Peromyscus_leucopus,12,0.3708495638061513,41.0874740969102,0.0,25408.69438986348,19649.228681657693,syllable_12,1,28308504.904681325,0.0,378
Peromyscus_leucopus,13,-1.9996980157269684,-140.64470709204764,0.0,8794.593829211308,35171.01256585849,take_a_step,1,28308504.904681325,0.0,378
Peromyscus_leucopus,14,-1.6056806049153538,-163.40972814045367,0.0,19463.013019437894,59233.59596725099,curve_spine,1,28308504.904681325,0.0,378
Peromyscus_leucopus,15,0.14521312892788216,15.170806640883468,6.30792089550189e-52,22698.022727118692,20524.59134980288,syllable_15,1,28308504.904681325,0.0,378
Peromyscus_leucopus,16,0.5322356817571475,92.8307174045618,0.0,62604.34270404787,43289.79758993017,brief_walk,1,28308504.904681325,0.0,378
Peromyscus_leucopus,17,0.07082743691217451,9.91031357467089,4.150879135577877e-23,40741.17894581232,38789.34170100477,slow_locomotion,1,28308504.904681325,0.0,378
Peromyscus_leucopus,18,0.1185002973251267,12.222604145648168,2.6560270038819167e-34,22130.61761183717,20385.501044347562,leave_rear_turn_right_2,1,28308504.904681325,0.0,378
Peromyscus_leucopus,19,-2.446200006751689,-141.7999337704138,0.0,5534.177292188333,30160.09085335686,high_rear,1,28308504.904681325,0.0,378
Peromyscus_leucopus,20,-0.14060541131297788,-13.048054260859086,7.392809470494162e-39,17909.88431962769,19743.276470084173,enter_wall_rear,1,28308504.904681325,0.0,378
Peromyscus_leucopus,21,0.0715949172686593,6.89788523322854,5.7485738149384685e-12,19316.45809926814,18381.260025414205,leave_rear_turn_left_2,1,28308504.904681325,0.0,378
Peromyscus_leucopus,22,0.34249863427656935,45.78177236582266,0.0,37015.006071204705,29192.780548658513,stopping,1,28308504.904681325,0.0,378
Peromyscus_leucopus,23,-0.6860258968525516,-81.73535508950125,0.0,28994.785927499724,46648.13436940586,scrunch_idle,1,28308504.904681325,0.0,378
Peromyscus_leucopus,24,0.2577488918479555,24.35035885619324,6.965806986905074e-131,18527.265654149294,15496.056133438447,end_and_enter_rear,1,28308504.904681325,0.0,378
Peromyscus_leucopus,25,-0.9152117021160704,-54.511241006959715,0.0,7141.049939756635,13466.918907304593,syllable_25,1,28308504.904681325,0.0,378
Peromyscus_leucopus,26,1.3029338465061722,269.67891157554055,0.0,83344.62511422843,33779.67192495832,still_2,1,28308504.904681325,0.0,378
Peromyscus_leucopus,27,1.8212947152035945,395.96920739106105,0.0,86293.90014614114,24418.31869517593,stop_rear_start_walking,1,28308504.904681325,0.0,378
Peromyscus_leucopus,28,-2.3200423220060693,-152.04160121743288,0.0,7238.134257578677,36143.39670784667,mid_rear_2,1,28308504.904681325,0.0,378
Peromyscus_leucopus,29,-1.2956633112081286,-78.77988808026086,0.0,7197.7857250694005,17669.832583285744,mid_rear_3,1,28308504.904681325,0.0,378
Peromyscus_leucopus,30,-1.2067182345480554,-66.79339382293345,0.0,6017.6958380481965,13889.56414057111,syllable_30,1,28308504.904681325,0.0,378
Peromyscus_leucopus,31,0.5085408350142147,62.51107837833461,0.0,31125.70676953671,21879.287564634735,groom_1,1,28308504.904681325,0.0,378
Peromyscus_leucopus,32,-4.248635591277322,-151.97246596662103,0.0,1353.635020630316,25731.69146288705,slow_locomotion_2,1,28308504.904681325,0.0,378
Peromyscus_leucopus,33,-0.624604364929431,-42.65296902610697,0.0,9555.743600590617,14732.93041099462,jump_1,1,28308504.904681325,0.0,378
Peromyscus_leucopus,34,-3.736147022345051,-143.66370243304763,0.0,1810.332271436689,24124.071959994624,very_slow_locomotion,1,28308504.904681325,0.0,378
Peromyscus_leucopus,35,0.8038044922861294,121.04173254990386,0.0,45995.23836544856,26347.75467513976,groom_2,1,28308504.904681325,0.0,378
Peromyscus_leucopus,36,0.6265468358411342,82.08714402959367,0.0,35170.38044222658,22780.73199907069,groom_3,1,28308504.904681325,0.0,378
Peromyscus_leucopus,37,0.5699156744942198,73.05974660600776,0.0,33763.21372318824,22744.796989612405,groom_4,1,28308504.904681325,0.0,378
Peromyscus_leucopus,38,3.4289159629153483,1187.825661561427,0.0,159199.97708117627,14782.110466495235,brief_fast,1,28308504.904681325,0.0,378
Peromyscus_leucopus,39,-1.5439253335284893,-75.40165741360474,0.0,4516.463706814143,13169.411288642199,paused_in_rear,1,28308504.904681325,0.0,378
Peromyscus_leucopus,40,0.8192069337727542,94.0016367749607,0.0,26680.54282877791,15121.288574584381,groom_5,1,28308504.904681325,0.0,378
Peromyscus_leucopus,41,-1.112173225472786,-68.16596747399976,0.0,7442.811028348327,16089.201608329095,jump_2,1,28308504.904681325,0.0,378
Peromyscus_leucopus,42,0.9504875967758882,112.60558930534343,0.0,28178.868972824253,14581.368330287632,groom_6,1,28308504.904681325,0.0,378
Peromyscus_leucopus,43,-6.945631272402605,-85.4943066035875,0.0,60.27069981007369,7429.328913014851,syllable_43,1,28308504.904681325,0.0,378
Peromyscus_leucopus,44,0.25079299628016527,16.84012629212185,1.4392484835643165e-63,9360.856057292109,7867.184812136774,groom_7,1,28308504.904681325,0.0,378
Peromyscus_leucopus,45,-0.2664864991878102,-10.747896505893873,6.77069239148528e-27,3376.067609173071,4060.9866791792692,idle_enter_groom,1,28308504.904681325,0.0,378
Peromyscus_leucopus,46,-0.1747399586912763,-8.776144319594897,1.8516634404855535e-18,5243.74140997627,5918.930434853546,syllable_46,1,28308504.904681325,0.0,378
Peromyscus_leucopus,47,0.2931752855296307,16.13624372405312,1.6346768232772427e-58,6283.552154094127,5128.0313219794525,groom_10,1,28308504.904681325,0.0,378
Peromyscus_leucopus,48,0.33359507199973015,18.5507655393308,9.458677511525912e-77,6407.657718546804,5084.838709027147,groom_11,1,28308504.904681325,0.0,378
Peromyscus_leucopus,49,-1.7755704007875621,-19.59308198689188,2.106478689652127e-85,223.73593166946705,766.0122004948599,syllable_49,1,28308504.904681325,0.0,378
Peromyscus_leucopus,50,-38.68718541812749,-21.037863324865924,3.522280255286727e-98,0.0,442.5916932767388,syllable_50,1,28308504.904681325,0.0,378
Peromyscus_leucopus,52,-32.82223659996904,-2.7557440007493024,0.006091223662724719,0.0,7.594124998665771,syllable_52,1,28308504.904681325,0.0,378
Peromyscus_leucopus,61,-40.63426662076507,-41.31108032307865,0.0,0.0,1706.6053574608559,syllable_61,1,28308504.904681325,0.0,378
Peromyscus_leucopus,73,-31.07931567529162,-1.506271057310808,0.13475393531953214,0.0,2.26885249909222,73,1,28308504.904681325,0.0,378
Peromyscus_leucopus,94,-31.126578997586385,-1.5311472904350163,0.12865701748586075,0.0,2.344412026006492,94,1,28308504.904681325,0.0,378
Peromyscus_maniculatus,0,0.035695001196629404,27.183117744712412,1.257058367329818e-162,1207009.4047858913,1177512.1254935928,head_low,1,28308504.904681325,0.0,378
Peromyscus_maniculatus,1,-0.4122563653374243,-254.88034538060938,0.0,790194.1816981585,1051563.1518675731,head_down,1,28308504.904681325,0.0,378
Peromyscus_maniculatus,2,0.024802664556968407,17.344124552817508,2.549915652877753e-67,1017762.5564568136,1000414.8348037554,sniff_floor,1,28308504.904681325,0.0,378
Peromyscus_maniculatus,3,-0.38011587313131395,-221.63869142853255,0.0,703553.7618719334,915637.4963040729,step_to_stop,1,28308504.904681325,0.0,378
Peromyscus_maniculatus,4,0.10847073174279165,66.94763841877446,0.0,792482.870857555,735083.9494116554,turn_left,1,28308504.904681325,0.0,378
Peromyscus_maniculatus,5,0.0012030795721872927,0.6565486602686814,0.5173501483534617,619860.8197179349,619344.1262977545,enter_rear,1,28308504.904681325,0.0,378
Peromyscus_maniculatus,6,0.12882965030439858,74.16451069413755,0.0,689320.3817532202,630433.8601975512,turn_right,1,28308504.904681325,0.0,378
Peromyscus_maniculatus,7,0.13539414224182192,89.78266039342482,0.0,914567.0242289954,832641.0923202719,extend_rear,1,28308504.904681325,0.0,378
Peromyscus_maniculatus,8,0.38458458328035255,232.97181559157664,0.0,759279.7594349803,581607.9407449758,extend_rear_2,1,28308504.904681325,0.0,378
Peromyscus_maniculatus,9,-0.6961371207210629,-291.5660439193562,0.0,358115.6010885993,580204.9045496408,still,1,28308504.904681325,0.0,378
Peromyscus_maniculatus,10,0.18013508624945562,108.05428005224695,0.0,747949.4598585935,660155.4129741457,motionless_rear,1,28308504.904681325,0.0,378
Peromyscus_maniculatus,11,-0.9133672872600785,-418.8556488112305,0.0,423378.85461752425,797407.129289323,start_moving,1,28308504.904681325,0.0,378
Peromyscus_maniculatus,12,0.30804102608686246,148.98630666651528,0.0,485037.5246083501,391783.14670610573,syllable_12,1,28308504.904681325,0.0,378
Peromyscus_maniculatus,13,-1.1496972397153242,-459.97740099708267,0.0,316076.1739424615,701269.7647900515,take_a_step,1,28308504.904681325,0.0,378
Peromyscus_maniculatus,14,-0.5833823212133467,-361.4597861852756,0.0,788229.6442160124,1181050.1569677836,curve_spine,1,28308504.904681325,0.0,378
Peromyscus_maniculatus,15,0.2059193760205833,98.14599923759239,0.0,472022.4674654767,409236.8771395611,syllable_15,1,28308504.904681325,0.0,378
Peromyscus_maniculatus,16,0.9743469554847628,896.3103765106734,0.0,1695873.5159078166,863149.0525572323,brief_walk,1,28308504.904681325,0.0,378
Peromyscus_maniculatus,17,0.8600619337688682,716.846001155229,0.0,1403838.317955165,773415.1093912524,slow_locomotion,1,28308504.904681325,0.0,378
Peromyscus_maniculatus,18,-0.09736649440888216,-41.60764283181226,0.0,379936.8325602408,406463.5755290778,leave_rear_turn_right_2,1,28308504.904681325,0.0,378
Peromyscus_maniculatus,19,0.02856263856670401,15.505880330252266,3.627114097283068e-54,613382.1019025644,601357.7169316817,high_rear,1,28308504.904681325,0.0,378
Peromyscus_maniculatus,20,0.6654797723541853,367.72929594746535,0.0,624379.7982503175,393658.35204303946,enter_wall_rear,1,28308504.904681325,0.0,378
Peromyscus_maniculatus,21,-0.008809535385252696,-3.685453480948753,0.00024263319650515746,364270.15228247346,366501.3019010975,leave_rear_turn_left_2,1,28308504.904681325,0.0,378
Peromyscus_maniculatus,22,-0.19913966310277578,-98.36538569550443,0.0,507024.2060006476,582070.6557876619,stopping,1,28308504.904681325,0.0,378
Peromyscus_maniculatus,23,-0.22703834212946772,-140.43239740649,0.0,794674.3058406294,930110.4469446905,scrunch_idle,1,28308504.904681325,0.0,378
Peromyscus_maniculatus,24,0.5765400036525534,273.0735278762841,0.0,460762.6407787437,308973.6361590751,end_and_enter_rear,1,28308504.904681325,0.0,378
Peromyscus_maniculatus,25,0.48490103777502896,207.00937227127406,0.0,375783.96567315975,268514.96063379466,syllable_25,1,28308504.904681325,0.0,378
Peromyscus_maniculatus,26,-0.2858299407321169,-147.50250178552704,0.0,552474.5596915155,673528.0237139346,still_2,1,28308504.904681325,0.0,378
Peromyscus_maniculatus,27,0.7315058166067818,460.7826601640489,0.0,808390.4855637279,486873.34707437846,stop_rear_start_walking,1,28308504.904681325,0.0,378
Peromyscus_maniculatus,28,-0.46897543919556683,-235.59322934631174,0.0,520659.18365418416,720657.9924465838,mid_rear_2,1,28308504.904681325,0.0,378
Peromyscus_maniculatus,29,0.26674549602546854,120.54703377009629,0.0,423868.43191576935,352316.2523784997,mid_rear_3,1,28308504.904681325,0.0,378
Peromyscus_maniculatus,30,0.42192207548732213,178.77399483963555,0.0,371022.340874346,276942.02319753106,syllable_30,1,28308504.904681325,0.0,378
Peromyscus_maniculatus,31,-0.14210140480318634,-61.95519001378977,0.0,395327.14319275983,436247.97027082084,groom_1,1,28308504.904681325,0.0,378
Peromyscus_maniculatus,32,-1.8007318174875886,-510.6886223839034,0.0,147263.21821601546,513060.4979324832,slow_locomotion_2,1,28308504.904681325,0.0,378
Peromyscus_maniculatus,33,0.4776623340434228,212.72490494057877,0.0,409053.4603129204,293757.78205532045,jump_1,1,28308504.904681325,0.0,378
Peromyscus_maniculatus,34,-2.8699961854064866,-598.6780893042102,0.0,65795.45869870235,481006.4037105941,very_slow_locomotion,1,28308504.904681325,0.0,378
Peromyscus_maniculatus,35,0.2590300993219721,142.5504924572486,0.0,628665.5810395099,525344.0937812886,groom_2,1,28308504.904681325,0.0,378
Peromyscus_maniculatus,36,0.34804634300673976,183.88036125398082,0.0,578149.7031407824,454221.7412938893,groom_3,1,28308504.904681325,0.0,378
Peromyscus_maniculatus,37,0.40695856478095355,219.46188015533914,0.0,601297.0079766595,453505.2383048624,groom_4,1,28308504.904681325,0.0,378
Peromyscus_maniculatus,38,-0.5670425112385904,-176.4423785372002,0.0,198948.13931281565,294738.3761138139,brief_fast,1,28308504.904681325,0.0,378
Peromyscus_maniculatus,39,-1.1256982702380707,-277.592702400434,0.0,120336.57838387144,262582.99898293364,paused_in_rear,1,28308504.904681325,0.0,378
Peromyscus_maniculatus,40,0.3386375365777601,145.2685655074164,0.0,381266.8977309474,301501.19966449274,groom_5,1,28308504.904681325,0.0,378
Peromyscus_maniculatus,41,0.5210818309716108,246.3981839548663,0.0,460358.3215885583,320800.2785363441,jump_2,1,28308504.904681325,0.0,378
Peromyscus_maniculatus,42,-0.19343418791806083,-67.65789271362331,0.0,254254.7239890596,290735.80751053145,groom_6,1,28308504.904681325,0.0,378
Peromyscus_maniculatus,43,-4.093064458135494,-362.32737664457886,0.0,8679.898622942987,148132.32145711142,syllable_43,1,28308504.904681325,0.0,378
Peromyscus_maniculatus,44,-0.47551192593492825,-111.20877405336697,0.0,112817.44046892964,156862.66730126928,groom_7,1,28308504.904681325,0.0,378
Peromyscus_maniculatus,45,0.4196716077575512,96.0722553521516,0.0,108309.2504092383,80971.42975315034,idle_enter_groom,1,28308504.904681325,0.0,378
Peromyscus_maniculatus,46,-0.15493774272941277,-34.98184075993471,5.357408100624501e-268,105999.19588458708,118016.70327477841,syllable_46,1,28308504.904681325,0.0,378
Peromyscus_maniculatus,47,-0.9671908230538651,-156.202891342307,0.0,52299.49108869869,102247.07953081277,groom_10,1,28308504.904681325,0.0,378
Peromyscus_maniculatus,48,-1.1913552569253874,-178.98185604342098,0.0,44395.99121810407,101385.8682287778,groom_11,1,28308504.904681325,0.0,378
Peromyscus_maniculatus,49,-0.829119944621321,-54.02267682312997,0.0,8596.980793094834,15273.407174770893,syllable_49,1,28308504.904681325,0.0,378
Peromyscus_maniculatus,50,-9.820171970979034,-93.83634176072823,0.0,9.761963415998988,8824.772163184756,syllable_50,1,28308504.904681325,0.0,378
Peromyscus_maniculatus,52,1.129344236113439,14.613577854612554,2.6230073908846666e-48,331.2412957083356,151.41816692449285,syllable_52,1,28308504.904681325,0.0,378
Peromyscus_maniculatus,61,-10.176526062956173,-184.3067499351568,0.0,29.403142657072813,34027.7589499307,syllable_61,1,28308504.904681325,0.0,378
Peromyscus_maniculatus,73,-35.39682642676423,-6.725944089868443,1.89067292710746e-11,0.0,45.23832390103623,73,1,28308504.904681325,0.0,378
Peromyscus_maniculatus,94,-35.444089749078465,-6.837023800441383,8.784280868446903e-12,0.0,46.74489444880192,94,1,28308504.904681325,0.0,378
Peromyscus_polionotus,0,0.06095726925371101,22.72051715872768,3.37671872926925e-114,289114.50852992863,277153.2143322825,head_low,1,28308504.904681325,0.0,378
Peromyscus_polionotus,1,0.14481439087764417,52.530456685099644,0.0,273642.384819784,247508.3706601456,head_down,1,28308504.904681325,0.0,378
Peromyscus_polionotus,2,-0.09203157869176307,-29.988252731928046,1.725902961581593e-197,220917.63695273336,235469.49634623434,sniff_floor,1,28308504.904681325,0.0,378
Peromyscus_polionotus,3,-0.9390550457113147,-222.10250891526223,0.0,112407.26074364952,215515.29684457427,step_to_stop,1,28308504.904681325,0.0,378
Peromyscus_polionotus,4,0.2723157880672089,86.41241741291434,0.0,208961.69975421924,173018.07342162932,turn_left,1,28308504.904681325,0.0,378
Peromyscus_polionotus,5,0.40142540521898623,122.48819077379558,0.0,192542.959534179,145776.1764527798,enter_rear,1,28308504.904681325,0.0,378
Peromyscus_polionotus,6,0.3068330083010596,91.29053442483432,0.0,183552.37223690524,148386.38770230726,turn_right,1,28308504.904681325,0.0,378
Peromyscus_polionotus,7,-0.6472533553784005,-160.03714839369263,0.0,125132.37781827184,195980.27920516883,extend_rear,1,28308504.904681325,0.0,378
Peromyscus_polionotus,8,0.3664440448173,106.99111394765869,0.0,176480.00538327178,136894.14042431177,extend_rear_2,1,28308504.904681325,0.0,378
Peromyscus_polionotus,9,0.0009751100594037454,0.24985833316515826,0.8063621893492106,136656.23922344318,136563.90519110888,still,1,28308504.904681325,0.0,378
Peromyscus_polionotus,10,-1.0981629954353884,-210.05702009752028,0.0,72580.62751102663,155382.00473981907,motionless_rear,1,28308504.904681325,0.0,378
Peromyscus_polionotus,11,-0.5307040525048529,-133.3405294141812,0.0,129920.23795732913,187687.19593556013,start_moving,1,28308504.904681325,0.0,378
Peromyscus_polionotus,12,0.0005936997341801933,0.1249918857255729,0.9025812953400457,92252.68248703956,92214.72635391918,syllable_12,1,28308504.904681325,0.0,378
Peromyscus_polionotus,13,-0.20009096435366208,-52.614336093544686,0.0,143683.29020644914,165059.16603120707,take_a_step,1,28308504.904681325,0.0,378
Peromyscus_polionotus,14,0.618263957437229,282.0895978258466,0.0,426715.9435438167,277985.96736662573,curve_spine,1,28308504.904681325,0.0,378
Peromyscus_polionotus,15,0.21895008683533718,50.863613280189966,0.0,112108.83444555796,96322.8432785696,syllable_15,1,28308504.904681325,0.0,378
Peromyscus_polionotus,16,0.13518710113577376,44.27794385911223,0.0,223118.56208438243,203160.99442612738,brief_walk,1,28308504.904681325,0.0,378
Peromyscus_polionotus,17,0.05770481413978315,17.411472014021665,7.901879012998697e-68,189468.9567800576,182040.14968515572,slow_locomotion,1,28308504.904681325,0.0,378
Peromyscus_polionotus,18,0.5753396982951591,151.56859111254698,0.0,142551.13247395118,95670.08613151591,leave_rear_turn_right_2,1,28308504.904681325,0.0,378
Peromyscus_polionotus,19,-0.37307660265342496,-85.7280575160285,0.0,109289.93612132952,141542.68189915584,high_rear,1,28308504.904681325,0.0,378
Peromyscus_polionotus,20,0.2626270320743733,60.7758002908837,0.0,111155.92476988476,92656.09691428296,enter_wall_rear,1,28308504.904681325,0.0,378
Peromyscus_polionotus,21,0.4196862421785747,99.16640338971649,0.0,115390.00738067758,86264.09162137173,leave_rear_turn_left_2,1,28308504.904681325,0.0,378
Peromyscus_polionotus,22,0.748961097763787,251.91016750933758,0.0,230244.8862728249,137003.05052266564,stopping,1,28308504.904681325,0.0,378
Peromyscus_polionotus,23,0.11755687034559899,39.72210161637008,0.0,237507.42890752337,218921.8220973297,scrunch_idle,1,28308504.904681325,0.0,378
Peromyscus_polionotus,24,0.1905001371175877,38.06688362636376,0.0,82989.32096385938,72723.69816958351,end_and_enter_rear,1,28308504.904681325,0.0,378
Peromyscus_polionotus,25,0.020658048648620475,3.6256787660913283,0.0003055650938050454,64112.35236662338,63200.86462359528,syllable_25,1,28308504.904681325,0.0,378
Peromyscus_polionotus,26,-0.932258143485889,-189.50814133594034,0.0,83075.4183850175,158529.5409479862,still_2,1,28308504.904681325,0.0,378
Peromyscus_polionotus,27,-1.8657688100797571,-245.63844334907716,0.0,31442.57862321933,114596.28329331816,stop_rear_start_walking,1,28308504.904681325,0.0,378
Peromyscus_polionotus,28,0.11213556983449206,33.28879903876515,7.050057252149821e-243,183332.6894123453,169622.60915750312,mid_rear_2,1,28308504.904681325,0.0,378
Peromyscus_polionotus,29,1.3296024359801446,435.79115306289475,0.0,208419.05623592268,82925.33018908277,mid_rear_3,1,28308504.904681325,0.0,378
Peromyscus_polionotus,30,0.48875930920998273,102.95150882443912,0.0,91469.1419547562,65184.357979079614,syllable_30,1,28308504.904681325,0.0,378
Peromyscus_polionotus,31,-0.156894126193176,-33.019857358008046,5.28313784586501e-239,92099.67824572744,102680.49439899369,groom_1,1,28308504.904681325,0.0,378
Peromyscus_polionotus,32,-0.08200651964909125,-19.202185135824802,4.2084059875225543e-82,114087.13860496304,120760.00159174822,slow_locomotion_2,1,28308504.904681325,0.0,378
Peromyscus_polionotus,33,-0.5367978656703439,-81.69856007574609,0.0,47659.73827722252,69142.31434994863,jump_1,1,28308504.904681325,0.0,378
Peromyscus_polionotus,34,-1.8875914357638781,-245.53992099854077,0.0,30597.345343207715,113215.36994527372,very_slow_locomotion,1,28308504.904681325,0.0,378
Peromyscus_polionotus,35,-0.5935826986441577,-118.61012342842811,0.0,81943.06204211686,123651.21434391246,groom_2,1,28308504.904681325,0.0,378
Peromyscus_polionotus,36,-0.32360016368418043,-65.69749014606663,0.0,85429.74179767378,106911.01424236914,groom_3,1,28308504.904681325,0.0,378
Peromyscus_polionotus,37,-0.5372656364145438,-101.58348334288985,0.0,73553.57184354964,106742.36960407784,groom_4,1,28308504.904681325,0.0,378
Peromyscus_polionotus,38,0.9652853101486494,250.86357930480816,0.0,135447.51789589325,69373.11859338915,brief_fast,1,28308504.904681325,0.0,378
Peromyscus_polionotus,39,-0.6192677581636996,-86.7629732720722,0.0,40234.903620596786,61804.64780065359,paused_in_rear,1,28308504.904681325,0.0,378
Peromyscus_polionotus,40,0.03168930543821042,5.91613963855452,3.5456623112377675e-09,72540.91140690629,70964.89692369469,groom_5,1,28308504.904681325,0.0,378
Peromyscus_polionotus,41,-0.05679718361874614,-10.607819332411891,3.0529415716114496e-26,72592.47647700596,75507.35693508839,jump_2,1,28308504.904681325,0.0,378
Peromyscus_polionotus,42,-0.12242051670451166,-21.281898210305958,1.9972301855561166e-100,62863.82574919433,68431.02659283316,groom_6,1,28308504.904681325,0.0,378
Peromyscus_polionotus,43,-4.269147193492078,-177.04074163154652,0.0,1808.2688439137576,34866.17942140653,syllable_43,1,28308504.904681325,0.0,378
Peromyscus_polionotus,44,-0.8722869248992055,-87.18158939497629,0.0,20169.242983539265,36921.05712546972,groom_7,1,28308504.904681325,0.0,378
Peromyscus_polionotus,45,0.572401289627713,67.2309185225812,0.0,28339.768442075012,19058.39569657013,idle_enter_groom,1,28308504.904681325,0.0,378
Peromyscus_polionotus,46,0.1503682670557027,18.30880086888331,8.260635911050753e-75,30829.27908558213,27777.810477996663,syllable_46,1,28308504.904681325,0.0,378
Peromyscus_polionotus,47,-0.010118330402362277,-1.084213896351928,0.28276856240736864,23897.88808498169,24066.084870399478,groom_10,1,28308504.904681325,0.0,378
Peromyscus_polionotus,48,0.01601423308478036,1.7242895511224732,0.08682624066036583,24129.744364474325,23863.379967910063,groom_11,1,28308504.904681325,0.0,378
Peromyscus_polionotus,49,-0.8863108539100468,-27.520856413430803,1.2113766564971794e-166,1944.8419295843569,3594.930192773231,syllable_49,1,28308504.904681325,0.0,378
Peromyscus_polionotus,50,-40.91770989879775,-45.57524549597249,0.0,0.0,2077.103002019161,syllable_50,1,28308504.904681325,0.0,378
Peromyscus_polionotus,52,-0.3106352063509331,-1.1564470236561042,0.2520816596885747,28.73571457301873,35.639574967292894,syllable_52,1,28308504.904681325,0.0,378
Peromyscus_polionotus,61,-42.86479110143723,-89.49400413689148,0.0,0.0,8009.176776454948,syllable_61,1,28308504.904681325,0.0,378
Peromyscus_polionotus,73,-33.309840155464066,-3.263101018016501,0.0011572339346580481,0.0,10.647828254780325,73,1,28308504.904681325,0.0,378
Peromyscus_polionotus,94,-33.357103477774956,-3.3169914922509434,0.0009578146029525359,0.0,11.002432560665138,94,1,28308504.904681325,0.0,378
Mus_caroli,0,-0.3302715886511396,-31.223233669837576,7.1252692660968475e-214,18521.090032093864,23285.64101154742,head_low,2,5998318.107997304,0.0,357
Mus_caroli,1,1.0226350987137063,163.6942672434414,0.0,51152.38850997453,25178.049216377345,head_down,2,5998318.107997304,0.0,357
Mus_caroli,2,-1.3196712985516204,-89.22504287341735,0.0,8878.045872323317,22160.422181767433,sniff_floor,2,5998318.107997304,0.0,357
Mus_caroli,3,-1.0685966690173356,-70.46986490808797,0.0,8648.93797478145,18140.215133009984,step_to_stop,2,5998318.107997304,0.0,357
Mus_caroli,4,0.3852226380120445,38.819907902418485,0.0,21011.43262091643,16087.630981055956,turn_left,2,5998318.107997304,0.0,357
Mus_caroli,5,1.0477009726857576,110.25807986986615,0.0,22064.384469461987,10673.390456149464,enter_rear,2,5998318.107997304,0.0,357
Mus_caroli,6,0.4536957010002908,43.21714170813013,0.0,18730.768528001183,13676.64524594809,turn_right,2,5998318.107997304,0.0,357
Mus_caroli,7,-1.0145243098010974,-46.36153827318777,0.0,4171.728824330107,8427.879523193029,extend_rear,2,5998318.107997304,0.0,357
Mus_caroli,8,0.9515752132959608,73.30627990766412,0.0,11913.98301168132,6160.334494376431,extend_rear_2,2,5998318.107997304,0.0,357
Mus_caroli,9,-0.3750320576439545,-29.496801373933437,4.2736717398933884e-191,12803.181012222858,16604.040510739003,still,2,5998318.107997304,0.0,357
Mus_caroli,10,-1.4673949473392256,-50.146936553305416,0.0,2231.620732271465,6170.925198310008,motionless_rear,2,5998318.107997304,0.0,357
Mus_caroli,11,2.82677331100555,1027.981604055637,0.0,201830.78507178448,28447.483353021624,start_moving,2,5998318.107997304,0.0,357
Mus_caroli,12,0.32618914245042213,16.71492640557627,1.2094324437706821e-62,5442.140006274528,4340.872143297063,syllable_12,2,5998318.107997304,0.0,357
Mus_caroli,13,0.7058982963740599,86.24786230818698,0.0,30458.9070122361,18673.15722673939,take_a_step,2,5998318.107997304,0.0,357
Mus_caroli,14,-0.5694515619489402,-74.92399077071455,0.0,35566.90338652152,52779.83843215215,curve_spine,2,5998318.107997304,0.0,357
Mus_caroli,15,0.5164806453335369,31.159270370001522,5.2324915691523216e-213,7495.181317865938,5239.694630321077,syllable_15,2,5998318.107997304,0.0,357
Mus_caroli,16,-1.9024557472372865,-56.18465178012733,0.0,1573.6540126930506,5883.090088499653,brief_walk,2,5998318.107997304,0.0,357
Mus_caroli,17,-2.11799185648946,-65.02776041148982,0.0,1644.5668967451334,7138.888904839904,slow_locomotion,2,5998318.107997304,0.0,357
Mus_caroli,18,1.2636391893361105,145.81963716963077,0.0,26010.287316018595,10833.07749381966,leave_rear_turn_right_2,2,5998318.107997304,0.0,357
Mus_caroli,19,0.18603089193377617,14.832102397116326,1.0526610627631576e-49,13212.42982493883,11613.999822637103,high_rear,2,5998318.107997304,0.0,357
Mus_caroli,20,1.1788187119866145,79.2297712862635,0.0,8896.148529775162,3929.544700998615,enter_wall_rear,2,5998318.107997304,0.0,357
Mus_caroli,21,1.4420746091090915,162.3623455909519,0.0,24292.966618591752,8940.727121914744,leave_rear_turn_left_2,2,5998318.107997304,0.0,357
Mus_caroli,22,0.9124636173011393,87.94275145539154,0.0,18702.03221790393,9935.961088942558,stopping,2,5998318.107997304,0.0,357
Mus_caroli,23,-1.581370280390686,-139.2159710010222,0.0,14608.450051914197,43716.363518845144,scrunch_idle,2,5998318.107997304,0.0,357
Mus_caroli,24,1.448288398042438,103.11945166275729,0.0,9708.436058581898,3557.713931644496,end_and_enter_rear,2,5998318.107997304,0.0,357
Mus_caroli,25,-0.6145722987427317,-21.01947569799592,5.486337593811259e-98,2398.2214271097755,3671.9264650893583,syllable_25,2,5998318.107997304,0.0,357
Mus_caroli,26,-3.9832858510079645,-208.2943949570051,0.0,3126.073008471799,49441.04471804753,still_2,2,5998318.107997304,0.0,357
Mus_caroli,27,2.756376583083473,480.5791950734399,0.0,47086.23170146255,6968.541720685228,stop_rear_start_walking,2,5998318.107997304,0.0,357
Mus_caroli,28,0.3786652793220446,41.45357718284384,0.0,24801.06430796904,19075.709984435132,mid_rear_2,2,5998318.107997304,0.0,357
Mus_caroli,29,1.039961878941579,87.37209392057053,0.0,14071.319417286611,6843.4500494625245,mid_rear_3,2,5998318.107997304,0.0,357
Mus_caroli,30,0.06866199673424274,3.0027175957767893,0.0027349762321867365,3979.818107140916,3794.843786719575,syllable_30,2,5998318.107997304,0.0,357
Mus_caroli,31,-1.9020677847113185,-121.45278114821613,0.0,7356.832916268891,27496.05258615879,groom_1,2,5998318.107997304,0.0,357
Mus_caroli,32,-0.7266385041302762,-48.04259903849942,0.0,8908.479102800315,14741.5636290568,slow_locomotion_2,2,5998318.107997304,0.0,357
Mus_caroli,33,0.14579531198175932,5.872008517576195,4.569066146165578e-09,3373.3836540996867,3049.13725339128,jump_1,2,5998318.107997304,0.0,357
Mus_caroli,34,-1.2292078529801556,-52.594421229286276,0.0,3588.0808502787386,8411.833252597442,very_slow_locomotion,2,5998318.107997304,0.0,357
Mus_caroli,35,-4.979081158541356,-221.7804639091973,0.0,1663.3348679615835,52460.50551229551,groom_2,2,5998318.107997304,0.0,357
Mus_caroli,36,-3.9134651731270016,-164.80633769093288,0.0,2067.8632451225317,31159.62469186936,groom_3,2,5998318.107997304,0.0,357
Mus_caroli,37,-3.486041383387016,-155.1317946630568,0.0,2589.3934596832883,29013.563253483077,groom_4,2,5998318.107997304,0.0,357
Mus_caroli,38,0.34035835339036447,15.26125062541595,1.614672607868605e-52,4165.269634083196,3289.9177963917514,brief_fast,2,5998318.107997304,0.0,357
Mus_caroli,39,0.7711939712449981,58.266818341460336,0.0,11602.391161734637,6798.21640686033,paused_in_rear,2,5998318.107997304,0.0,357
Mus_caroli,40,-2.6010539419370864,-115.0803320587718,0.0,3129.2823103684573,18986.285272999783,groom_5,2,5998318.107997304,0.0,357
Mus_caroli,41,0.8030734021244849,52.96361518623295,0.0,8822.842975201527,5056.608928521248,jump_2,2,5998318.107997304,0.0,357
Mus_caroli,42,-2.8913993474468196,-132.66573654864206,0.0,3168.5402401041665,23510.245275311157,groom_6,2,5998318.107997304,0.0,357
Mus_caroli,43,-0.10867069569060135,-4.873474707371292,1.1403840454497764e-06,4184.044389069563,4511.380130241743,syllable_43,2,5998318.107997304,0.0,357
Mus_caroli,44,-1.660096699897271,-71.49373417626147,0.0,3461.112739847082,10938.421345838942,groom_7,2,5998318.107997304,0.0,357
Mus_caroli,45,-3.016557338854197,-48.248578770115245,0.0,374.51043414689906,3030.666612817219,idle_enter_groom,2,5998318.107997304,0.0,357
Mus_caroli,46,-3.5171616879348124,-91.4698239979064,0.0,877.3431309481042,10044.78505463105,syllable_46,2,5998318.107997304,0.0,357
Mus_caroli,47,-3.2647826419608905,-84.00236586887938,0.0,914.552810552462,8790.352546796612,groom_10,2,5998318.107997304,0.0,357
Mus_caroli,48,-3.4195730606027714,-83.97715509724436,0.0,801.9554040641733,8581.126058261425,groom_11,2,5998318.107997304,0.0,357
Mus_caroli,49,-3.020833640922346,-29.122794674652454,2.487052583017766e-186,135.92873535541045,1103.2471499346118,syllable_49,2,5998318.107997304,0.0,357
Mus_caroli,50,-36.46359800083103,-9.73460589979766,2.362264758595138e-22,0.0,94.76255202537543,syllable_50,2,5998318.107997304,0.0,357
Mus_caroli,61,-41.77345592444135,-61.31004401371469,0.0,0.0,3758.9214969646323,syllable_61,2,5998318.107997304,0.0,357
Mus_musculus,0,0.29558124604469277,66.71471272950537,0.0,105662.26683294289,86087.69949460012,head_low,2,5998318.107997304,0.0,357
Mus_musculus,1,0.4330692105648875,106.81518971943673,0.0,125672.94874978496,93083.98827092047,head_down,2,5998318.107997304,0.0,357
Mus_musculus,2,-0.03603132308145597,-7.060072661033001,1.7981525662601436e-12,79906.926324254,81927.73239574602,sniff_floor,2,5998318.107997304,0.0,357
Mus_musculus,3,0.5767519178978563,127.28000227014915,0.0,100026.47522472063,67064.90872909766,step_to_stop,2,5998318.107997304,0.0,357
Mus_musculus,4,0.4858439330549757,97.64989882900325,0.0,83291.09996278297,59476.44476655655,turn_left,2,5998318.107997304,0.0,357
Mus_musculus,5,0.38507978059417763,60.77186447262161,0.0,51531.86572310377,39459.83834938744,enter_rear,2,5998318.107997304,0.0,357
Mus_musculus,6,0.40203939896722607,72.26493977592811,0.0,66812.60501970451,50562.95961290302,turn_right,2,5998318.107997304,0.0,357
Mus_musculus,7,0.44586409824647283,63.921914787057936,0.0,42441.39897662774,31158.118404794586,extend_rear,2,5998318.107997304,0.0,357
Mus_musculus,8,0.16502721349390118,18.288809933501597,1.2359483614079009e-74,25534.969306120027,22774.93775993136,extend_rear_2,2,5998318.107997304,0.0,357
Mus_musculus,9,0.5472064860061109,114.28073489882959,0.0,89699.96116997817,61385.62598194401,still,2,5998318.107997304,0.0,357
Mus_musculus,10,0.43482274659551423,53.128702500543724,0.0,30838.82881594639,22814.091903775538,motionless_rear,2,5998318.107997304,0.0,357
Mus_musculus,11,-0.24666107836301007,-50.96559604114812,0.0,88642.98520242392,105171.18240627815,start_moving,2,5998318.107997304,0.0,357
Mus_musculus,12,0.3938299074913888,39.76253326698232,0.0,21085.529632577047,16048.331949776324,syllable_12,2,5998318.107997304,0.0,357
Mus_musculus,13,0.9891585462935796,258.81140647870365,0.0,137036.75039420088,69035.2113198766,take_a_step,2,5998318.107997304,0.0,357
Mus_musculus,14,0.2926714038817098,99.3486839261972,0.0,239014.2710265124,195128.6145855907,curve_spine,2,5998318.107997304,0.0,357
Mus_musculus,15,0.428008694711373,48.06962531448107,0.0,26061.675750654504,19371.305112659862,syllable_15,2,5998318.107997304,0.0,357
Mus_musculus,16,-2.1549255991918903,-114.3631174912404,0.0,4883.836987950627,21749.957039501838,brief_walk,2,5998318.107997304,0.0,357
Mus_musculus,17,-2.0507454060088497,-123.24743124404327,0.0,6370.12049656856,26392.682188153,slow_locomotion,2,5998318.107997304,0.0,357
Mus_musculus,18,0.2243257286150463,33.66733403299825,2.4857512144325113e-248,46787.8972617878,40050.20602298154,leave_rear_turn_right_2,2,5998318.107997304,0.0,357
Mus_musculus,19,0.9355556442410987,189.10836260847861,0.0,82123.04258612041,42937.29883432056,high_rear,2,5998318.107997304,0.0,357
Mus_musculus,20,-0.5435724774081542,-37.838202558846206,0.0,9966.978412375212,14527.642301210873,enter_wall_rear,2,5998318.107997304,0.0,357
Mus_musculus,21,0.24429493151939824,33.54606471011142,1.4588073106465952e-246,39153.07234665459,33054.13105668543,leave_rear_turn_left_2,2,5998318.107997304,0.0,357
Mus_musculus,22,0.057101389694050514,7.737960263386679,1.1059514233869628e-14,38216.59745110243,36733.5402959596,stopping,2,5998318.107997304,0.0,357
Mus_musculus,23,-0.2505190935915823,-64.0845561630496,0.0,135857.36016987814,161620.6813349368,scrunch_idle,2,5998318.107997304,0.0,357
Mus_musculus,24,-0.5110742697334465,-34.210986559844365,2.3811811778874273e-256,9229.437726790586,13152.973013853505,end_and_enter_rear,2,5998318.107997304,0.0,357
Mus_musculus,25,0.5640137362138739,55.73696073242596,0.0,20069.286487414905,13575.22010822563,syllable_25,2,5998318.107997304,0.0,357
Mus_musculus,26,-1.2990315645521764,-253.78442300194308,0.0,74283.62303996434,182784.996052961,still_2,2,5998318.107997304,0.0,357
Mus_musculus,27,-1.1635994512514305,-88.85779274066161,0.0,11500.49335489752,25762.903639562188,stop_rear_start_walking,2,5998318.107997304,0.0,357
Mus_musculus,28,1.0199818082667205,272.96997535198057,0.0,143014.05969758256,70523.46070146108,mid_rear_2,2,5998318.107997304,0.0,357
Mus_musculus,29,-0.2526826265981749,-25.555670770468613,6.154400237129682e-144,21235.522746536695,25300.43605294273,mid_rear_3,2,5998318.107997304,0.0,357
Mus_musculus,30,0.1876548640857038,16.453552290974514,9.294235939251425e-61,15978.519999561857,14029.64906046859,syllable_30,2,5998318.107997304,0.0,357
Mus_musculus,31,-0.4625324742817682,-87.45197740130634,0.0,73771.24376513722,101653.71488597295,groom_1,2,5998318.107997304,0.0,357
Mus_musculus,32,1.390905228846874,378.76048652746266,0.0,142922.51536578868,54499.994187380726,slow_locomotion_2,2,5998318.107997304,0.0,357
Mus_musculus,33,-1.2399687961193435,-61.22140262218463,0.0,4772.677370612997,11272.750080513899,jump_1,2,5998318.107997304,0.0,357
Mus_musculus,34,0.9613075659084589,167.01504742279934,0.0,60551.64863266521,31098.794870589234,very_slow_locomotion,2,5998318.107997304,0.0,357
Mus_musculus,35,-1.2227706463670442,-251.70393923792415,0.0,83098.79637913003,193948.03139143603,groom_2,2,5998318.107997304,0.0,357
Mus_musculus,36,-1.3783879357382776,-208.8555033320818,0.0,44310.740559536265,115198.04868192942,groom_3,2,5998318.107997304,0.0,357
Mus_musculus,37,-1.1109848646230138,-175.88109915991515,0.0,49660.85642483791,107263.99644290665,groom_4,2,5998318.107997304,0.0,357
Mus_musculus,38,-4.4068038350049825,-105.08641430158377,0.0,573.4001627278436,12162.922827731465,brief_fast,2,5998318.107997304,0.0,357
Mus_musculus,39,0.6698575885578492,93.6805934866292,0.0,39984.817388203606,25133.205946223618,paused_in_rear,2,5998318.107997304,0.0,357
Mus_musculus,40,-1.0288235569199504,-135.0900151433475,0.0,34402.19519755211,70192.85491390212,groom_5,2,5998318.107997304,0.0,357
Mus_musculus,41,-0.7116201588938585,-53.237071113186296,0.0,11415.455842787123,18694.431889780346,jump_2,2,5998318.107997304,0.0,357
Mus_musculus,42,-1.0573903352708847,-153.15818612239954,0.0,41764.17016546785,86918.06806184333,groom_6,2,5998318.107997304,0.0,357
Mus_musculus,43,1.5185376894333273,240.8580572883182,0.0,47784.57427455787,16678.704991009916,syllable_43,2,5998318.107997304,0.0,357
Mus_musculus,44,0.41400267252285994,66.83979715836794,0.0,53880.89184762418,40439.66534135472,groom_7,2,5998318.107997304,0.0,357
Mus_musculus,45,-2.6698711705503984,-89.21761635830943,0.0,1760.6772892114484,11204.463579213634,idle_enter_groom,2,5998318.107997304,0.0,357
Mus_musculus,46,-0.4275178534944397,-49.421567380368806,0.0,27611.99937528105,37135.8656968947,syllable_46,2,5998318.107997304,0.0,357
Mus_musculus,47,-0.055907587002700924,-6.852326568015516,7.83054802726199e-12,31262.90545571531,32498.191830963522,groom_10,2,5998318.107997304,0.0,357
Mus_musculus,48,0.027973660672123944,3.4873104851772765,0.0005011563049244644,32345.814937713036,31724.675350897738,groom_11,2,5998318.107997304,0.0,357
Mus_musculus,49,0.2852229331861058,13.96079479575152,3.0988154894289513e-44,4970.343194824839,4078.737152425652,syllable_49,2,5998318.107997304,0.0,357
Mus_musculus,50,-10.057331697577713,-18.699803495616116,6.079409486810514e-78,0.3287994891213618,350.33994117045813,syllable_50,2,5998318.107997304,0.0,357
Mus_musculus,61,-9.893505941378884,-117.76093177618749,0.0,14.610803829044396,13896.843299010367,syllable_61,2,5998318.107997304,0.0,357
Mus_spretus,0,-0.8625207699784567,-76.02567929533548,0.0,15697.593955750675,28541.560530530292,head_low,2,5998318.107997304,0.0,357
Mus_spretus,1,-0.556668065402896,-56.238205831097375,0.0,20981.561669497212,30861.113739301334,head_down,2,5998318.107997304,0.0,357
Mus_spretus,2,-0.60624831742648,-56.54588772554818,0.0,17843.03053108698,27162.362881458415,sniff_floor,2,5998318.107997304,0.0,357
Mus_spretus,3,0.13598196088045597,14.738416031192827,4.2206817516258504e-49,24432.42641029073,22234.73461601904,step_to_stop,2,5998318.107997304,0.0,357
Mus_spretus,4,-0.28154977966469524,-24.896193966428793,1.0503927887831243e-136,16222.832491177476,19718.851338940643,turn_left,2,5998318.107997304,0.0,357
Mus_spretus,5,-1.0568204483398762,-59.39807962759189,0.0,6288.647608177816,13082.535267940646,enter_rear,2,5998318.107997304,0.0,357
Mus_spretus,6,-0.1275034987594736,-10.951718082885852,7.350354747794177e-28,15345.700623865769,16763.669849081653,turn_right,2,5998318.107997304,0.0,357
Mus_spretus,7,-1.15820929314292,-56.09694649173039,0.0,4628.626071469063,10330.178732719605,extend_rear,2,5998318.107997304,0.0,357
Mus_spretus,8,-1.8430147981377607,-62.674306708312216,0.0,2104.7042328704265,7550.814674690132,extend_rear_2,2,5998318.107997304,0.0,357
Mus_spretus,9,0.5044631991768901,59.71674497398632,0.0,28871.00194503797,20351.82226908091,still,2,5998318.107997304,0.0,357
Mus_spretus,10,-0.7670320400691513,-35.86427931922025,1.6309571977861525e-281,4444.6764029171445,7563.795859843301,motionless_rear,2,5998318.107997304,0.0,357
Mus_spretus,11,-1.1974069699665486,-105.30545579688402,0.0,15204.703444385805,34868.50835065602,start_moving,2,5998318.107997304,0.0,357
Mus_spretus,12,-1.5603980317265531,-48.21108640625518,0.0,1804.0139792193104,5320.67229636349,syllable_12,2,5998318.107997304,0.0,357
Mus_spretus,13,-0.750930654982738,-61.38950781731127,0.0,13600.491994777844,22887.969758650594,take_a_step,2,5998318.107997304,0.0,357
Mus_spretus,14,0.9009995040929237,220.61132351999157,0.0,120805.15037272472,64693.04206209492,curve_spine,2,5998318.107997304,0.0,357
Mus_spretus,15,-1.3147687675387119,-47.92435220337107,0.0,2581.729026895826,6422.372541887153,syllable_15,2,5998318.107997304,0.0,357
Mus_spretus,16,-4.616935558429169,-81.45688043783228,0.0,293.8724845459498,7210.992035143344,brief_walk,2,5998318.107997304,0.0,357
Mus_spretus,17,-0.9218038035404901,-44.166330440404536,0.0,4618.804131011201,8750.24353837528,slow_locomotion,2,5998318.107997304,0.0,357
Mus_spretus,18,-0.15827180535416766,-11.972785034318996,5.623866099011239e-33,11898.625783323245,13278.266072574486,leave_rear_turn_right_2,2,5998318.107997304,0.0,357
Mus_spretus,19,-0.5588062312126516,-38.31555462866969,0.0,9663.932652856469,14235.454320324794,high_rear,2,5998318.107997304,0.0,357
Mus_spretus,20,-4.507913470775307,-66.35068031100018,0.0,211.69693876247385,4816.502061736602,enter_wall_rear,2,5998318.107997304,0.0,357
Mus_spretus,21,-0.25475705721804315,-16.945415221249473,2.480026868267569e-64,9184.866350826103,10958.783750489749,leave_rear_turn_left_2,2,5998318.107997304,0.0,357
Mus_spretus,22,-1.8145649122402812,-78.98357827522409,0.0,3462.269989970383,12178.65699760705,stopping,2,5998318.107997304,0.0,357
Mus_spretus,23,1.4338405912316585,393.90085029391156,0.0,144764.66597941614,53583.80449690134,scrunch_idle,2,5998318.107997304,0.0,357
Mus_spretus,24,-4.924539983320813,-63.86149282600751,0.0,143.5906930393437,4360.743493382336,end_and_enter_rear,2,5998318.107997304,0.0,357
Mus_spretus,25,-1.5572898688637726,-44.2919341056995,0.0,1529.2994413263368,4500.735514003336,syllable_25,2,5998318.107997304,0.0,357
Mus_spretus,26,-0.7998073041104599,-104.76440987343103,0.0,34810.57257914346,60600.63237310185,still_2,2,5998318.107997304,0.0,357
Mus_spretus,27,-4.221184773734244,-87.46473136838901,0.0,457.9606756073372,8541.446431808834,stop_rear_start_walking,2,5998318.107997304,0.0,357
Mus_spretus,28,-0.9525785211620668,-73.90002863339656,0.0,12081.35149792946,23381.384730340975,mid_rear_2,2,5998318.107997304,0.0,357
Mus_spretus,29,-3.199553922924442,-81.61724218324265,0.0,913.0675641298104,8388.119688332137,mid_rear_3,2,5998318.107997304,0.0,357
Mus_spretus,30,-1.4613071824000365,-43.432953676813376,0.0,1689.2196520236962,4651.397124470479,syllable_30,2,5998318.107997304,0.0,357
Mus_spretus,31,0.8286344753092221,142.4602323054578,0.0,59855.44986503235,33702.32534501928,groom_1,2,5998318.107997304,0.0,357
Mus_spretus,32,-1.4648728394863408,-85.72452869070241,0.0,6545.795057254931,18068.9563334219,slow_locomotion_2,2,5998318.107997304,0.0,357
Mus_spretus,33,-5.7145075193653065,-59.969814090081734,0.0,71.17513790864207,3737.373407088303,jump_1,2,5998318.107997304,0.0,357
Mus_spretus,34,-0.3099246317680756,-19.62944905670168,1.0760011748146378e-85,8317.322886877459,10310.510577427418,very_slow_locomotion,2,5998318.107997304,0.0,357
Mus_spretus,35,-0.03655081674522441,-6.343715677460371,2.39856188892958e-10,62693.006304933544,64301.63089772287,groom_2,2,5998318.107997304,0.0,357
Mus_spretus,36,0.6145173754087147,103.78218008870947,0.0,58474.955228447485,38192.82079503704,groom_3,2,5998318.107997304,0.0,357
Mus_spretus,37,0.002203034522622018,0.2881865373891494,0.7732039534565174,35616.707176462965,35562.361001571866,groom_4,2,5998318.107997304,0.0,357
Mus_spretus,38,-4.992088102177977,-61.50663247484684,0.0,126.70866167881545,4032.5017412928,brief_fast,2,5998318.107997304,0.0,357
Mus_spretus,39,1.110947377914758,105.8773811747372,0.0,17997.533337252393,8332.676132034645,paused_in_rear,2,5998318.107997304,0.0,357
Mus_spretus,40,-0.6441205232261424,-54.93620893719512,0.0,14891.207683683331,23271.77551610068,groom_5,2,5998318.107997304,0.0,357
Mus_spretus,41,-2.1909818814176916,-61.485708358544144,0.0,1357.36803580502,6197.9616425864615,jump_2,2,5998318.107997304,0.0,357
Mus_spretus,42,-0.2601447044621592,-28.00891754365188,1.6816948497660494e-172,24062.19919867713,28816.86135589511,groom_6,2,5998318.107997304,0.0,357
Mus_spretus,43,-1.9459445297755116,-55.06152797758832,0.0,1435.1961678475388,5529.666501328993,syllable_43,2,5998318.107997304,0.0,357
Mus_spretus,44,-0.615057768826016,-40.190370074098425,0.0,8753.733642800184,13407.387616938955,groom_7,2,5998318.107997304,0.0,357
Mus_spretus,45,-1.3187943155432702,-36.51615510788931,9.19651587528668e-292,1489.1245876982532,3714.7336650377924,idle_enter_groom,2,5998318.107997304,0.0,357
Mus_spretus,46,-2.0324406585313763,-83.83654143039587,0.0,3009.57078408183,12312.044169655703,syllable_46,2,5998318.107997304,0.0,357
Mus_spretus,47,-0.1630803922181803,-11.094564647002644,1.506954120121509e-28,9622.850098179462,10774.467371316052,groom_10,2,5998318.107997304,0.0,357
Mus_spretus,48,-0.6074861871001742,-35.24493547251071,5.987575310171187e-272,6903.387226616289,10518.015316414236,groom_11,2,5998318.107997304,0.0,357
Mus_spretus,49,0.558299911880719,17.376538164523957,1.4979621632443623e-67,1991.2571638916115,1352.266630511849,syllable_49,2,5998318.107997304,0.0,357
Mus_spretus,50,-36.757221620708584,-10.777378427086916,4.9365445154723176e-27,0.0,116.15188576163843,syllable_50,2,5998318.107997304,0.0,357
Mus_spretus,61,3.283279797813813,592.9559735569858,0.0,44855.78651428012,4607.36663345125,syllable_61,2,5998318.107997304,0.0,357
Peromyscus_californicus,0,0.8481818802684913,89.84284110201364,0.0,22691.57371628675,12604.813625097246,head_low,2,5998318.107997304,0.0,357
Peromyscus_californicus,1,0.03178542667739873,2.6006483249439336,0.009440946019553767,13932.808750939246,13629.198253918801,head_down,2,5998318.107997304,0.0,357
Peromyscus_californicus,2,1.5461679874319245,210.33219027506775,0.0,35032.3445280569,11995.718362063977,sniff_floor,2,5998318.107997304,0.0,357
Peromyscus_californicus,3,1.3707946072461763,157.17519851284794,0.0,25394.57557263176,9819.529157791672,step_to_stop,2,5998318.107997304,0.0,357
Peromyscus_californicus,4,-1.445194559936579,-59.0482969269478,0.0,3198.110126378789,8708.439251682645,turn_left,2,5998318.107997304,0.0,357
Peromyscus_californicus,5,0.08620746069941579,4.680429993679292,2.96982352894789e-06,6133.405234338615,5777.641997527095,enter_rear,2,5998318.107997304,0.0,357
Peromyscus_californicus,6,-1.4251535837767848,-54.002127967468724,0.0,2756.854436435556,7403.342010480125,turn_right,2,5998318.107997304,0.0,357
Peromyscus_californicus,7,1.4501689597943128,117.01231576277362,0.0,12465.534505544412,4562.118371228899,extend_rear,2,5998318.107997304,0.0,357
Peromyscus_californicus,8,-0.17349017173798198,-6.542976764761432,6.48252724752818e-11,2956.832882702042,3334.6674086131356,extend_rear_2,2,5998318.107997304,0.0,357
Peromyscus_californicus,9,-0.09781350606300991,-6.214641380397714,5.487146569437303e-10,8398.79954051942,8987.97829776907,still,2,5998318.107997304,0.0,357
Peromyscus_californicus,10,1.5485421674548283,111.27004549111017,0.0,9771.385668031737,3340.4002913443915,motionless_rear,2,5998318.107997304,0.0,357
Peromyscus_californicus,11,-1.1400547513829828,-67.78655569091656,0.0,6987.171544322099,15398.984532574194,start_moving,2,5998318.107997304,0.0,357
Peromyscus_californicus,12,0.5507772412656748,22.534529722814042,2.4302729655545074e-112,3442.1175340769373,2349.7692981482505,syllable_12,2,5998318.107997304,0.0,357
Peromyscus_californicus,13,-0.5023855655490533,-29.56454110895954,5.787046084424828e-192,7135.6388301303305,10108.017491056664,take_a_step,2,5998318.107997304,0.0,357
Peromyscus_californicus,14,-2.9554524216982383,-147.2367439745785,0.0,3683.294610560085,28570.39779450814,curve_spine,2,5998318.107997304,0.0,357
Peromyscus_californicus,15,0.29669887868563316,12.160212768807465,5.785903732691778e-34,3483.930397205425,2836.3133415510392,syllable_15,2,5998318.107997304,0.0,357
Peromyscus_californicus,16,-6.180358475879947,-55.65405229465276,0.0,43.91171958622086,3184.5914857323946,brief_walk,2,5998318.107997304,0.0,357
Peromyscus_californicus,17,-1.7195633812431308,-43.28853304571783,0.0,1173.3800422741924,3864.371356200074,slow_locomotion,2,5998318.107997304,0.0,357
Peromyscus_californicus,18,-1.7593580449095565,-53.95792881358627,0.0,1732.1302090408772,5864.0826219092405,leave_rear_turn_right_2,2,5998318.107997304,0.0,357
Peromyscus_californicus,19,-1.5426290548214876,-52.07255867068481,0.0,2158.004908546276,6286.805810226857,high_rear,2,5998318.107997304,0.0,357
Peromyscus_californicus,20,-0.8279342959440077,-20.13925252485081,4.189367945404996e-90,1198.2775058592756,2127.1125223915187,enter_wall_rear,2,5998318.107997304,0.0,357
Peromyscus_californicus,21,-1.3159877087495577,-41.62608107376511,0.0,1943.879306913382,4839.729298785507,leave_rear_turn_left_2,2,5998318.107997304,0.0,357
Peromyscus_californicus,22,-0.9645275594867365,-35.756220465005576,7.81196874714723e-280,2756.1724405092536,5378.462102470438,stopping,2,5998318.107997304,0.0,357
Peromyscus_californicus,23,-1.109570222141248,-82.54121254275519,0.0,10966.760023736142,23664.223555142104,scrunch_idle,2,5998318.107997304,0.0,357
Peromyscus_californicus,24,-1.3804541944029602,-27.028462729824763,9.00876696019062e-161,739.7093956869602,1925.8357980161418,end_and_enter_rear,2,5998318.107997304,0.0,357
Peromyscus_californicus,25,0.22636911965819673,7.574101366413146,3.948418495823605e-14,2325.33806670503,1987.6604949187852,syllable_25,2,5998318.107997304,0.0,357
Peromyscus_californicus,26,0.3401192920039616,43.49336337627395,0.0,33878.328815803434,26763.066294462038,still_2,2,5998318.107997304,0.0,357
Peromyscus_californicus,27,-6.763749357468684,-60.852712885408216,0.0,34.71352332264566,3772.1602589507,stop_rear_start_walking,2,5998318.107997304,0.0,357
Peromyscus_californicus,28,-3.7043418167348876,-93.82101106111624,0.0,792.1564100654426,10325.92441844198,mid_rear_2,2,5998318.107997304,0.0,357
Peromyscus_californicus,29,-1.867451750528407,-44.1839101666861,0.0,1015.2297602870158,3704.4465464086147,mid_rear_3,2,5998318.107997304,0.0,357
Peromyscus_californicus,30,0.17124207901293728,5.711976804495552,1.1790676608397457e-08,2313.0825705506263,2054.197204373195,syllable_30,2,5998318.107997304,0.0,357
Peromyscus_californicus,31,-2.42132486971143,-99.22435053703462,0.0,2778.607256019495,14883.962958225338,groom_1,2,5998318.107997304,0.0,357
Peromyscus_californicus,32,-3.99880264893603,-83.74196118582667,0.0,499.1513362322213,7979.795874832353,slow_locomotion_2,2,5998318.107997304,0.0,357
Peromyscus_californicus,33,1.9972758337108873,121.57383176285191,0.0,6589.692366363901,1650.5367740264721,jump_1,2,5998318.107997304,0.0,357
Peromyscus_californicus,34,2.1545352802533784,232.95495030852797,0.0,20273.028549578055,4553.432320879889,very_slow_locomotion,2,5998318.107997304,0.0,357
Peromyscus_californicus,35,0.9711114872505112,161.8340989530969,0.0,55669.124177350146,28397.538823730607,groom_2,2,5998318.107997304,0.0,357
Peromyscus_californicus,36,-0.4871268544912432,-37.21593598614174,5.6618808944102016e-303,12033.740833194472,16867.10113216209,groom_3,2,5998318.107997304,0.0,357
Peromyscus_californicus,37,0.5733151650383735,61.14908772034912,0.0,23368.689691336214,15705.41078206811,groom_4,2,5998318.107997304,0.0,357
Peromyscus_californicus,38,-2.7359610642967667,-35.86593680742162,1.5422463310571325e-281,267.3172163575557,1780.874344186795,brief_fast,2,5998318.107997304,0.0,357
Peromyscus_californicus,39,-1.2433633803965556,-35.03956655890094,8.17752114452898e-269,1554.3669130665126,3679.96100038898,paused_in_rear,2,5998318.107997304,0.0,357
Peromyscus_californicus,40,-1.995651144977381,-75.95705583696726,0.0,2577.136234978231,10277.51768484329,groom_5,2,5998318.107997304,0.0,357
Peromyscus_californicus,41,1.047384064396067,55.81208133964848,0.0,5657.20111546405,2737.206722692553,jump_2,2,5998318.107997304,0.0,357
Peromyscus_californicus,42,1.390119711078056,182.8676389717018,0.0,33355.93519572871,12726.394769577662,groom_6,2,5998318.107997304,0.0,357
Peromyscus_californicus,43,-11.96055390352242,-49.40487956887286,0.0,0.6127342585165403,2442.0674399929353,syllable_43,2,5998318.107997304,0.0,357
Peromyscus_californicus,44,-0.7616667390017003,-31.56324999270627,1.6415334214629863e-218,3492.35468146484,5921.106588764798,groom_7,2,5998318.107997304,0.0,357
Peromyscus_californicus,45,-0.17160980584470317,-4.542416149304831,5.7549895015564785e-06,1456.5543558387824,1640.5383813751064,idle_enter_groom,2,5998318.107997304,0.0,357
Peromyscus_californicus,46,-1.1740622396926879,-41.05969465164034,0.0,2409.688625899684,5437.36989911504,syllable_46,2,5998318.107997304,0.0,357
Peromyscus_californicus,47,-3.6133363765172817,-63.34421014449472,0.0,388.8050439107906,4758.3296288181955,groom_10,2,5998318.107997304,0.0,357
Peromyscus_californicus,48,-2.3488273916016515,-54.77561276150674,0.0,911.8533819244266,4645.072669642721,groom_11,2,5998318.107997304,0.0,357
Peromyscus_californicus,49,-2.33754173693445,-19.60277918387541,1.8126372120127698e-85,118.15466306008068,597.2017132983094,syllable_49,2,5998318.107997304,0.0,357
Peromyscus_californicus,50,-35.57813219000658,-7.162134779201197,8.627412958553301e-13,0.0,51.29617459644337,syllable_50,2,5998318.107997304,0.0,357
Peromyscus_californicus,61,-40.887990113604324,-45.10822554778751,0.0,0.0,2034.7520120710697,syllable_61,2,5998318.107997304,0.0,357
Peromyscus_gossypinus,0,0.33376630779645955,31.63913314608878,1.4935733047958397e-219,18619.887928721862,14774.180223859683,head_low,2,5998318.107997304,0.0,357
Peromyscus_gossypinus,1,-0.35285680099266864,-27.422957648050666,1.9348548039507345e-165,12508.832916456888,15974.86780043974,head_down,2,5998318.107997304,0.0,357
Peromyscus_gossypinus,2,0.7361371379532512,78.93718032535111,0.0,23420.30702595515,14060.255888506148,sniff_floor,2,5998318.107997304,0.0,357
Peromyscus_gossypinus,3,0.5240447514364828,46.98770365269967,0.0,16550.488514861743,11509.53102565529,step_to_stop,2,5998318.107997304,0.0,357
Peromyscus_gossypinus,4,-1.161495391038892,-55.865071376835914,0.0,4563.124708262867,10207.215655828511,turn_left,2,5998318.107997304,0.0,357
Peromyscus_gossypinus,5,-1.4020806993385937,-51.154242327280855,0.0,2562.413684726145,6772.010017700472,enter_rear,2,5998318.107997304,0.0,357
Peromyscus_gossypinus,6,-1.0206705840374422,-47.23913780874479,0.0,4277.030184851005,8677.503085323184,turn_right,2,5998318.107997304,0.0,357
Peromyscus_gossypinus,7,0.36983012637852886,21.367217054676797,3.421079314247433e-101,6909.768141362471,5347.287236751742,extend_rear,2,5998318.107997304,0.0,357
Peromyscus_gossypinus,8,-0.24071755746257453,-9.607602631048081,8.150719247086245e-22,3307.9297931601377,3908.584350932957,extend_rear_2,2,5998318.107997304,0.0,357
Peromyscus_gossypinus,9,-0.04162828520198413,-2.9192941475085816,0.003577039363130014,10235.230240146097,10534.865105421608,still,2,5998318.107997304,0.0,357
Peromyscus_gossypinus,10,0.6353128875824446,34.6197125925182,1.8372239614236063e-262,6081.542030920581,3915.303898337068,motionless_rear,2,5998318.107997304,0.0,357
Peromyscus_gossypinus,11,-2.733002275182664,-114.13992037212363,0.0,2714.834650459155,18049.24527370182,start_moving,2,5998318.107997304,0.0,357
Peromyscus_gossypinus,12,-0.31566866345739875,-10.313501843826062,6.792310898984197e-25,2212.923763931767,2754.1791674104743,syllable_12,2,5998318.107997304,0.0,357
Peromyscus_gossypinus,13,-1.5315455464383227,-71.19610586239685,0.0,4098.1872653515065,11847.66999025303,take_a_step,2,5998318.107997304,0.0,357
Peromyscus_gossypinus,14,-2.2088827151234156,-143.41365328433292,0.0,7243.413813624984,33487.54044589612,curve_spine,2,5998318.107997304,0.0,357
Peromyscus_gossypinus,15,-0.5265718282481087,-17.63172150092318,1.700515180577947e-69,2307.848290838263,3324.460458183843,syllable_15,2,5998318.107997304,0.0,357
Peromyscus_gossypinus,16,-0.3780059996267173,-14.082524127648217,5.589674134514052e-45,2872.298352567548,3732.6794309675074,brief_walk,2,5998318.107997304,0.0,357
Peromyscus_gossypinus,17,1.1236482725332557,79.34631134835786,0.0,9869.55684717295,4529.453633074285,slow_locomotion,2,5998318.107997304,0.0,357
Peromyscus_gossypinus,18,-2.3195849326025586,-66.29747521069777,0.0,1376.9000077231026,6873.327609635509,leave_rear_turn_right_2,2,5998318.107997304,0.0,357
Peromyscus_gossypinus,19,-1.0863636281453435,-45.414836109305895,0.0,3470.315591955101,7368.804080352534,high_rear,2,5998318.107997304,0.0,357
Peromyscus_gossypinus,20,-0.368241303577016,-11.248357962288619,2.6744560903544726e-29,1931.5490902548072,2493.2017796493683,enter_wall_rear,2,5998318.107997304,0.0,357
Peromyscus_gossypinus,21,-2.147264567648427,-58.31505822047374,0.0,1280.5513292728938,5672.676726658026,leave_rear_turn_left_2,2,5998318.107997304,0.0,357
Peromyscus_gossypinus,22,0.6255296686626157,43.09571415468968,0.0,9725.86574292874,6304.128787027938,stopping,2,5998318.107997304,0.0,357
Peromyscus_gossypinus,23,-0.6088989523784643,-57.34169223407267,0.0,18187.05475676362,27736.983192298307,scrunch_idle,2,5998318.107997304,0.0,357
Peromyscus_gossypinus,24,0.017617474000130265,0.5837361673761964,0.5607457767176413,2285.017903947496,2257.2840827094424,end_and_enter_rear,2,5998318.107997304,0.0,357
Peromyscus_gossypinus,25,-1.1239123073458253,-26.12004907750718,2.8146031477348364e-150,1069.0003638671444,2329.7491933800575,syllable_25,2,5998318.107997304,0.0,357
Peromyscus_gossypinus,26,1.8091438305322518,443.5526312214809,0.0,109928.26998713272,31369.15598579001,still_2,2,5998318.107997304,0.0,357
Peromyscus_gossypinus,27,-0.9633153436673442,-32.39046811257573,5.272278277188792e-230,2267.6200352975493,4421.372434103634,stop_rear_start_walking,2,5998318.107997304,0.0,357
Peromyscus_gossypinus,28,-3.24589147987439,-98.4172237096987,0.0,1275.807666813095,12103.080051279881,mid_rear_2,2,5998318.107997304,0.0,357
Peromyscus_gossypinus,29,-2.381396069688077,-53.247298480235244,0.0,833.3331297553646,4342.004771678901,mid_rear_3,2,5998318.107997304,0.0,357
Peromyscus_gossypinus,30,-1.11294591075016,-26.381836746990043,2.896778492488942e-153,1113.2148602119528,2407.737283186062,syllable_30,2,5998318.107997304,0.0,357
Peromyscus_gossypinus,31,-0.6141963725542074,-45.793570684421034,0.0,11397.090925345165,17445.58529229157,groom_1,2,5998318.107997304,0.0,357
Peromyscus_gossypinus,32,-4.1107056851905,-91.11376934210409,0.0,541.3934927085586,9353.168234843748,slow_locomotion_2,2,5998318.107997304,0.0,357
Peromyscus_gossypinus,33,-0.2698750786556089,-7.5040740075577395,6.737059807907321e-14,1604.5441631380972,1934.604389312177,jump_1,2,5998318.107997304,0.0,357
Peromyscus_gossypinus,34,-1.4212731625094028,-45.777843821173164,0.0,1992.782936648562,5337.106263267589,very_slow_locomotion,2,5998318.107997304,0.0,357
Peromyscus_gossypinus,35,0.4097243440354708,59.91964796124664,0.0,44216.76682841125,33284.93137419249,groom_2,2,5998318.107997304,0.0,357
Peromyscus_gossypinus,36,0.3236299228704419,35.358936938335674,1.0742441255759232e-273,24741.71084862547,19770.03384520157,groom_3,2,5998318.107997304,0.0,357
Peromyscus_gossypinus,37,0.2928626076278978,30.536774057873018,1.1594422258793985e-204,22551.56539894751,18408.409381160775,groom_4,2,5998318.107997304,0.0,357
Peromyscus_gossypinus,38,1.9467957182902051,130.44654950407877,0.0,8047.188007543277,2087.3738636385942,brief_fast,2,5998318.107997304,0.0,357
Peromyscus_gossypinus,39,-1.033482992650075,-33.59122538252147,3.210085469717946e-247,2107.175942016334,4313.305111332205,paused_in_rear,2,5998318.107997304,0.0,357
Peromyscus_gossypinus,40,0.13691119614427524,10.926024452589944,9.73193412112091e-28,13245.537100990525,12046.34221861479,groom_5,2,5998318.107997304,0.0,357
Peromyscus_gossypinus,41,-0.6751936179524655,-21.169987984784477,2.283618429558951e-99,2009.1901019855368,3208.2969755697673,jump_2,2,5998318.107997304,0.0,357
Peromyscus_gossypinus,42,0.3215776239569231,30.49638896886094,3.9685087336798364e-204,18641.32874704027,14916.686237340144,groom_6,2,5998318.107997304,0.0,357
Peromyscus_gossypinus,43,-5.433610089789496,-52.26315857923464,0.0,66.22851166264303,2862.3623918911308,syllable_43,2,5998318.107997304,0.0,357
Peromyscus_gossypinus,44,0.036955568953846746,2.1615461701505514,0.03087583678034112,7120.239102295953,6940.165754844254,groom_7,2,5998318.107997304,0.0,357
Peromyscus_gossypinus,45,1.9754543542502967,128.59312896981567,0.0,7561.785868411635,1922.8852112764089,idle_enter_groom,2,5998318.107997304,0.0,357
Peromyscus_gossypinus,46,0.12244766706661667,7.071547358127128,1.6598345326404288e-12,6937.71193457276,6373.174980815758,syllable_46,2,5998318.107997304,0.0,357
Peromyscus_gossypinus,47,-1.5798042094489753,-49.69823871395759,0.0,1865.7482101994108,5577.26766865615,groom_10,2,5998318.107997304,0.0,357
Peromyscus_gossypinus,48,-1.1958362224739578,-41.576502773496735,0.0,2376.713886937716,5444.518484397436,groom_11,2,5998318.107997304,0.0,357
Peromyscus_gossypinus,49,-1.7922352437585625,-18.81836715289946,6.553553851863704e-79,202.10238621542868,699.9838319464984,syllable_49,2,5998318.107997304,0.0,357
Peromyscus_gossypinus,50,4.233101497769943,138.0657964366054,0.0,1130.6871806655276,60.12456437860106,syllable_50,2,5998318.107997304,0.0,357
Peromyscus_gossypinus,61,-41.11709340864014,-48.83590331600783,0.0,0.0,2384.945452691465,syllable_61,2,5998318.107997304,0.0,357
Peromyscus_leucopus,0,-1.841692913422908,-62.84725517958271,0.0,2119.7776812310385,7597.927146716067,head_low,2,5998318.107997304,0.0,357
Peromyscus_leucopus,1,-2.6747529260821947,-76.44393159928262,0.0,1286.6136173311786,8215.40551740018,head_down,2,5998318.107997304,0.0,357
Peromyscus_leucopus,2,-1.2788626746079212,-49.989750060872225,0.0,2979.9496882225894,7230.77682053257,sniff_floor,2,5998318.107997304,0.0,357
Peromyscus_leucopus,3,-2.7034008288593796,-65.12322305505411,0.0,908.7504117820606,5919.013908099709,step_to_stop,2,5998318.107997304,0.0,357
Peromyscus_leucopus,4,-1.7033162146143952,-50.20338084554674,0.0,1611.943258707363,5249.271346951537,turn_left,2,5998318.107997304,0.0,357
Peromyscus_leucopus,5,-3.406788134160715,-53.4496635372424,0.0,328.3703282601451,3482.6459385018698,enter_rear,2,5998318.107997304,0.0,357
Peromyscus_leucopus,6,-1.5705670691761713,-44.31175425739596,0.0,1502.4454444466896,4462.58508145268,turn_right,2,5998318.107997304,0.0,357
Peromyscus_leucopus,7,-3.770196399850414,-48.596549992854264,0.0,201.5501102373191,2749.952839467289,extend_rear,2,5998318.107997304,0.0,357
Peromyscus_leucopus,8,-3.6143451576893915,-41.172978427545175,0.0,164.12884534142844,2010.0701829278808,extend_rear_2,2,5998318.107997304,0.0,357
Peromyscus_leucopus,9,-2.2026214042661305,-57.61526536998393,0.0,1176.9705597772374,5417.771839699663,still,2,5998318.107997304,0.0,357
Peromyscus_leucopus,10,-4.102366945268308,-42.25990771304764,0.0,117.22539519867388,2013.5258488844179,motionless_rear,2,5998318.107997304,0.0,357
Peromyscus_leucopus,11,-5.373805433300866,-94.02062632584386,0.0,223.8587904535401,9282.196952039712,start_moving,2,5998318.107997304,0.0,357
Peromyscus_leucopus,12,-2.378717666986435,-30.3985364007489,7.807628834250101e-203,272.34446447842447,1416.393488228416,syllable_12,2,5998318.107997304,0.0,357
Peromyscus_leucopus,13,-4.568084324280157,-74.76643527703982,0.0,256.85869800538956,6092.908850462099,take_a_step,2,5998318.107997304,0.0,357
Peromyscus_leucopus,14,-2.7980903305329323,-112.36320956906793,0.0,2476.086792166872,17221.658919506277,curve_spine,2,5998318.107997304,0.0,357
Peromyscus_leucopus,15,-2.7819803215016154,-35.33649028104739,2.3682752792739456e-273,248.57267163463607,1709.6724136765918,syllable_15,2,5998318.107997304,0.0,357
Peromyscus_leucopus,16,-0.689094940314991,-16.638424271431102,4.339080528505534e-62,1190.6227568758832,1919.6074468304832,brief_walk,2,5998318.107997304,0.0,357
Peromyscus_leucopus,17,-1.1478859765808798,-26.482854401977864,2.0044896809462924e-154,1051.2098948744956,2329.3650271673896,slow_locomotion,2,5998318.107997304,0.0,357
Peromyscus_leucopus,18,-2.6841948830951505,-50.203460155590264,0.0,549.9656981920149,3534.7506015382605,leave_rear_turn_right_2,2,5998318.107997304,0.0,357
Peromyscus_leucopus,19,-5.704863216542729,-60.379188633428626,0.0,72.65304030909097,3789.5596041616536,high_rear,2,5998318.107997304,0.0,357
Peromyscus_leucopus,20,-2.8894595584893206,-30.97517332247953,1.5985930191992932e-210,173.03548012699449,1282.1804795129224,enter_wall_rear,2,5998318.107997304,0.0,357
Peromyscus_leucopus,21,-2.917808864256377,-46.86465525459578,0.0,386.0395293901185,2917.2911012966943,leave_rear_turn_left_2,2,5998318.107997304,0.0,357
Peromyscus_leucopus,22,-2.0828764829262485,-43.49878649012102,0.0,765.2591140360172,3242.0283576885054,stopping,2,5998318.107997304,0.0,357
Peromyscus_leucopus,23,-0.9872015259427437,-59.18453954068611,0.0,7195.710539806013,14264.316149631673,scrunch_idle,2,5998318.107997304,0.0,357
Peromyscus_leucopus,24,-2.760384992069327,-29.04291577443384,2.537371816703627e-185,171.32441968711802,1160.854934080912,end_and_enter_rear,2,5998318.107997304,0.0,357
Peromyscus_leucopus,25,-3.8128171990500355,-32.15081568654586,1.2091140480735706e-226,85.25670766915593,1198.121613058124,syllable_25,2,5998318.107997304,0.0,357
Peromyscus_leucopus,26,2.926441486732363,838.5799103351094,0.0,122642.56764587609,16132.235983496035,still_2,2,5998318.107997304,0.0,357
Peromyscus_leucopus,27,-0.768401578357106,-19.690349635487674,3.249317759008533e-86,1334.8636532740466,2273.782039599488,stop_rear_start_walking,2,5998318.107997304,0.0,357
Peromyscus_leucopus,28,-4.856373420077969,-76.17045668506641,0.0,214.8689040380125,6224.258746484508,mid_rear_2,2,5998318.107997304,0.0,357
Peromyscus_leucopus,29,-4.083517217422314,-44.46699005532841,0.0,131.71063956445568,2232.965580901197,mid_rear_3,2,5998318.107997304,0.0,357
Peromyscus_leucopus,30,-3.957752181121507,-32.923837109323394,1.4181296316434784e-237,79.68906079327252,1238.2285980602853,syllable_30,2,5998318.107997304,0.0,357
Peromyscus_leucopus,31,-0.4632422546809972,-26.014258565008607,4.440692713989453e-149,6507.69908469874,8971.752345933177,groom_1,2,5998318.107997304,0.0,357
Peromyscus_leucopus,32,-7.298942207427987,-68.91416711059898,0.0,30.54568982805322,4810.059831580719,slow_locomotion_2,2,5998318.107997304,0.0,357
Peromyscus_leucopus,33,-3.3203972982073626,-28.384629389537483,4.173580333110128e-177,99.59664681229216,994.9102410415168,jump_1,2,5998318.107997304,0.0,357
Peromyscus_leucopus,34,-6.006221338468145,-51.57497530967943,0.0,42.701663985733056,2744.7170636988094,very_slow_locomotion,2,5998318.107997304,0.0,357
Peromyscus_leucopus,35,1.4677155176844323,231.0308734408971,0.0,47344.092276557734,17117.463022154097,groom_2,2,5998318.107997304,0.0,357
Peromyscus_leucopus,36,-0.2698502054758146,-17.201415846537483,3.1064743899885637e-66,8432.690075442995,10167.147995214484,groom_3,2,5998318.107997304,0.0,357
Peromyscus_leucopus,37,-0.30700812991495824,-18.65044295379348,1.5277987746697558e-77,7652.253354588898,9466.904508116588,groom_4,2,5998318.107997304,0.0,357
Peromyscus_leucopus,38,1.3000452790850436,47.91286048809054,0.0,2643.2886947372804,1073.4750966603547,brief_fast,2,5998318.107997304,0.0,357
Peromyscus_leucopus,39,-5.375326753301012,-45.963174717519,0.0,53.440107521361845,2218.2061881534673,paused_in_rear,2,5998318.107997304,0.0,357
Peromyscus_leucopus,40,-0.12209522861492018,-6.387046119172406,1.813252289375079e-10,5692.363208541022,6195.080144861948,groom_5,2,5998318.107997304,0.0,357
Peromyscus_leucopus,41,-3.1957094141342193,-36.18604993107603,1.504526142338219e-286,180.07851609683675,1649.9329449116715,jump_2,2,5998318.107997304,0.0,357
Peromyscus_leucopus,42,-0.17414360224770573,-9.959038915046467,2.547756529731638e-23,6798.9467442200985,7671.213805737924,groom_6,2,5998318.107997304,0.0,357
Peromyscus_leucopus,43,-10.112584698724683,-38.3323743187259,0.0,1.3296122915808193,1472.0289445208346,syllable_43,2,5998318.107997304,0.0,357
Peromyscus_leucopus,44,-0.8052442022535785,-25.553792690712243,6.437395177143788e-144,2042.4851929456424,3569.123497375658,groom_7,2,5998318.107997304,0.0,357
Peromyscus_leucopus,45,-1.773462818543261,-22.24822788257659,1.4927415422048566e-109,289.2541424348482,988.8834118309618,idle_enter_groom,2,5998318.107997304,0.0,357
Peromyscus_leucopus,46,-1.681711371624265,-39.40429598784985,0.0,1021.649691356372,3277.5367880859276,syllable_46,2,5998318.107997304,0.0,357
Peromyscus_leucopus,47,-1.1255184736688957,-29.00918717105846,6.740106054025458e-185,1314.61444267046,2868.225023798576,groom_10,2,5998318.107997304,0.0,357
Peromyscus_leucopus,48,-1.0371856476526202,-27.130532177254192,5.675760087129699e-162,1364.3544699051652,2799.9560156031284,groom_11,2,5998318.107997304,0.0,357
Peromyscus_leucopus,49,-2.743809248869214,-16.140661854535793,1.5481876430683519e-58,53.74163253818482,359.981134548474,syllable_49,2,5998318.107997304,0.0,357
Peromyscus_leucopus,50,-34.8478351871688,-5.560602333712087,2.8313818846732035e-08,0.0,30.92029831468431,syllable_50,2,5998318.107997304,0.0,357
Peromyscus_leucopus,61,-40.157693110748475,-35.02152807576518,1.5337651660053325e-268,0.0,1226.5074287626087,syllable_61,2,5998318.107997304,0.0,357
Peromyscus_maniculatus,0,-0.2937571841142288,-41.2536993109599,0.0,40907.02704445981,50145.00070538336,head_low,2,5998318.107997304,0.0,357
Peromyscus_maniculatus,1,-1.0662811588726337,-121.65412263378089,0.0,25892.79360308534,54220.25080131205,head_down,2,5998318.107997304,0.0,357
Peromyscus_maniculatus,2,-0.07019609643356477,-10.374673401044365,3.5962423652899006e-25,45455.48995855163,47721.872263909616,sniff_floor,2,5998318.107997304,0.0,357
Peromyscus_maniculatus,3,-0.825592261260705,-86.12471936419836,0.0,22042.144361440503,39064.46467114638,step_to_stop,2,5998318.107997304,0.0,357
Peromyscus_maniculatus,4,-0.45898268403233267,-50.72052649231028,0.0,25203.681595869835,34644.27998752304,turn_left,2,5998318.107997304,0.0,357
Peromyscus_maniculatus,5,-0.8401294225480647,-66.92057871774135,0.0,12839.191742337902,22984.858853017235,enter_rear,2,5998318.107997304,0.0,357
Peromyscus_maniculatus,6,-0.40090917846930785,-41.637497120823895,0.0,22306.597850659386,29452.287148343774,turn_right,2,5998318.107997304,0.0,357
Peromyscus_maniculatus,7,-0.028362738973400806,-2.622650906807047,0.008874187207044708,17795.890610458257,18149.211543106063,extend_rear,2,5998318.107997304,0.0,357
Peromyscus_maniculatus,8,-0.27187097725547005,-19.78253496808124,5.25915835651163e-87,10987.589332454205,13266.114401261882,extend_rear_2,2,5998318.107997304,0.0,357
Peromyscus_maniculatus,9,-1.2188812326804033,-107.85595883516861,0.0,15361.492604029823,35756.353999888925,still,2,5998318.107997304,0.0,357
Peromyscus_maniculatus,10,0.02751436696292306,2.219615535944126,0.026701623137765976,13544.79311161424,13288.921196915753,motionless_rear,2,5998318.107997304,0.0,357
Peromyscus_maniculatus,11,-2.8155095142408024,-212.3501842806886,0.0,8702.228428200677,61260.88915036719,start_moving,2,5998318.107997304,0.0,357
Peromyscus_maniculatus,12,-0.15665254467238587,-9.948461161987062,2.8260718054236856e-23,8386.086223521546,9347.95123654382,syllable_12,2,5998318.107997304,0.0,357
Peromyscus_maniculatus,13,-2.20643095106284,-157.0809602045422,0.0,8712.75091397277,40212.14111487137,take_a_step,2,5998318.107997304,0.0,357
Peromyscus_maniculatus,14,-0.8450131327396224,-149.4499784207195,0.0,63275.15253039033,113659.9604064071,curve_spine,2,5998318.107997304,0.0,357
Peromyscus_maniculatus,15,-0.5076326255555064,-31.508625218363814,9.176667031687875e-218,7936.568590610248,11283.541252016552,syllable_15,2,5998318.107997304,0.0,357
Peromyscus_maniculatus,16,1.3923396603486722,182.90966332205943,0.0,33256.837221413705,12669.076040953898,brief_walk,2,5998318.107997304,0.0,357
Peromyscus_maniculatus,17,1.0381904705791147,130.6415997158985,0.0,31571.596259763304,15373.404966233364,slow_locomotion,2,5998318.107997304,0.0,357
Peromyscus_maniculatus,18,-1.0339936211549143,-78.14715517113925,0.0,11392.740323461105,23328.740587371958,leave_rear_turn_right_2,2,5998318.107997304,0.0,357
Peromyscus_maniculatus,19,-0.8769684510832724,-72.03425694686395,0.0,13618.442768048291,25010.435787859722,high_rear,2,5998318.107997304,0.0,357
Peromyscus_maniculatus,20,0.6494121090963536,52.298999805051885,0.0,13273.15609681458,8462.168668910372,enter_wall_rear,2,5998318.107997304,0.0,357
Peromyscus_maniculatus,21,-0.9241812964308613,-65.6350951291623,0.0,10146.260125849596,19253.615033089507,leave_rear_turn_left_2,2,5998318.107997304,0.0,357
Peromyscus_maniculatus,22,-0.9421831879374624,-70.147685888137,0.0,11135.86417209865,21396.824573848236,stopping,2,5998318.107997304,0.0,357
Peromyscus_maniculatus,23,0.18334867944805872,41.57994756402376,0.0,106899.80790472678,94142.0113108412,scrunch_idle,2,5998318.107997304,0.0,357
Peromyscus_maniculatus,24,0.48315206959287543,34.81879931857775,1.82505381613018e-265,10709.118737418574,7661.441122595489,end_and_enter_rear,2,5998318.107997304,0.0,357
Peromyscus_maniculatus,25,0.2618937615101126,17.70037275601526,5.051926726275358e-70,9481.374419437238,7907.394736984552,syllable_25,2,5998318.107997304,0.0,357
Peromyscus_maniculatus,26,0.7368439055243665,217.48569504838085,0.0,177434.96318574462,106469.95807553377,still_2,2,5998318.107997304,0.0,357
Peromyscus_maniculatus,27,0.1911724020737069,17.357346825549193,2.086741983109342e-67,17132.86433031385,15006.566893561872,stop_rear_start_walking,2,5998318.107997304,0.0,357
Peromyscus_maniculatus,28,-1.471294870519897,-129.58150132099337,0.0,14815.498421445644,41079.027635564395,mid_rear_2,2,5998318.107997304,0.0,357
Peromyscus_maniculatus,29,-0.3166530351581788,-23.923612375969405,2.2268105150439642e-126,11832.935135613054,14737.185349004461,mid_rear_3,2,5998318.107997304,0.0,357
Peromyscus_maniculatus,30,0.24948391054232766,17.065803946607108,3.1880486459894767e-65,9714.836313758253,8172.093878261979,syllable_30,2,5998318.107997304,0.0,357
Peromyscus_maniculatus,31,0.2567508991847927,47.39801609684895,0.0,70745.61328257438,59212.00862129775,groom_1,2,5998318.107997304,0.0,357
Peromyscus_maniculatus,32,-3.3259867015422437,-160.40560755691018,0.0,3165.6378720860503,31745.560202140347,slow_locomotion_2,2,5998318.107997304,0.0,357
Peromyscus_maniculatus,33,0.8937761174176874,69.52839353945667,0.0,12200.281146978608,6566.234944801105,jump_1,2,5998318.107997304,0.0,357
Peromyscus_maniculatus,34,-3.3983382466939056,-121.82592022529697,0.0,1718.0205385328782,18114.65633159458,very_slow_locomotion,2,5998318.107997304,0.0,357
Peromyscus_maniculatus,35,1.00615689811062,338.98845180949,0.0,226910.88090644917,112972.28556492334,groom_2,2,5998318.107997304,0.0,357
Peromyscus_maniculatus,36,0.8344344946686089,202.8687660990476,0.0,119652.41659217227,67101.41247038987,groom_3,2,5998318.107997304,0.0,357
Peromyscus_maniculatus,37,0.8885396024361595,212.79111023808147,0.0,115669.16111639809,62479.92696830254,groom_4,2,5998318.107997304,0.0,357
Peromyscus_maniculatus,38,-0.9443946490362013,-40.43172369267811,0.0,3681.572636813782,7084.749358581413,brief_fast,2,5998318.107997304,0.0,357
Peromyscus_maniculatus,39,-2.3959936021108548,-98.00693733580977,0.0,2781.432248480821,14639.775918056464,paused_in_rear,2,5998318.107997304,0.0,357
Peromyscus_maniculatus,40,0.8566346550533963,163.94888490880635,0.0,74037.57275724609,40886.45392819767,groom_5,2,5998318.107997304,0.0,357
Peromyscus_maniculatus,41,0.38236499051667133,31.668319063422363,5.94383555476165e-220,14193.913119177712,10889.27112471599,jump_2,2,5998318.107997304,0.0,357
Peromyscus_maniculatus,42,-0.06902700244093057,-10.512223897510635,8.463056736981975e-26,48263.343596995546,50628.67993754533,groom_6,2,5998318.107997304,0.0,357
Peromyscus_maniculatus,43,-5.7635365691927865,-96.75101243705231,0.0,178.83457130490004,9715.135593692265,syllable_43,2,5998318.107997304,0.0,357
Peromyscus_maniculatus,44,-0.039065177465171304,-4.100111634605288,4.262718865090442e-05,22926.31747600918,23555.595735194394,groom_7,2,5998318.107997304,0.0,357
Peromyscus_maniculatus,45,0.6198111997271565,43.356020802979415,0.0,10029.040182495028,6526.458917842867,idle_enter_groom,2,5998318.107997304,0.0,357
Peromyscus_maniculatus,46,0.057567324483309215,5.987356393259355,2.2691587980543567e-09,22511.766904822955,21631.174052718325,syllable_46,2,5998318.107997304,0.0,357
Peromyscus_maniculatus,47,-0.493020271363404,-39.82606251922482,0.0,13450.296160253962,18929.787436003768,groom_10,2,5998318.107997304,0.0,357
Peromyscus_maniculatus,48,-0.7711550845816346,-56.285508137913475,0.0,10827.867036328347,18479.22382858669,groom_11,2,5998318.107997304,0.0,357
Peromyscus_maniculatus,49,-0.07813789921315742,-2.5697180548778986,0.01030195296890443,2250.5590204667565,2375.8130207473682,syllable_49,2,5998318.107997304,0.0,357
Peromyscus_maniculatus,50,-10.124985692817328,-14.272465507453532,3.7438404428825745e-46,0.1827476455908558,204.06860329934278,syllable_50,2,5998318.107997304,0.0,357
Peromyscus_maniculatus,61,-13.798004816057574,-89.96443521807966,0.0,0.5683153273972901,8094.736194863558,syllable_61,2,5998318.107997304,0.0,357
Peromyscus_polionotus,0,-0.031394771198162495,-5.045034915618798,4.727579950372677e-07,53745.93808653949,54928.332540292184,head_low,2,5998318.107997304,0.0,357
Peromyscus_polionotus,1,-0.27375302519501954,-42.12083246235871,0.0,49127.2465431581,59392.32076055752,head_down,2,5998318.107997304,0.0,357
Peromyscus_polionotus,2,-0.03511412570449009,-5.49763574487352,4.043572424935383e-08,51017.10873180381,52274.06186627021,sniff_floor,2,5998318.107997304,0.0,357
Peromyscus_polionotus,3,-1.206705128911152,-117.23614017362927,0.0,18539.42289597216,42790.824125661355,step_to_stop,2,5998318.107997304,0.0,357
Peromyscus_polionotus,4,-0.03892063195703828,-5.185140539133283,2.2618248167279473e-07,36938.90657032734,37948.998005884205,turn_left,2,5998318.107997304,0.0,357
Peromyscus_polionotus,5,0.0275066882732432,3.054329039741769,0.0023112031142846546,25662.02672857547,25177.384638757623,enter_rear,2,5998318.107997304,0.0,357
Peromyscus_polionotus,6,-0.03315719380850144,-4.080994711098924,4.617535705159011e-05,31528.730892811513,32261.740947243103,turn_right,2,5998318.107997304,0.0,357
Peromyscus_polionotus,7,-0.7294338882662788,-55.95643096188598,0.0,11990.714322199845,19880.464910967996,extend_rear,2,5998318.107997304,0.0,357
Peromyscus_polionotus,8,0.18911796551241733,16.884589210512782,6.943816448209592e-64,16566.954979975526,14531.56911157134,extend_rear_2,2,5998318.107997304,0.0,357
Peromyscus_polionotus,9,-0.3070297683950199,-37.93792912818352,0.0,31658.973695947498,39167.15276311592,still,2,5998318.107997304,0.0,357
Peromyscus_polionotus,10,-1.133838723522554,-65.66989528748208,0.0,6633.443488071857,14556.55144756161,motionless_rear,2,5998318.107997304,0.0,357
Peromyscus_polionotus,11,-2.135097966238394,-200.07326594513881,0.0,15276.488518893464,67104.56563228443,start_moving,2,5998318.107997304,0.0,357
Peromyscus_polionotus,12,-0.15875366994493723,-10.544260457379911,6.038260605237746e-26,9172.666321254816,10239.652345566537,syllable_12,2,5998318.107997304,0.0,357
Peromyscus_polionotus,13,-1.0276792891660889,-106.93218206650471,0.0,21605.46807356892,44047.97743033403,take_a_step,2,5998318.107997304,0.0,357
Peromyscus_polionotus,14,0.34356190707852025,94.87582005410579,0.0,157978.76463649713,124501.98452284266,curve_spine,2,5998318.107997304,0.0,357
Peromyscus_polionotus,15,0.008362770490939062,0.6463117728488865,0.5205802547318827,12431.732005606684,12359.878301015406,syllable_15,2,5998318.107997304,0.0,357
Peromyscus_polionotus,16,0.9119868252784649,103.85937308257198,0.0,26112.53929147863,13877.57925948251,brief_walk,2,5998318.107997304,0.0,357
Peromyscus_polionotus,17,0.7801387638649694,93.08246042242813,0.0,28919.04917831425,16839.874132680794,slow_locomotion,2,5998318.107997304,0.0,357
Peromyscus_polionotus,18,0.2104823313173306,25.10943797449317,5.052121124875952e-139,29567.97366352875,25554.069253244845,leave_rear_turn_right_2,2,5998318.107997304,0.0,357
Peromyscus_polionotus,19,-0.9359717090237539,-79.00330807826262,0.0,14319.71825331418,27396.18136620546,high_rear,2,5998318.107997304,0.0,357
Peromyscus_polionotus,20,0.2802637488387246,20.643541160116357,1.4023410444067698e-94,11256.885435404123,9269.37497496236,enter_wall_rear,2,5998318.107997304,0.0,357
Peromyscus_polionotus,21,-0.05228720713838564,-5.169103107265982,2.4585820018392435e-07,20339.535936075128,21090.217454653917,leave_rear_turn_left_2,2,5998318.107997304,0.0,357
Peromyscus_polionotus,22,0.5300335615949132,67.9681764340113,0.0,33843.40883780176,23437.86776280685,stopping,2,5998318.107997304,0.0,357
Peromyscus_polionotus,23,-0.30674125076112196,-61.50668631899888,0.0,83370.79231070106,103122.21817834553,scrunch_idle,2,5998318.107997304,0.0,357
Peromyscus_polionotus,24,0.17620362777401608,11.900661828649879,1.334522028656256e-32,9482.477465659807,8392.266024529457,end_and_enter_rear,2,5998318.107997304,0.0,357
Peromyscus_polionotus,25,-0.3333477128523034,-19.200647319832232,4.498565445853773e-82,6874.712367392747,8661.681155262497,syllable_25,2,5998318.107997304,0.0,357
Peromyscus_polionotus,26,-1.774774458924919,-241.70405996446877,0.0,34082.819059679496,116626.1278384237,still_2,2,5998318.107997304,0.0,357
Peromyscus_polionotus,27,-2.286188327652065,-101.92558104552916,0.0,3370.069518761593,16438.043374665147,stop_rear_start_walking,2,5998318.107997304,0.0,357
Peromyscus_polionotus,28,-0.5508752936533682,-67.32763625403662,0.0,30715.595622162793,44997.55625999812,mid_rear_2,2,5998318.107997304,0.0,357
Peromyscus_polionotus,29,0.9716852268432234,122.11635315856707,0.0,31658.45516896088,16142.965523403325,mid_rear_3,2,5998318.107997304,0.0,357
Peromyscus_polionotus,30,0.22070998316321108,15.640192469381951,4.5287317145987625e-55,10431.396320274724,8951.629948775133,syllable_30,2,5998318.107997304,0.0,357
Peromyscus_polionotus,31,0.5628886163507792,121.5378554964342,0.0,95813.10732047772,64860.24238065519,groom_1,2,5998318.107997304,0.0,357
Peromyscus_polionotus,32,-1.3801496743482267,-114.8366260193145,0.0,13359.349704151582,34773.769327593815,slow_locomotion_2,2,5998318.107997304,0.0,357
Peromyscus_polionotus,33,0.09586927366574528,5.82716292728883,5.967701682213443e-09,7686.784728942742,7192.588124682224,jump_1,2,5998318.107997304,0.0,357
Peromyscus_polionotus,34,-2.335972168758009,-112.96396976648234,0.0,3930.0780991687825,19842.613477680465,very_slow_locomotion,2,5998318.107997304,0.0,357
Peromyscus_polionotus,35,-0.24204666514712248,-54.3341019158911,0.0,104635.09722090673,123748.71237524533,groom_2,2,5998318.107997304,0.0,357
Peromyscus_polionotus,36,0.47616059684750256,106.0151320452555,0.0,102244.2887264134,73502.21649715112,groom_3,2,5998318.107997304,0.0,357
Peromyscus_polionotus,37,0.3827210913036353,79.47682133045593,0.0,89231.83318831779,68439.88747296309,groom_4,2,5998318.107997304,0.0,357
Peromyscus_polionotus,38,1.3489068377462234,136.29829118729046,0.0,19767.63364518474,7760.563630643316,brief_fast,2,5998318.107997304,0.0,357
Peromyscus_polionotus,39,-1.661151311092378,-86.5942651289214,0.0,5070.453811188498,16036.264206414457,paused_in_rear,2,5998318.107997304,0.0,357
Peromyscus_polionotus,40,0.8127025219260285,160.09667230793562,0.0,78667.62813201045,44786.61294584994,groom_5,2,5998318.107997304,0.0,357
Peromyscus_polionotus,41,0.48771106707730033,43.92843406847662,0.0,16725.659266820785,11927.998744560564,jump_2,2,5998318.107997304,0.0,357
Peromyscus_polionotus,42,0.915298843725836,208.6395576730944,0.0,104591.8354915261,55458.14993650918,groom_6,2,5998318.107997304,0.0,357
Peromyscus_polionotus,43,-5.716482012647403,-101.19750568773445,0.0,202.38815182210337,10641.862420136902,syllable_43,2,5998318.107997304,0.0,357
Peromyscus_polionotus,44,0.1634000578733896,19.263507352213505,1.342510615164064e-82,28896.895311927234,25802.564114602585,groom_7,2,5998318.107997304,0.0,357
Peromyscus_polionotus,45,0.8865451270396766,71.76285141102508,0.0,13216.700781496913,7149.017862339819,idle_enter_groom,2,5998318.107997304,0.0,357
Peromyscus_polionotus,46,1.2286274573647138,206.79617311174115,0.0,55526.79203443714,23694.5718394834,syllable_46,2,5998318.107997304,0.0,357
Peromyscus_polionotus,47,1.153050335099747,176.23024498395972,0.0,46112.349226547805,20735.499941676804,groom_10,2,5998318.107997304,0.0,357
Peromyscus_polionotus,48,1.2123190696321045,187.38910777887418,0.0,46902.59845010706,20241.95706979283,groom_11,2,5998318.107997304,0.0,357
Peromyscus_polionotus,49,0.40572048354092505,16.566856596329096,1.425799587968459e-61,3447.585672167608,2602.4418351071567,syllable_49,2,5998318.107997304,0.0,357
Peromyscus_polionotus,50,-37.7017078999538,-14.951077160281676,1.7807835788524353e-50,0.0,223.53470825369635,syllable_50,2,5998318.107997304,0.0,357
Peromyscus_polionotus,61,-43.011565823572674,-94.16418170207086,0.0,0.0,8866.893115621619,syllable_61,2,5998318.107997304,0.0,357
